Loading weights:   0%|          | 0/290 [00:00<?, ?it/s]Loading weights: 100%|██████████| 290/290 [00:00<00:00, 7916.77it/s]
{"event": "coordinator_start", "t": 1791407016.0154724, "environment": {"hostname": "5070ti", "platform": "Linux-7.0.0-38-generic-x86_64-with-glibc2.43", "python": "3.12.14", "torch": "2.13.0+cu132", "torch_cuda": "13.2", "numpy": "2.5.3", "transformers": "5.17.0", "device": "cuda", "gpu_name": "NVIDIA GeForce RTX 5070 Ti", "gpu_capability": [12, 0], "gpu_total_memory_bytes": 16611278848, "nvidia_driver": "595.91.07"}, "code": {"git_commit": "c93bd4a04ec376d0f2d376bde39427d5ffde6f9d", "git_dirty": true}, "args": {"model_path": "/home/pc5070ti/.cache/huggingface/hub/models--Qwen--Qwen2.5-0.5B-Instruct/snapshots/7ae557604adf67be50417f59c2c2f167def9a775", "out_dir": "artifacts/experiments/2026-10-07-learning-runtime/runC/coordinator", "weights_dir": "/home/pc5070ti/.cache/heteroes/learn-scratch/lrtC/published", "experiment_id": "lrtC", "candidates": 24, "generations": 60, "alpha": 0.0005, "sigma": 0.001, "chunk_elements": null, "noise_engine": "cuda", "workload": "cot_l3_q64", "eval_dtype": "float32", "policy": "greedy", "speed_prior": [], "tail_margin": 1.0, "quota": [], "admit": null, "wave_size": 2, "lease_seconds": 60.0, "stall_seconds": null, "resume": false, "allow_unauthenticated": true, "noise_threads": null, "max_attempts": 3, "failed_grace_seconds": 60.0, "timeout_seconds": 1200.0, "linger_seconds": 10.0, "host": "10.10.10.1", "port": 8765, "token_env": "HETEROES_TOKEN", "device": null}, "recipe_hash": "29ce8461e50acb035b92251d5d956ef71fa54af2f2602dd812c67ee7b5d66fa9", "recipe": {"manifest_version": 1, "model": {"id": "Qwen/Qwen2.5-0.5B-Instruct", "revision": "7ae557604adf67be50417f59c2c2f167def9a775", "tokenizer_revision": "7ae557604adf67be50417f59c2c2f167def9a775", "dtype": "torch.float16", "schema_hash": "0b21250e331398a266785dc473da3a8b8f5e8f98fa15e9044637d742eb7845ec"}, "noise": {"engine_version": "torch_cuda_philox_chunked_f32_to_f16_v1", "chunk_elements": 22528, "fingerprint": "9492a49ab70efe98e2b710e9a9e927f54be658489eae4b549c0cbf7340b9ffaf"}, "perturbation": {"sigma": 0.001, "sigma_float32": 0.0010000000474974513}, "update": {"epsilon": "canonical_fp16_upcast_fp32", "accumulation_dtype": "float32", "reward_standardization": "population_std_float64_zero_below_eta", "candidate_order": "listed_order", "reward_eta": 1e-09}, "workload": {"hash": "9049518d5d51ccfffe2687cc2fa4b731f03590b7e2a2a78de71c5952aa4adc35", "generation_config_sha256": "b55cff86f578c8340c5d24f380d97989b021618b79a30df0a802c0362b7a0346", "eval_dtype": "float32", "name": "cot_l3_q64"}}, "noise_selftest_seconds": 0.00782577799691353, "engine_selftest_seconds": 0.015484316012589261}
{"event": "listening", "t": 1791407016.5513887, "url": "http://10.10.10.1:8765", "initial_weights_sha256": "c9118c8a4903c0a84700deeaf7b1929c354dfcf6d6805c08d9afb22cfd5d22c7"}
{"event": "generation_open", "t": 1791407017.25142, "generation": 0, "parent_sha256": "c9118c8a4903c0a84700deeaf7b1929c354dfcf6d6805c08d9afb22cfd5d22c7", "candidates": 24}
{"event": "generation_complete", "t": 1791407175.496347, "generation": 0}
{"event": "update_recorded", "t": 1791407175.5033937, "generation": 0, "record_hash": "fb1de1835eed0bf2e0f0fa554bb1d01dc62cbaac3c98c85d37afded39ae86a60"}
{"event": "update_applied", "t": 1791407178.3193731, "generation": 0, "child_sha256": "c413b1ca14a75b0e49f05e00f6bd25aa50dd5125324a3d74b27a3976a8a7465d", "noop": false, "changed": 474625442, "applied_l2": 2.270106017894917}
{"event": "weights_published", "t": 1791407178.3211145, "generation": 0, "child_sha256": "c413b1ca14a75b0e49f05e00f6bd25aa50dd5125324a3d74b27a3976a8a7465d"}
{"event": "generation_done", "t": 1791407178.32117, "generation": 0, "parent_sha256": "c9118c8a4903c0a84700deeaf7b1929c354dfcf6d6805c08d9afb22cfd5d22c7", "child_sha256": "c413b1ca14a75b0e49f05e00f6bd25aa50dd5125324a3d74b27a3976a8a7465d", "record_hash": "fb1de1835eed0bf2e0f0fa554bb1d01dc62cbaac3c98c85d37afded39ae86a60", "mean_reward": 0.6575520833333334, "max_reward": 0.84375, "noop": false, "changed": 474625442, "applied_l2": 2.270106017894917, "requested_l2": 2.2685569085180797, "wait_seconds": 158.94472578901332, "record_seconds": 0.007128459998057224, "update_seconds": 2.8160112769983243, "publish_seconds": 0.0017434250039514154, "total_seconds": 161.76960895101365}
{"event": "generation_open", "t": 1791407178.3236482, "generation": 1, "parent_sha256": "c413b1ca14a75b0e49f05e00f6bd25aa50dd5125324a3d74b27a3976a8a7465d", "candidates": 24}
{"event": "generation_complete", "t": 1791407346.6013575, "generation": 1}
{"event": "update_recorded", "t": 1791407346.6037421, "generation": 1, "record_hash": "71a4cdaca9b93c03b066b6bab089489b763b8b38749af082e825ff6642ecdeac"}
{"event": "update_applied", "t": 1791407349.238408, "generation": 1, "child_sha256": "3763452043924075e47093f716e0f1215d8e63d6d3d2960b66ca4e53ac60fd8d", "noop": false, "changed": 474612766, "applied_l2": 2.2700357390724943}
{"event": "weights_published", "t": 1791407349.2402382, "generation": 1, "child_sha256": "3763452043924075e47093f716e0f1215d8e63d6d3d2960b66ca4e53ac60fd8d"}
{"event": "generation_done", "t": 1791407349.2402928, "generation": 1, "parent_sha256": "c413b1ca14a75b0e49f05e00f6bd25aa50dd5125324a3d74b27a3976a8a7465d", "child_sha256": "3763452043924075e47093f716e0f1215d8e63d6d3d2960b66ca4e53ac60fd8d", "record_hash": "71a4cdaca9b93c03b066b6bab089489b763b8b38749af082e825ff6642ecdeac", "mean_reward": 0.6647135416666666, "max_reward": 0.84375, "noop": false, "changed": 474612766, "applied_l2": 2.2700357390724943, "requested_l2": 2.268489349822064, "wait_seconds": 168.27998184299213, "record_seconds": 0.0024917460104916245, "update_seconds": 2.634720000991365, "publish_seconds": 0.0018317900103284046, "total_seconds": 170.9190253800043}
{"event": "generation_open", "t": 1791407349.2427423, "generation": 2, "parent_sha256": "3763452043924075e47093f716e0f1215d8e63d6d3d2960b66ca4e53ac60fd8d", "candidates": 24}
{"event": "generation_complete", "t": 1791407509.626233, "generation": 2}
{"event": "update_recorded", "t": 1791407509.633264, "generation": 2, "record_hash": "9845f971c78bd7b3759f456d8e13f0038a42dff62d237d65e11bf1875aca3eda"}
{"event": "update_applied", "t": 1791407512.268126, "generation": 2, "child_sha256": "a309074feb3dedc8679e6ad20866c42e24d602383e86f08a7ff02f444fdb23c3", "noop": false, "changed": 474616263, "applied_l2": 2.269989453207704}
{"event": "weights_pruned", "t": 1791407512.2732313, "removed": ["c9118c8a4903c0a84700deeaf7b1929c354dfcf6d6805c08d9afb22cfd5d22c7"], "kept": ["c413b1ca14a75b0e49f05e00f6bd25aa50dd5125324a3d74b27a3976a8a7465d", "3763452043924075e47093f716e0f1215d8e63d6d3d2960b66ca4e53ac60fd8d", "a309074feb3dedc8679e6ad20866c42e24d602383e86f08a7ff02f444fdb23c3"]}
{"event": "weights_published", "t": 1791407512.2732553, "generation": 2, "child_sha256": "a309074feb3dedc8679e6ad20866c42e24d602383e86f08a7ff02f444fdb23c3"}
{"event": "generation_done", "t": 1791407512.2732964, "generation": 2, "parent_sha256": "3763452043924075e47093f716e0f1215d8e63d6d3d2960b66ca4e53ac60fd8d", "child_sha256": "a309074feb3dedc8679e6ad20866c42e24d602383e86f08a7ff02f444fdb23c3", "record_hash": "9845f971c78bd7b3759f456d8e13f0038a42dff62d237d65e11bf1875aca3eda", "mean_reward": 0.662109375, "max_reward": 0.796875, "noop": false, "changed": 474616263, "applied_l2": 2.269989453207704, "requested_l2": 2.2684457460618814, "wait_seconds": 160.3857886869955, "record_seconds": 0.0071126700058812276, "update_seconds": 2.634893091992126, "publish_seconds": 0.005131340003572404, "total_seconds": 163.0329257889971}
{"event": "generation_open", "t": 1791407512.2792706, "generation": 3, "parent_sha256": "a309074feb3dedc8679e6ad20866c42e24d602383e86f08a7ff02f444fdb23c3", "candidates": 24}
{"event": "generation_complete", "t": 1791407672.0326648, "generation": 3}
{"event": "update_recorded", "t": 1791407672.0405142, "generation": 3, "record_hash": "03e51eec030535b50bcab7a103bb8f57f30261179a4d3c330dedd46637bac87b"}
{"event": "update_applied", "t": 1791407674.8290548, "generation": 3, "child_sha256": "465f34f52214571e3f0825a9af7389de18d9a20a12b012266f3916002c207a7d", "noop": false, "changed": 474618636, "applied_l2": 2.2702166641556394}
{"event": "weights_pruned", "t": 1791407674.8511848, "removed": ["c413b1ca14a75b0e49f05e00f6bd25aa50dd5125324a3d74b27a3976a8a7465d"], "kept": ["3763452043924075e47093f716e0f1215d8e63d6d3d2960b66ca4e53ac60fd8d", "a309074feb3dedc8679e6ad20866c42e24d602383e86f08a7ff02f444fdb23c3", "465f34f52214571e3f0825a9af7389de18d9a20a12b012266f3916002c207a7d"]}
{"event": "weights_published", "t": 1791407674.851218, "generation": 3, "child_sha256": "465f34f52214571e3f0825a9af7389de18d9a20a12b012266f3916002c207a7d"}
{"event": "generation_done", "t": 1791407674.8512702, "generation": 3, "parent_sha256": "a309074feb3dedc8679e6ad20866c42e24d602383e86f08a7ff02f444fdb23c3", "child_sha256": "465f34f52214571e3f0825a9af7389de18d9a20a12b012266f3916002c207a7d", "record_hash": "03e51eec030535b50bcab7a103bb8f57f30261179a4d3c330dedd46637bac87b", "mean_reward": 0.6809895833333334, "max_reward": 0.875, "noop": false, "changed": 474618636, "applied_l2": 2.2702166641556394, "requested_l2": 2.268661996396849, "wait_seconds": 159.75921189799556, "record_seconds": 0.007934495995868929, "update_seconds": 2.7885718010074925, "publish_seconds": 0.022165225993376225, "total_seconds": 162.5778834209923}
{"event": "generation_open", "t": 1791407674.8597896, "generation": 4, "parent_sha256": "465f34f52214571e3f0825a9af7389de18d9a20a12b012266f3916002c207a7d", "candidates": 24}
{"event": "generation_complete", "t": 1791407836.6955073, "generation": 4}
{"event": "update_recorded", "t": 1791407836.7007465, "generation": 4, "record_hash": "32a4f2e31902f147843fc0a1682281b991208b46f6555f6077b21f76cb99e8cb"}
{"event": "update_applied", "t": 1791407839.3791099, "generation": 4, "child_sha256": "0ff16d241a94886458466fa59021d4c67e2a00475e23e1add0d2d08005bb80e1", "noop": false, "changed": 474606929, "applied_l2": 2.2699644721238137}
{"event": "weights_pruned", "t": 1791407839.3841362, "removed": ["3763452043924075e47093f716e0f1215d8e63d6d3d2960b66ca4e53ac60fd8d"], "kept": ["a309074feb3dedc8679e6ad20866c42e24d602383e86f08a7ff02f444fdb23c3", "465f34f52214571e3f0825a9af7389de18d9a20a12b012266f3916002c207a7d", "0ff16d241a94886458466fa59021d4c67e2a00475e23e1add0d2d08005bb80e1"]}
{"event": "weights_published", "t": 1791407839.3841646, "generation": 4, "child_sha256": "0ff16d241a94886458466fa59021d4c67e2a00475e23e1add0d2d08005bb80e1"}
{"event": "generation_done", "t": 1791407839.3842063, "generation": 4, "parent_sha256": "465f34f52214571e3f0825a9af7389de18d9a20a12b012266f3916002c207a7d", "child_sha256": "0ff16d241a94886458466fa59021d4c67e2a00475e23e1add0d2d08005bb80e1", "record_hash": "32a4f2e31902f147843fc0a1682281b991208b46f6555f6077b21f76cb99e8cb", "mean_reward": 0.70703125, "max_reward": 0.875, "noop": false, "changed": 474606929, "applied_l2": 2.2699644721238137, "requested_l2": 2.2684048497007394, "wait_seconds": 161.8440831409971, "record_seconds": 0.005320647003827617, "update_seconds": 2.678393841997604, "publish_seconds": 0.005057078989921138, "total_seconds": 164.53285470898845}
{"event": "generation_open", "t": 1791407839.3882048, "generation": 5, "parent_sha256": "0ff16d241a94886458466fa59021d4c67e2a00475e23e1add0d2d08005bb80e1", "candidates": 24}
{"event": "generation_complete", "t": 1791408004.8965383, "generation": 5}
{"event": "update_recorded", "t": 1791408004.9010262, "generation": 5, "record_hash": "63e3851e6bfe476c71414a157ef9952fc7d3561b03e0216405f60170d9ed7ca0"}
{"event": "update_applied", "t": 1791408007.5222154, "generation": 5, "child_sha256": "829428422abd90ea349198bfa4dc3d7a1908d4a17726e2472d8e61709119630a", "noop": false, "changed": 474608384, "applied_l2": 2.2700485328413107}
{"event": "weights_pruned", "t": 1791408007.5244572, "removed": ["a309074feb3dedc8679e6ad20866c42e24d602383e86f08a7ff02f444fdb23c3"], "kept": ["465f34f52214571e3f0825a9af7389de18d9a20a12b012266f3916002c207a7d", "0ff16d241a94886458466fa59021d4c67e2a00475e23e1add0d2d08005bb80e1", "829428422abd90ea349198bfa4dc3d7a1908d4a17726e2472d8e61709119630a"]}
{"event": "weights_published", "t": 1791408007.5244813, "generation": 5, "child_sha256": "829428422abd90ea349198bfa4dc3d7a1908d4a17726e2472d8e61709119630a"}
{"event": "generation_done", "t": 1791408007.5245264, "generation": 5, "parent_sha256": "0ff16d241a94886458466fa59021d4c67e2a00475e23e1add0d2d08005bb80e1", "child_sha256": "829428422abd90ea349198bfa4dc3d7a1908d4a17726e2472d8e61709119630a", "record_hash": "63e3851e6bfe476c71414a157ef9952fc7d3561b03e0216405f60170d9ed7ca0", "mean_reward": 0.6953125, "max_reward": 0.859375, "noop": false, "changed": 474608384, "applied_l2": 2.2700485328413107, "requested_l2": 2.2684987987546217, "wait_seconds": 165.51217826700304, "record_seconds": 0.004571740006213076, "update_seconds": 2.6212202239985345, "publish_seconds": 0.0022675329964840785, "total_seconds": 168.14023776400427}
{"event": "generation_open", "t": 1791408007.5287547, "generation": 6, "parent_sha256": "829428422abd90ea349198bfa4dc3d7a1908d4a17726e2472d8e61709119630a", "candidates": 24}
{"event": "generation_complete", "t": 1791408168.5204477, "generation": 6}
{"event": "update_recorded", "t": 1791408168.5285032, "generation": 6, "record_hash": "6bab41633da8128cefbf902c465f9bb8e712a9fca844cdda370d961c563c335f"}
{"event": "update_applied", "t": 1791408171.3306842, "generation": 6, "child_sha256": "2255d10129d2634a2e9ff93f1bb825701783a4149ceebf964bd1a4dea1dc2d46", "noop": false, "changed": 474609752, "applied_l2": 2.270049783205889}
{"event": "weights_pruned", "t": 1791408171.3361194, "removed": ["465f34f52214571e3f0825a9af7389de18d9a20a12b012266f3916002c207a7d"], "kept": ["0ff16d241a94886458466fa59021d4c67e2a00475e23e1add0d2d08005bb80e1", "829428422abd90ea349198bfa4dc3d7a1908d4a17726e2472d8e61709119630a", "2255d10129d2634a2e9ff93f1bb825701783a4149ceebf964bd1a4dea1dc2d46"]}
{"event": "weights_published", "t": 1791408171.336143, "generation": 6, "child_sha256": "2255d10129d2634a2e9ff93f1bb825701783a4149ceebf964bd1a4dea1dc2d46"}
{"event": "generation_done", "t": 1791408171.3361843, "generation": 6, "parent_sha256": "829428422abd90ea349198bfa4dc3d7a1908d4a17726e2472d8e61709119630a", "child_sha256": "2255d10129d2634a2e9ff93f1bb825701783a4149ceebf964bd1a4dea1dc2d46", "record_hash": "6bab41633da8128cefbf902c465f9bb8e712a9fca844cdda370d961c563c335f", "mean_reward": 0.6725260416666666, "max_reward": 0.828125, "noop": false, "changed": 474609752, "applied_l2": 2.270049783205889, "requested_l2": 2.2684994311629594, "wait_seconds": 160.9957651529985, "record_seconds": 0.008139771991409361, "update_seconds": 2.802214121009456, "publish_seconds": 0.0054610739898635074, "total_seconds": 163.81158011998923}
{"event": "generation_open", "t": 1791408171.3441916, "generation": 7, "parent_sha256": "2255d10129d2634a2e9ff93f1bb825701783a4149ceebf964bd1a4dea1dc2d46", "candidates": 24}
{"event": "generation_complete", "t": 1791408332.7106724, "generation": 7}
{"event": "update_recorded", "t": 1791408332.7191048, "generation": 7, "record_hash": "d02491634d81cbd1b5b7ee282787b3c3e226ddafcef56299c05f5595e1caf0be"}
{"event": "update_applied", "t": 1791408335.317122, "generation": 7, "child_sha256": "f671f8caefc1fbad851cc11c90b045dcba7a43e52e1c53fc2499c37bfedf1e9c", "noop": false, "changed": 474611798, "applied_l2": 2.270171384548553}
{"event": "weights_pruned", "t": 1791408335.3223805, "removed": ["0ff16d241a94886458466fa59021d4c67e2a00475e23e1add0d2d08005bb80e1"], "kept": ["829428422abd90ea349198bfa4dc3d7a1908d4a17726e2472d8e61709119630a", "2255d10129d2634a2e9ff93f1bb825701783a4149ceebf964bd1a4dea1dc2d46", "f671f8caefc1fbad851cc11c90b045dcba7a43e52e1c53fc2499c37bfedf1e9c"]}
{"event": "weights_published", "t": 1791408335.3224049, "generation": 7, "child_sha256": "f671f8caefc1fbad851cc11c90b045dcba7a43e52e1c53fc2499c37bfedf1e9c"}
{"event": "generation_done", "t": 1791408335.3224459, "generation": 7, "parent_sha256": "2255d10129d2634a2e9ff93f1bb825701783a4149ceebf964bd1a4dea1dc2d46", "child_sha256": "f671f8caefc1fbad851cc11c90b045dcba7a43e52e1c53fc2499c37bfedf1e9c", "record_hash": "d02491634d81cbd1b5b7ee282787b3c3e226ddafcef56299c05f5595e1caf0be", "mean_reward": 0.7154947916666666, "max_reward": 0.8125, "noop": false, "changed": 474611798, "applied_l2": 2.270171384548553, "requested_l2": 2.268618055399716, "wait_seconds": 161.37433293901267, "record_seconds": 0.00851430298644118, "update_seconds": 2.598048545012716, "publish_seconds": 0.005285032995743677, "total_seconds": 163.98618082000758}
{"event": "generation_open", "t": 1791408335.3289862, "generation": 8, "parent_sha256": "f671f8caefc1fbad851cc11c90b045dcba7a43e52e1c53fc2499c37bfedf1e9c", "candidates": 24}
{"event": "generation_complete", "t": 1791408504.6182334, "generation": 8}
{"event": "update_recorded", "t": 1791408504.6234653, "generation": 8, "record_hash": "496e0f26daf5371c9f942e85170fe2a99e0638e78c724af928949d9364ec7212"}
{"event": "update_applied", "t": 1791408507.355891, "generation": 8, "child_sha256": "036fb1213c85dc30ac8e406a61fa961f5f4de38fffc06c497b23073a6e5f6a73", "noop": false, "changed": 474609041, "applied_l2": 2.2700138914083747}
{"event": "weights_pruned", "t": 1791408507.3677223, "removed": ["829428422abd90ea349198bfa4dc3d7a1908d4a17726e2472d8e61709119630a"], "kept": ["2255d10129d2634a2e9ff93f1bb825701783a4149ceebf964bd1a4dea1dc2d46", "f671f8caefc1fbad851cc11c90b045dcba7a43e52e1c53fc2499c37bfedf1e9c", "036fb1213c85dc30ac8e406a61fa961f5f4de38fffc06c497b23073a6e5f6a73"]}
{"event": "weights_published", "t": 1791408507.3677492, "generation": 8, "child_sha256": "036fb1213c85dc30ac8e406a61fa961f5f4de38fffc06c497b23073a6e5f6a73"}
{"event": "generation_done", "t": 1791408507.3677979, "generation": 8, "parent_sha256": "f671f8caefc1fbad851cc11c90b045dcba7a43e52e1c53fc2499c37bfedf1e9c", "child_sha256": "036fb1213c85dc30ac8e406a61fa961f5f4de38fffc06c497b23073a6e5f6a73", "record_hash": "496e0f26daf5371c9f942e85170fe2a99e0638e78c724af928949d9364ec7212", "mean_reward": 0.66796875, "max_reward": 0.8125, "noop": false, "changed": 474609041, "applied_l2": 2.2700138914083747, "requested_l2": 2.268468301215131, "wait_seconds": 169.29562751699996, "record_seconds": 0.005313198009389453, "update_seconds": 2.732462082989514, "publish_seconds": 0.011860361002618447, "total_seconds": 172.04526315900148}
{"event": "generation_open", "t": 1791408507.3777475, "generation": 9, "parent_sha256": "036fb1213c85dc30ac8e406a61fa961f5f4de38fffc06c497b23073a6e5f6a73", "candidates": 24}
{"event": "generation_complete", "t": 1791408679.4654136, "generation": 9}
{"event": "update_recorded", "t": 1791408679.4702148, "generation": 9, "record_hash": "0c31de0786f48990680874ed7784f6bd88ac4bf96c278c29dbd5debbf1d921ed"}
{"event": "update_applied", "t": 1791408682.0598147, "generation": 9, "child_sha256": "f625f271f1ae2f53be75cd22225bd0ab2b22dc5aae64d015622589d82962105e", "noop": false, "changed": 474606087, "applied_l2": 2.270071072990452}
{"event": "weights_pruned", "t": 1791408682.074882, "removed": ["2255d10129d2634a2e9ff93f1bb825701783a4149ceebf964bd1a4dea1dc2d46"], "kept": ["f671f8caefc1fbad851cc11c90b045dcba7a43e52e1c53fc2499c37bfedf1e9c", "036fb1213c85dc30ac8e406a61fa961f5f4de38fffc06c497b23073a6e5f6a73", "f625f271f1ae2f53be75cd22225bd0ab2b22dc5aae64d015622589d82962105e"]}
{"event": "weights_published", "t": 1791408682.0749233, "generation": 9, "child_sha256": "f625f271f1ae2f53be75cd22225bd0ab2b22dc5aae64d015622589d82962105e"}
{"event": "generation_done", "t": 1791408682.0749698, "generation": 9, "parent_sha256": "036fb1213c85dc30ac8e406a61fa961f5f4de38fffc06c497b23073a6e5f6a73", "child_sha256": "f625f271f1ae2f53be75cd22225bd0ab2b22dc5aae64d015622589d82962105e", "record_hash": "0c31de0786f48990680874ed7784f6bd88ac4bf96c278c29dbd5debbf1d921ed", "mean_reward": 0.7063802083333334, "max_reward": 0.828125, "noop": false, "changed": 474606087, "applied_l2": 2.270071072990452, "requested_l2": 2.2685193187475745, "wait_seconds": 172.0974596060114, "record_seconds": 0.004878163992543705, "update_seconds": 2.589638247998664, "publish_seconds": 0.015110866006580181, "total_seconds": 174.7070868840092}
{"event": "generation_open", "t": 1791408682.080827, "generation": 10, "parent_sha256": "f625f271f1ae2f53be75cd22225bd0ab2b22dc5aae64d015622589d82962105e", "candidates": 24}
{"event": "generation_complete", "t": 1791408853.3736813, "generation": 10}
{"event": "update_recorded", "t": 1791408853.378642, "generation": 10, "record_hash": "03ccd64e8db0d2ad6bbf4143b07cfc132917d191247d211dd1837a61dc8b2930"}
{"event": "update_applied", "t": 1791408856.0089414, "generation": 10, "child_sha256": "9c03f9ff4d3ba9b02db3f436207bc8401fede5770a4f89f9aa829ec925e7de68", "noop": false, "changed": 474604598, "applied_l2": 2.270063222887277}
{"event": "weights_pruned", "t": 1791408856.0239182, "removed": ["f671f8caefc1fbad851cc11c90b045dcba7a43e52e1c53fc2499c37bfedf1e9c"], "kept": ["036fb1213c85dc30ac8e406a61fa961f5f4de38fffc06c497b23073a6e5f6a73", "f625f271f1ae2f53be75cd22225bd0ab2b22dc5aae64d015622589d82962105e", "9c03f9ff4d3ba9b02db3f436207bc8401fede5770a4f89f9aa829ec925e7de68"]}
{"event": "weights_published", "t": 1791408856.023946, "generation": 10, "child_sha256": "9c03f9ff4d3ba9b02db3f436207bc8401fede5770a4f89f9aa829ec925e7de68"}
{"event": "generation_done", "t": 1791408856.023991, "generation": 10, "parent_sha256": "f625f271f1ae2f53be75cd22225bd0ab2b22dc5aae64d015622589d82962105e", "child_sha256": "9c03f9ff4d3ba9b02db3f436207bc8401fede5770a4f89f9aa829ec925e7de68", "record_hash": "03ccd64e8db0d2ad6bbf4143b07cfc132917d191247d211dd1837a61dc8b2930", "mean_reward": 0.6966145833333334, "max_reward": 0.890625, "noop": false, "changed": 474604598, "applied_l2": 2.270063222887277, "requested_l2": 2.268518574977698, "wait_seconds": 171.29854367199005, "record_seconds": 0.005052828011685051, "update_seconds": 2.6303311480005505, "publish_seconds": 0.015006463989266194, "total_seconds": 173.94893411199155}
{"event": "generation_open", "t": 1791408856.0340948, "generation": 11, "parent_sha256": "9c03f9ff4d3ba9b02db3f436207bc8401fede5770a4f89f9aa829ec925e7de68", "candidates": 24}
{"event": "generation_complete", "t": 1791409018.2336197, "generation": 11}
{"event": "update_recorded", "t": 1791409018.2400556, "generation": 11, "record_hash": "428962195007434ec8717f6c7b8b8f1687232516e4b0d79a4d1ea4191f29570d"}
{"event": "update_applied", "t": 1791409020.8519588, "generation": 11, "child_sha256": "0007b51b3288ada1b8e7d3276f134c3a9471708769e90692913d1236ae18a85f", "noop": false, "changed": 474617325, "applied_l2": 2.2700427307597177}
{"event": "weights_pruned", "t": 1791409020.8712637, "removed": ["036fb1213c85dc30ac8e406a61fa961f5f4de38fffc06c497b23073a6e5f6a73"], "kept": ["f625f271f1ae2f53be75cd22225bd0ab2b22dc5aae64d015622589d82962105e", "9c03f9ff4d3ba9b02db3f436207bc8401fede5770a4f89f9aa829ec925e7de68", "0007b51b3288ada1b8e7d3276f134c3a9471708769e90692913d1236ae18a85f"]}
{"event": "weights_published", "t": 1791409020.8712916, "generation": 11, "child_sha256": "0007b51b3288ada1b8e7d3276f134c3a9471708769e90692913d1236ae18a85f"}
{"event": "generation_done", "t": 1791409020.8713353, "generation": 11, "parent_sha256": "9c03f9ff4d3ba9b02db3f436207bc8401fede5770a4f89f9aa829ec925e7de68", "child_sha256": "0007b51b3288ada1b8e7d3276f134c3a9471708769e90692913d1236ae18a85f", "record_hash": "428962195007434ec8717f6c7b8b8f1687232516e4b0d79a4d1ea4191f29570d", "mean_reward": 0.7083333333333334, "max_reward": 0.84375, "noop": false, "changed": 474617325, "applied_l2": 2.2700427307597177, "requested_l2": 2.268493253011366, "wait_seconds": 162.20946797799843, "record_seconds": 0.006526457000290975, "update_seconds": 2.6119337620039005, "publish_seconds": 0.01933516500866972, "total_seconds": 164.8472633620113}
{"event": "generation_open", "t": 1791409020.8785324, "generation": 12, "parent_sha256": "0007b51b3288ada1b8e7d3276f134c3a9471708769e90692913d1236ae18a85f", "candidates": 24}
{"event": "generation_complete", "t": 1791409182.1017642, "generation": 12}
{"event": "update_recorded", "t": 1791409182.109975, "generation": 12, "record_hash": "adda58ca83f78d2ce65680750ea157827d0a0716c7edaeca0f7718095e3d78f0"}
{"event": "update_applied", "t": 1791409184.7562811, "generation": 12, "child_sha256": "22d31b31fcf542fee9c874ad9d424d9e66a96b478691050c956e3eaa37880075", "noop": false, "changed": 474610019, "applied_l2": 2.2700570000128235}
{"event": "weights_pruned", "t": 1791409184.758065, "removed": ["f625f271f1ae2f53be75cd22225bd0ab2b22dc5aae64d015622589d82962105e"], "kept": ["9c03f9ff4d3ba9b02db3f436207bc8401fede5770a4f89f9aa829ec925e7de68", "0007b51b3288ada1b8e7d3276f134c3a9471708769e90692913d1236ae18a85f", "22d31b31fcf542fee9c874ad9d424d9e66a96b478691050c956e3eaa37880075"]}
{"event": "weights_published", "t": 1791409184.758094, "generation": 12, "child_sha256": "22d31b31fcf542fee9c874ad9d424d9e66a96b478691050c956e3eaa37880075"}
{"event": "generation_done", "t": 1791409184.7581353, "generation": 12, "parent_sha256": "0007b51b3288ada1b8e7d3276f134c3a9471708769e90692913d1236ae18a85f", "child_sha256": "22d31b31fcf542fee9c874ad9d424d9e66a96b478691050c956e3eaa37880075", "record_hash": "adda58ca83f78d2ce65680750ea157827d0a0716c7edaeca0f7718095e3d78f0", "mean_reward": 0.732421875, "max_reward": 0.828125, "noop": false, "changed": 474610019, "applied_l2": 2.2700570000128235, "requested_l2": 2.268513558627501, "wait_seconds": 161.23026753500744, "record_seconds": 0.008279189001768827, "update_seconds": 2.646359456994105, "publish_seconds": 0.0018148529925383627, "total_seconds": 163.88672103399585}
{"event": "generation_open", "t": 1791409184.7622151, "generation": 13, "parent_sha256": "22d31b31fcf542fee9c874ad9d424d9e66a96b478691050c956e3eaa37880075", "candidates": 24}
{"event": "generation_complete", "t": 1791409347.1131732, "generation": 13}
{"event": "update_recorded", "t": 1791409347.1178539, "generation": 13, "record_hash": "735be1e15b4bc9f201e8a9d6f4910a9c8c5d7fc5612af3f1f846bd43f8bae156"}
{"event": "update_applied", "t": 1791409349.7575343, "generation": 13, "child_sha256": "c757bab2e8c524faa4bcf46ab6c402882e54aa32b994605945bfdb9e452b7687", "noop": false, "changed": 474608570, "applied_l2": 2.269963223752751}
{"event": "weights_pruned", "t": 1791409349.774147, "removed": ["9c03f9ff4d3ba9b02db3f436207bc8401fede5770a4f89f9aa829ec925e7de68"], "kept": ["0007b51b3288ada1b8e7d3276f134c3a9471708769e90692913d1236ae18a85f", "22d31b31fcf542fee9c874ad9d424d9e66a96b478691050c956e3eaa37880075", "c757bab2e8c524faa4bcf46ab6c402882e54aa32b994605945bfdb9e452b7687"]}
{"event": "weights_published", "t": 1791409349.7741733, "generation": 13, "child_sha256": "c757bab2e8c524faa4bcf46ab6c402882e54aa32b994605945bfdb9e452b7687"}
{"event": "generation_done", "t": 1791409349.774217, "generation": 13, "parent_sha256": "22d31b31fcf542fee9c874ad9d424d9e66a96b478691050c956e3eaa37880075", "child_sha256": "c757bab2e8c524faa4bcf46ab6c402882e54aa32b994605945bfdb9e452b7687", "record_hash": "735be1e15b4bc9f201e8a9d6f4910a9c8c5d7fc5612af3f1f846bd43f8bae156", "mean_reward": 0.7311197916666666, "max_reward": 0.875, "noop": false, "changed": 474608570, "applied_l2": 2.269963223752751, "requested_l2": 2.26841349176799, "wait_seconds": 162.35487061800086, "record_seconds": 0.004769557999679819, "update_seconds": 2.6397133559948998, "publish_seconds": 0.016640458008623682, "total_seconds": 165.01599399000406}
{"event": "generation_open", "t": 1791409349.7790375, "generation": 14, "parent_sha256": "c757bab2e8c524faa4bcf46ab6c402882e54aa32b994605945bfdb9e452b7687", "candidates": 24}
{"event": "generation_complete", "t": 1791409517.4154994, "generation": 14}
{"event": "update_recorded", "t": 1791409517.4203017, "generation": 14, "record_hash": "e96795aa1a4b4909376a932c0cbcb1e64122b48efc1b15cc45547fd1d257754b"}
{"event": "update_applied", "t": 1791409520.049509, "generation": 14, "child_sha256": "e3b280c703e464239257fa83694476039834b6f1c160416dccc5ec3b39c28850", "noop": false, "changed": 474610664, "applied_l2": 2.27005600664329}
{"event": "weights_pruned", "t": 1791409520.0609727, "removed": ["0007b51b3288ada1b8e7d3276f134c3a9471708769e90692913d1236ae18a85f"], "kept": ["22d31b31fcf542fee9c874ad9d424d9e66a96b478691050c956e3eaa37880075", "c757bab2e8c524faa4bcf46ab6c402882e54aa32b994605945bfdb9e452b7687", "e3b280c703e464239257fa83694476039834b6f1c160416dccc5ec3b39c28850"]}
{"event": "weights_published", "t": 1791409520.0609999, "generation": 14, "child_sha256": "e3b280c703e464239257fa83694476039834b6f1c160416dccc5ec3b39c28850"}
{"event": "generation_done", "t": 1791409520.0610476, "generation": 14, "parent_sha256": "c757bab2e8c524faa4bcf46ab6c402882e54aa32b994605945bfdb9e452b7687", "child_sha256": "e3b280c703e464239257fa83694476039834b6f1c160416dccc5ec3b39c28850", "record_hash": "e96795aa1a4b4909376a932c0cbcb1e64122b48efc1b15cc45547fd1d257754b", "mean_reward": 0.7109375, "max_reward": 0.796875, "noop": false, "changed": 474610664, "applied_l2": 2.27005600664329, "requested_l2": 2.268498184627562, "wait_seconds": 167.6411205540062, "record_seconds": 0.0049052879912778735, "update_seconds": 2.6292268429970136, "publish_seconds": 0.011493127007270232, "total_seconds": 170.28674581200175}
{"event": "generation_open", "t": 1791409520.0654533, "generation": 15, "parent_sha256": "e3b280c703e464239257fa83694476039834b6f1c160416dccc5ec3b39c28850", "candidates": 24}
{"event": "generation_complete", "t": 1791409684.4406323, "generation": 15}
{"event": "update_recorded", "t": 1791409684.4482958, "generation": 15, "record_hash": "ba44519e0b38c983d8e5b418ed739a2d09079840f7c405174381324619c0e702"}
{"event": "update_applied", "t": 1791409687.182134, "generation": 15, "child_sha256": "071ccf1bce9ed4b1d8f7c84690fe20643aa7ee08dea52ff29fbb31b72e9eebff", "noop": false, "changed": 474598754, "applied_l2": 2.270037349206171}
{"event": "weights_pruned", "t": 1791409687.1951623, "removed": ["22d31b31fcf542fee9c874ad9d424d9e66a96b478691050c956e3eaa37880075"], "kept": ["c757bab2e8c524faa4bcf46ab6c402882e54aa32b994605945bfdb9e452b7687", "e3b280c703e464239257fa83694476039834b6f1c160416dccc5ec3b39c28850", "071ccf1bce9ed4b1d8f7c84690fe20643aa7ee08dea52ff29fbb31b72e9eebff"]}
{"event": "weights_published", "t": 1791409687.195188, "generation": 15, "child_sha256": "071ccf1bce9ed4b1d8f7c84690fe20643aa7ee08dea52ff29fbb31b72e9eebff"}
{"event": "generation_done", "t": 1791409687.195237, "generation": 15, "parent_sha256": "e3b280c703e464239257fa83694476039834b6f1c160416dccc5ec3b39c28850", "child_sha256": "071ccf1bce9ed4b1d8f7c84690fe20643aa7ee08dea52ff29fbb31b72e9eebff", "record_hash": "ba44519e0b38c983d8e5b418ed739a2d09079840f7c405174381324619c0e702", "mean_reward": 0.724609375, "max_reward": 0.8125, "noop": false, "changed": 474598754, "applied_l2": 2.270037349206171, "requested_l2": 2.26849207983651, "wait_seconds": 164.3794294459949, "record_seconds": 0.00774983900191728, "update_seconds": 2.7338692720077233, "publish_seconds": 0.013055707997409627, "total_seconds": 167.13410426500195}
{"event": "generation_open", "t": 1791409687.20314, "generation": 16, "parent_sha256": "071ccf1bce9ed4b1d8f7c84690fe20643aa7ee08dea52ff29fbb31b72e9eebff", "candidates": 24}
{"event": "generation_complete", "t": 1791409850.9954278, "generation": 16}
{"event": "update_recorded", "t": 1791409851.0035686, "generation": 16, "record_hash": "bf7d218fa5d010860acb812916190552d36b3862d976493b9bbf18c22f5f8956"}
{"event": "update_applied", "t": 1791409853.5987914, "generation": 16, "child_sha256": "19e3484ea6ef72b482c984b72de43c02064953dcd2a654e03688836191c61cb5", "noop": false, "changed": 474612376, "applied_l2": 2.270157277814973}
{"event": "weights_pruned", "t": 1791409853.6137502, "removed": ["c757bab2e8c524faa4bcf46ab6c402882e54aa32b994605945bfdb9e452b7687"], "kept": ["e3b280c703e464239257fa83694476039834b6f1c160416dccc5ec3b39c28850", "071ccf1bce9ed4b1d8f7c84690fe20643aa7ee08dea52ff29fbb31b72e9eebff", "19e3484ea6ef72b482c984b72de43c02064953dcd2a654e03688836191c61cb5"]}
{"event": "weights_published", "t": 1791409853.6137757, "generation": 16, "child_sha256": "19e3484ea6ef72b482c984b72de43c02064953dcd2a654e03688836191c61cb5"}
{"event": "generation_done", "t": 1791409853.6138234, "generation": 16, "parent_sha256": "071ccf1bce9ed4b1d8f7c84690fe20643aa7ee08dea52ff29fbb31b72e9eebff", "child_sha256": "19e3484ea6ef72b482c984b72de43c02064953dcd2a654e03688836191c61cb5", "record_hash": "bf7d218fa5d010860acb812916190552d36b3862d976493b9bbf18c22f5f8956", "mean_reward": 0.7259114583333334, "max_reward": 0.828125, "noop": false, "changed": 474612376, "applied_l2": 2.270157277814973, "requested_l2": 2.268603695322157, "wait_seconds": 163.8000152570021, "record_seconds": 0.008259845999418758, "update_seconds": 2.595240521011874, "publish_seconds": 0.01498638499469962, "total_seconds": 166.41850200900808}
{"event": "generation_open", "t": 1791409853.6214633, "generation": 17, "parent_sha256": "19e3484ea6ef72b482c984b72de43c02064953dcd2a654e03688836191c61cb5", "candidates": 24}
{"event": "generation_complete", "t": 1791410010.7614133, "generation": 17}
{"event": "update_recorded", "t": 1791410010.7691495, "generation": 17, "record_hash": "14eb2e4e35c73fcc2465586809302bcc45cd082b3206aa2bfffffdfe026171d3"}
{"event": "update_applied", "t": 1791410013.3715644, "generation": 17, "child_sha256": "40393e4b0cd7e532bbabb446498e9a6d547b5222605fa0d4f5a0a29591c4ff2c", "noop": false, "changed": 474608934, "applied_l2": 2.2701043046962446}
{"event": "weights_pruned", "t": 1791410013.376352, "removed": ["e3b280c703e464239257fa83694476039834b6f1c160416dccc5ec3b39c28850"], "kept": ["071ccf1bce9ed4b1d8f7c84690fe20643aa7ee08dea52ff29fbb31b72e9eebff", "19e3484ea6ef72b482c984b72de43c02064953dcd2a654e03688836191c61cb5", "40393e4b0cd7e532bbabb446498e9a6d547b5222605fa0d4f5a0a29591c4ff2c"]}
{"event": "weights_published", "t": 1791410013.3763769, "generation": 17, "child_sha256": "40393e4b0cd7e532bbabb446498e9a6d547b5222605fa0d4f5a0a29591c4ff2c"}
{"event": "generation_done", "t": 1791410013.3764188, "generation": 17, "parent_sha256": "19e3484ea6ef72b482c984b72de43c02064953dcd2a654e03688836191c61cb5", "child_sha256": "40393e4b0cd7e532bbabb446498e9a6d547b5222605fa0d4f5a0a29591c4ff2c", "record_hash": "14eb2e4e35c73fcc2465586809302bcc45cd082b3206aa2bfffffdfe026171d3", "mean_reward": 0.7486979166666666, "max_reward": 0.921875, "noop": false, "changed": 474608934, "applied_l2": 2.2701043046962446, "requested_l2": 2.268548680612864, "wait_seconds": 157.1474262940028, "record_seconds": 0.007822855986887589, "update_seconds": 2.602445806012838, "publish_seconds": 0.004815198990399949, "total_seconds": 159.76251015499292}
{"event": "generation_open", "t": 1791410013.3836892, "generation": 18, "parent_sha256": "40393e4b0cd7e532bbabb446498e9a6d547b5222605fa0d4f5a0a29591c4ff2c", "candidates": 24}
{"event": "generation_complete", "t": 1791410179.0583444, "generation": 18}
{"event": "update_recorded", "t": 1791410179.0613344, "generation": 18, "record_hash": "dd3bbfb4d684262ad32027804cf644fd2f7fcbc8eccf1e1f9cf375b5f7339891"}
{"event": "update_applied", "t": 1791410181.68742, "generation": 18, "child_sha256": "cce589e82545232041fcc72a13e3109036141bbeda233ce218f72ecb5adb48dc", "noop": false, "changed": 474604243, "applied_l2": 2.2700243753432185}
{"event": "weights_pruned", "t": 1791410181.7008262, "removed": ["071ccf1bce9ed4b1d8f7c84690fe20643aa7ee08dea52ff29fbb31b72e9eebff"], "kept": ["19e3484ea6ef72b482c984b72de43c02064953dcd2a654e03688836191c61cb5", "40393e4b0cd7e532bbabb446498e9a6d547b5222605fa0d4f5a0a29591c4ff2c", "cce589e82545232041fcc72a13e3109036141bbeda233ce218f72ecb5adb48dc"]}
{"event": "weights_published", "t": 1791410181.7008567, "generation": 18, "child_sha256": "cce589e82545232041fcc72a13e3109036141bbeda233ce218f72ecb5adb48dc"}
{"event": "generation_done", "t": 1791410181.7009034, "generation": 18, "parent_sha256": "40393e4b0cd7e532bbabb446498e9a6d547b5222605fa0d4f5a0a29591c4ff2c", "child_sha256": "cce589e82545232041fcc72a13e3109036141bbeda233ce218f72ecb5adb48dc", "record_hash": "dd3bbfb4d684262ad32027804cf644fd2f7fcbc8eccf1e1f9cf375b5f7339891", "mean_reward": 0.74609375, "max_reward": 0.9375, "noop": false, "changed": 474604243, "applied_l2": 2.2700243753432185, "requested_l2": 2.268470103293719, "wait_seconds": 165.68177026198828, "record_seconds": 0.003088071011006832, "update_seconds": 2.626104506998672, "publish_seconds": 0.013438174995826557, "total_seconds": 168.32440101499378}
{"event": "generation_open", "t": 1791410181.705692, "generation": 19, "parent_sha256": "cce589e82545232041fcc72a13e3109036141bbeda233ce218f72ecb5adb48dc", "candidates": 24}
{"event": "generation_complete", "t": 1791410338.7282257, "generation": 19}
{"event": "update_recorded", "t": 1791410338.7329862, "generation": 19, "record_hash": "9cb9838fc36835f755dfad84fe609c6f5414d14e21da5bf457cbb5ce28b8380e"}
{"event": "update_applied", "t": 1791410341.4158194, "generation": 19, "child_sha256": "0e683325325a9ae3f1d019611670c56474e829a813fe33e3c17024a698f6973a", "noop": false, "changed": 474603581, "applied_l2": 2.270112206029535}
{"event": "weights_pruned", "t": 1791410341.4233053, "removed": ["19e3484ea6ef72b482c984b72de43c02064953dcd2a654e03688836191c61cb5"], "kept": ["40393e4b0cd7e532bbabb446498e9a6d547b5222605fa0d4f5a0a29591c4ff2c", "cce589e82545232041fcc72a13e3109036141bbeda233ce218f72ecb5adb48dc", "0e683325325a9ae3f1d019611670c56474e829a813fe33e3c17024a698f6973a"]}
{"event": "weights_published", "t": 1791410341.4233327, "generation": 19, "child_sha256": "0e683325325a9ae3f1d019611670c56474e829a813fe33e3c17024a698f6973a"}
{"event": "generation_done", "t": 1791410341.4233742, "generation": 19, "parent_sha256": "cce589e82545232041fcc72a13e3109036141bbeda233ce218f72ecb5adb48dc", "child_sha256": "0e683325325a9ae3f1d019611670c56474e829a813fe33e3c17024a698f6973a", "record_hash": "9cb9838fc36835f755dfad84fe609c6f5414d14e21da5bf457cbb5ce28b8380e", "mean_reward": 0.73046875, "max_reward": 0.859375, "noop": false, "changed": 474603581, "applied_l2": 2.270112206029535, "requested_l2": 2.2685598823736646, "wait_seconds": 157.02714027698676, "record_seconds": 0.004870119009865448, "update_seconds": 2.682864750997396, "publish_seconds": 0.007515360004617833, "total_seconds": 159.72239050699864}
{"event": "generation_open", "t": 1791410341.429355, "generation": 20, "parent_sha256": "0e683325325a9ae3f1d019611670c56474e829a813fe33e3c17024a698f6973a", "candidates": 24}
{"event": "generation_complete", "t": 1791410504.6857123, "generation": 20}
{"event": "update_recorded", "t": 1791410504.6945977, "generation": 20, "record_hash": "6a74664981402c41bc94709fa2d8c003021852df9aa0941382f1a8bb217b684f"}
{"event": "update_applied", "t": 1791410507.385493, "generation": 20, "child_sha256": "6483989a85ceaaf2c554d6b5c8e592335fb0bfe0acc8aa9245cabfc2a64ead03", "noop": false, "changed": 474606093, "applied_l2": 2.2700405816219593}
{"event": "weights_pruned", "t": 1791410507.3969839, "removed": ["40393e4b0cd7e532bbabb446498e9a6d547b5222605fa0d4f5a0a29591c4ff2c"], "kept": ["cce589e82545232041fcc72a13e3109036141bbeda233ce218f72ecb5adb48dc", "0e683325325a9ae3f1d019611670c56474e829a813fe33e3c17024a698f6973a", "6483989a85ceaaf2c554d6b5c8e592335fb0bfe0acc8aa9245cabfc2a64ead03"]}
{"event": "weights_published", "t": 1791410507.3970094, "generation": 20, "child_sha256": "6483989a85ceaaf2c554d6b5c8e592335fb0bfe0acc8aa9245cabfc2a64ead03"}
{"event": "generation_done", "t": 1791410507.3970525, "generation": 20, "parent_sha256": "0e683325325a9ae3f1d019611670c56474e829a813fe33e3c17024a698f6973a", "child_sha256": "6483989a85ceaaf2c554d6b5c8e592335fb0bfe0acc8aa9245cabfc2a64ead03", "record_hash": "6a74664981402c41bc94709fa2d8c003021852df9aa0941382f1a8bb217b684f", "mean_reward": 0.7493489583333334, "max_reward": 0.84375, "noop": false, "changed": 474606093, "applied_l2": 2.2700405816219593, "requested_l2": 2.2685004889772373, "wait_seconds": 163.26217916500173, "record_seconds": 0.00897252099821344, "update_seconds": 2.690924968002946, "publish_seconds": 0.011519085994223133, "total_seconds": 165.9735957399971}
{"event": "generation_open", "t": 1791410507.4024441, "generation": 21, "parent_sha256": "6483989a85ceaaf2c554d6b5c8e592335fb0bfe0acc8aa9245cabfc2a64ead03", "candidates": 24}
{"event": "generation_complete", "t": 1791410665.1593826, "generation": 21}
{"event": "update_recorded", "t": 1791410665.1639674, "generation": 21, "record_hash": "82748496e692017ba26725f62f235b1cc123577546636d2961fe5ca7d919355d"}
{"event": "update_applied", "t": 1791410667.9613101, "generation": 21, "child_sha256": "aa29aad8c0a3348683c0469291eb025cf9d177cea91a7d7f87513fec26a895e8", "noop": false, "changed": 474604343, "applied_l2": 2.270029940578102}
{"event": "weights_pruned", "t": 1791410667.9785593, "removed": ["cce589e82545232041fcc72a13e3109036141bbeda233ce218f72ecb5adb48dc"], "kept": ["0e683325325a9ae3f1d019611670c56474e829a813fe33e3c17024a698f6973a", "6483989a85ceaaf2c554d6b5c8e592335fb0bfe0acc8aa9245cabfc2a64ead03", "aa29aad8c0a3348683c0469291eb025cf9d177cea91a7d7f87513fec26a895e8"]}
{"event": "weights_published", "t": 1791410667.978591, "generation": 21, "child_sha256": "aa29aad8c0a3348683c0469291eb025cf9d177cea91a7d7f87513fec26a895e8"}
{"event": "generation_done", "t": 1791410667.9786355, "generation": 21, "parent_sha256": "6483989a85ceaaf2c554d6b5c8e592335fb0bfe0acc8aa9245cabfc2a64ead03", "child_sha256": "aa29aad8c0a3348683c0469291eb025cf9d177cea91a7d7f87513fec26a895e8", "record_hash": "82748496e692017ba26725f62f235b1cc123577546636d2961fe5ca7d919355d", "mean_reward": 0.7447916666666666, "max_reward": 0.859375, "noop": false, "changed": 474604343, "applied_l2": 2.270029940578102, "requested_l2": 2.2684805259474095, "wait_seconds": 157.76217093100422, "record_seconds": 0.004687766995630227, "update_seconds": 2.7973595919902436, "publish_seconds": 0.01728252400062047, "total_seconds": 160.58150081399071}
{"event": "generation_open", "t": 1791410667.9892526, "generation": 22, "parent_sha256": "aa29aad8c0a3348683c0469291eb025cf9d177cea91a7d7f87513fec26a895e8", "candidates": 24}
{"event": "generation_complete", "t": 1791410836.1977851, "generation": 22}
{"event": "update_recorded", "t": 1791410836.206393, "generation": 22, "record_hash": "68efc47cf9a095d2bbdbb3a85efff9e4f0720f1f7e99a84811c5292cc49e72e2"}
{"event": "update_applied", "t": 1791410838.8750696, "generation": 22, "child_sha256": "0893c5d88aa73b7814dc1c1152a84e576c8ca556876136ba82638c9b2270e558", "noop": false, "changed": 474611797, "applied_l2": 2.270101004018359}
{"event": "weights_pruned", "t": 1791410838.8805, "removed": ["0e683325325a9ae3f1d019611670c56474e829a813fe33e3c17024a698f6973a"], "kept": ["6483989a85ceaaf2c554d6b5c8e592335fb0bfe0acc8aa9245cabfc2a64ead03", "aa29aad8c0a3348683c0469291eb025cf9d177cea91a7d7f87513fec26a895e8", "0893c5d88aa73b7814dc1c1152a84e576c8ca556876136ba82638c9b2270e558"]}
{"event": "weights_published", "t": 1791410838.8805256, "generation": 22, "child_sha256": "0893c5d88aa73b7814dc1c1152a84e576c8ca556876136ba82638c9b2270e558"}
{"event": "generation_done", "t": 1791410838.8805676, "generation": 22, "parent_sha256": "aa29aad8c0a3348683c0469291eb025cf9d177cea91a7d7f87513fec26a895e8", "child_sha256": "0893c5d88aa73b7814dc1c1152a84e576c8ca556876136ba82638c9b2270e558", "record_hash": "68efc47cf9a095d2bbdbb3a85efff9e4f0720f1f7e99a84811c5292cc49e72e2", "mean_reward": 0.7682291666666666, "max_reward": 0.875, "noop": false, "changed": 474611797, "applied_l2": 2.270101004018359, "requested_l2": 2.2685467249877624, "wait_seconds": 168.2189919770026, "record_seconds": 0.008694971998920664, "update_seconds": 2.6687070519983536, "publish_seconds": 0.005458357001771219, "total_seconds": 170.90185235800163}
{"event": "generation_open", "t": 1791410838.8873365, "generation": 23, "parent_sha256": "0893c5d88aa73b7814dc1c1152a84e576c8ca556876136ba82638c9b2270e558", "candidates": 24}
{"event": "generation_complete", "t": 1791410994.5249877, "generation": 23}
{"event": "update_recorded", "t": 1791410994.5300202, "generation": 23, "record_hash": "a502044d86b312e458de495d62b774555088396a09f6e9ce53c56b06e1dc6176"}
{"event": "update_applied", "t": 1791410997.1757486, "generation": 23, "child_sha256": "a2baa01597ab602a45515b1f9b0dcb50ad2b5f3965d35760f435ee54ae9b4b1d", "noop": false, "changed": 474602029, "applied_l2": 2.270058211087869}
{"event": "weights_pruned", "t": 1791410997.181615, "removed": ["6483989a85ceaaf2c554d6b5c8e592335fb0bfe0acc8aa9245cabfc2a64ead03"], "kept": ["aa29aad8c0a3348683c0469291eb025cf9d177cea91a7d7f87513fec26a895e8", "0893c5d88aa73b7814dc1c1152a84e576c8ca556876136ba82638c9b2270e558", "a2baa01597ab602a45515b1f9b0dcb50ad2b5f3965d35760f435ee54ae9b4b1d"]}
{"event": "weights_published", "t": 1791410997.181639, "generation": 23, "child_sha256": "a2baa01597ab602a45515b1f9b0dcb50ad2b5f3965d35760f435ee54ae9b4b1d"}
{"event": "generation_done", "t": 1791410997.181685, "generation": 23, "parent_sha256": "0893c5d88aa73b7814dc1c1152a84e576c8ca556876136ba82638c9b2270e558", "child_sha256": "a2baa01597ab602a45515b1f9b0dcb50ad2b5f3965d35760f435ee54ae9b4b1d", "record_hash": "a502044d86b312e458de495d62b774555088396a09f6e9ce53c56b06e1dc6176", "mean_reward": 0.76171875, "max_reward": 0.90625, "noop": false, "changed": 474602029, "applied_l2": 2.270058211087869, "requested_l2": 2.268509706667785, "wait_seconds": 155.64425164500426, "record_seconds": 0.00512269300816115, "update_seconds": 2.645760285988217, "publish_seconds": 0.005892147004487924, "total_seconds": 158.30102677100513}
{"event": "generation_open", "t": 1791410997.1914144, "generation": 24, "parent_sha256": "a2baa01597ab602a45515b1f9b0dcb50ad2b5f3965d35760f435ee54ae9b4b1d", "candidates": 24}
{"event": "generation_complete", "t": 1791411164.9760222, "generation": 24}
{"event": "update_recorded", "t": 1791411164.9841423, "generation": 24, "record_hash": "703f6627bec5bd9657b6caff0c790da1522b17527c2039c23b9bd09cb2e3e845"}
{"event": "update_applied", "t": 1791411167.6726706, "generation": 24, "child_sha256": "4eb743bcb38f98ddf22a412f4a402c633156a8f45063334ec3459398cfaa5875", "noop": false, "changed": 474605984, "applied_l2": 2.2700620679720056}
{"event": "weights_pruned", "t": 1791411167.6779292, "removed": ["aa29aad8c0a3348683c0469291eb025cf9d177cea91a7d7f87513fec26a895e8"], "kept": ["0893c5d88aa73b7814dc1c1152a84e576c8ca556876136ba82638c9b2270e558", "a2baa01597ab602a45515b1f9b0dcb50ad2b5f3965d35760f435ee54ae9b4b1d", "4eb743bcb38f98ddf22a412f4a402c633156a8f45063334ec3459398cfaa5875"]}
{"event": "weights_published", "t": 1791411167.677956, "generation": 24, "child_sha256": "4eb743bcb38f98ddf22a412f4a402c633156a8f45063334ec3459398cfaa5875"}
{"event": "generation_done", "t": 1791411167.6780007, "generation": 24, "parent_sha256": "a2baa01597ab602a45515b1f9b0dcb50ad2b5f3965d35760f435ee54ae9b4b1d", "child_sha256": "4eb743bcb38f98ddf22a412f4a402c633156a8f45063334ec3459398cfaa5875", "record_hash": "703f6627bec5bd9657b6caff0c790da1522b17527c2039c23b9bd09cb2e3e845", "mean_reward": 0.7578125, "max_reward": 0.859375, "noop": false, "changed": 474605984, "applied_l2": 2.2700620679720056, "requested_l2": 2.268510528575525, "wait_seconds": 167.79417320100765, "record_seconds": 0.008211139997001737, "update_seconds": 2.6885594310006127, "publish_seconds": 0.005287508989567868, "total_seconds": 170.49623128099483}
{"event": "generation_open", "t": 1791411167.6854064, "generation": 25, "parent_sha256": "4eb743bcb38f98ddf22a412f4a402c633156a8f45063334ec3459398cfaa5875", "candidates": 24}
{"event": "generation_complete", "t": 1791411322.5755105, "generation": 25}
{"event": "update_recorded", "t": 1791411322.5834587, "generation": 25, "record_hash": "824774047b6d62e8868bb68e0414f8a5e125798ec39291ddfc6a9f85c064410a"}
{"event": "update_applied", "t": 1791411325.2363157, "generation": 25, "child_sha256": "5fc0494ba1501185cee554132f7071e70f7a71a0b139d3c363b5143144a8cdd5", "noop": false, "changed": 474603114, "applied_l2": 2.270147391013588}
{"event": "weights_pruned", "t": 1791411325.2383463, "removed": ["0893c5d88aa73b7814dc1c1152a84e576c8ca556876136ba82638c9b2270e558"], "kept": ["a2baa01597ab602a45515b1f9b0dcb50ad2b5f3965d35760f435ee54ae9b4b1d", "4eb743bcb38f98ddf22a412f4a402c633156a8f45063334ec3459398cfaa5875", "5fc0494ba1501185cee554132f7071e70f7a71a0b139d3c363b5143144a8cdd5"]}
{"event": "weights_published", "t": 1791411325.2383695, "generation": 25, "child_sha256": "5fc0494ba1501185cee554132f7071e70f7a71a0b139d3c363b5143144a8cdd5"}
{"event": "generation_done", "t": 1791411325.2384098, "generation": 25, "parent_sha256": "4eb743bcb38f98ddf22a412f4a402c633156a8f45063334ec3459398cfaa5875", "child_sha256": "5fc0494ba1501185cee554132f7071e70f7a71a0b139d3c363b5143144a8cdd5", "record_hash": "824774047b6d62e8868bb68e0414f8a5e125798ec39291ddfc6a9f85c064410a", "mean_reward": 0.744140625, "max_reward": 0.875, "noop": false, "changed": 474603114, "applied_l2": 2.270147391013588, "requested_l2": 2.2685954816042297, "wait_seconds": 154.8973510079959, "record_seconds": 0.008028953001485206, "update_seconds": 2.6528955300018424, "publish_seconds": 0.002055774995824322, "total_seconds": 157.56033126599505}
{"event": "generation_open", "t": 1791411325.2433782, "generation": 26, "parent_sha256": "5fc0494ba1501185cee554132f7071e70f7a71a0b139d3c363b5143144a8cdd5", "candidates": 24}
{"event": "generation_complete", "t": 1791411485.3957024, "generation": 26}
{"event": "update_recorded", "t": 1791411485.4007611, "generation": 26, "record_hash": "54cc4b783f4a9f1560db02f63d010c8202854f32f524bb8b801e2d3c36658e4b"}
{"event": "update_applied", "t": 1791411488.136757, "generation": 26, "child_sha256": "cbe03e03bed41a2e63610821ae0340b6afef5bfa5139c314f32270ff8d4c388e", "noop": false, "changed": 474614342, "applied_l2": 2.2700784369009157}
{"event": "weights_pruned", "t": 1791411488.1422634, "removed": ["a2baa01597ab602a45515b1f9b0dcb50ad2b5f3965d35760f435ee54ae9b4b1d"], "kept": ["4eb743bcb38f98ddf22a412f4a402c633156a8f45063334ec3459398cfaa5875", "5fc0494ba1501185cee554132f7071e70f7a71a0b139d3c363b5143144a8cdd5", "cbe03e03bed41a2e63610821ae0340b6afef5bfa5139c314f32270ff8d4c388e"]}
{"event": "weights_published", "t": 1791411488.1422882, "generation": 26, "child_sha256": "cbe03e03bed41a2e63610821ae0340b6afef5bfa5139c314f32270ff8d4c388e"}
{"event": "generation_done", "t": 1791411488.142329, "generation": 26, "parent_sha256": "5fc0494ba1501185cee554132f7071e70f7a71a0b139d3c363b5143144a8cdd5", "child_sha256": "cbe03e03bed41a2e63610821ae0340b6afef5bfa5139c314f32270ff8d4c388e", "record_hash": "54cc4b783f4a9f1560db02f63d010c8202854f32f524bb8b801e2d3c36658e4b", "mean_reward": 0.775390625, "max_reward": 0.859375, "noop": false, "changed": 474614342, "applied_l2": 2.2700784369009157, "requested_l2": 2.2685278808110203, "wait_seconds": 160.15705417699064, "record_seconds": 0.005197175007197075, "update_seconds": 2.7360506020049797, "publish_seconds": 0.005533478994038887, "total_seconds": 162.90383543299686}
{"event": "generation_open", "t": 1791411488.1531107, "generation": 27, "parent_sha256": "cbe03e03bed41a2e63610821ae0340b6afef5bfa5139c314f32270ff8d4c388e", "candidates": 24}
{"event": "generation_complete", "t": 1791411634.450099, "generation": 27}
{"event": "update_recorded", "t": 1791411634.4582884, "generation": 27, "record_hash": "82f31672272ff258fecef702c945858719c842ff6ce17dc1cf27ebdf618f2be6"}
{"event": "update_applied", "t": 1791411637.1116672, "generation": 27, "child_sha256": "877f02fbb3b81e1ae7e2c12c0f05d897a57d7d721007a4075fa0781f48c6b5e3", "noop": false, "changed": 474600787, "applied_l2": 2.2699940346054737}
{"event": "weights_pruned", "t": 1791411637.1152837, "removed": ["4eb743bcb38f98ddf22a412f4a402c633156a8f45063334ec3459398cfaa5875"], "kept": ["5fc0494ba1501185cee554132f7071e70f7a71a0b139d3c363b5143144a8cdd5", "cbe03e03bed41a2e63610821ae0340b6afef5bfa5139c314f32270ff8d4c388e", "877f02fbb3b81e1ae7e2c12c0f05d897a57d7d721007a4075fa0781f48c6b5e3"]}
{"event": "weights_published", "t": 1791411637.1153069, "generation": 27, "child_sha256": "877f02fbb3b81e1ae7e2c12c0f05d897a57d7d721007a4075fa0781f48c6b5e3"}
{"event": "generation_done", "t": 1791411637.1153471, "generation": 27, "parent_sha256": "cbe03e03bed41a2e63610821ae0340b6afef5bfa5139c314f32270ff8d4c388e", "child_sha256": "877f02fbb3b81e1ae7e2c12c0f05d897a57d7d721007a4075fa0781f48c6b5e3", "record_hash": "82f31672272ff258fecef702c945858719c842ff6ce17dc1cf27ebdf618f2be6", "mean_reward": 0.7727864583333334, "max_reward": 0.84375, "noop": false, "changed": 474600787, "applied_l2": 2.2699940346054737, "requested_l2": 2.268444809287126, "wait_seconds": 146.3076106780063, "record_seconds": 0.008278310997411609, "update_seconds": 2.6534095810056897, "publish_seconds": 0.0036418329982552677, "total_seconds": 148.97294040300767}
{"event": "generation_open", "t": 1791411637.1227393, "generation": 28, "parent_sha256": "877f02fbb3b81e1ae7e2c12c0f05d897a57d7d721007a4075fa0781f48c6b5e3", "candidates": 24}
{"event": "generation_complete", "t": 1791411798.1949606, "generation": 28}
{"event": "update_recorded", "t": 1791411798.2001424, "generation": 28, "record_hash": "bb60a40e1d0ed96bedf1be7ea1618d605818a6aa291fe7aaaf777671f9441b3d"}
{"event": "update_applied", "t": 1791411800.7986865, "generation": 28, "child_sha256": "afe11d815d348f140cf0f30e1c8d06766aa67da68694c9653791eeff982d68b6", "noop": false, "changed": 474589344, "applied_l2": 2.2702082454310437}
{"event": "weights_pruned", "t": 1791411800.804213, "removed": ["5fc0494ba1501185cee554132f7071e70f7a71a0b139d3c363b5143144a8cdd5"], "kept": ["cbe03e03bed41a2e63610821ae0340b6afef5bfa5139c314f32270ff8d4c388e", "877f02fbb3b81e1ae7e2c12c0f05d897a57d7d721007a4075fa0781f48c6b5e3", "afe11d815d348f140cf0f30e1c8d06766aa67da68694c9653791eeff982d68b6"]}
{"event": "weights_published", "t": 1791411800.804238, "generation": 28, "child_sha256": "afe11d815d348f140cf0f30e1c8d06766aa67da68694c9653791eeff982d68b6"}
{"event": "generation_done", "t": 1791411800.8042793, "generation": 28, "parent_sha256": "877f02fbb3b81e1ae7e2c12c0f05d897a57d7d721007a4075fa0781f48c6b5e3", "child_sha256": "afe11d815d348f140cf0f30e1c8d06766aa67da68694c9653791eeff982d68b6", "record_hash": "bb60a40e1d0ed96bedf1be7ea1618d605818a6aa291fe7aaaf777671f9441b3d", "mean_reward": 0.775390625, "max_reward": 0.859375, "noop": false, "changed": 474589344, "applied_l2": 2.2702082454310437, "requested_l2": 2.2686518957082136, "wait_seconds": 161.07944366401352, "record_seconds": 0.0052690349984914064, "update_seconds": 2.5985867109993706, "publish_seconds": 0.005553975002840161, "total_seconds": 163.68885338501423}
{"event": "generation_open", "t": 1791411800.8154824, "generation": 29, "parent_sha256": "afe11d815d348f140cf0f30e1c8d06766aa67da68694c9653791eeff982d68b6", "candidates": 24}
{"event": "generation_complete", "t": 1791411961.584238, "generation": 29}
{"event": "update_recorded", "t": 1791411961.5919018, "generation": 29, "record_hash": "547d783636526a2fc75f793e6e33ebb89bd7393c47703347f4885db9c10fa36b"}
{"event": "update_applied", "t": 1791411964.2361717, "generation": 29, "child_sha256": "06bf62e946bee7ae42b78b5f192a9007d8b33e3f81e95ab3c019f16b7bb35b37", "noop": false, "changed": 474600365, "applied_l2": 2.270078939915065}
{"event": "weights_pruned", "t": 1791411964.2416725, "removed": ["cbe03e03bed41a2e63610821ae0340b6afef5bfa5139c314f32270ff8d4c388e"], "kept": ["877f02fbb3b81e1ae7e2c12c0f05d897a57d7d721007a4075fa0781f48c6b5e3", "afe11d815d348f140cf0f30e1c8d06766aa67da68694c9653791eeff982d68b6", "06bf62e946bee7ae42b78b5f192a9007d8b33e3f81e95ab3c019f16b7bb35b37"]}
{"event": "weights_published", "t": 1791411964.2417014, "generation": 29, "child_sha256": "06bf62e946bee7ae42b78b5f192a9007d8b33e3f81e95ab3c019f16b7bb35b37"}
{"event": "generation_done", "t": 1791411964.2417424, "generation": 29, "parent_sha256": "afe11d815d348f140cf0f30e1c8d06766aa67da68694c9653791eeff982d68b6", "child_sha256": "06bf62e946bee7ae42b78b5f192a9007d8b33e3f81e95ab3c019f16b7bb35b37", "record_hash": "547d783636526a2fc75f793e6e33ebb89bd7393c47703347f4885db9c10fa36b", "mean_reward": 0.7845052083333334, "max_reward": 0.90625, "noop": false, "changed": 474600365, "applied_l2": 2.270078939915065, "requested_l2": 2.268524742595777, "wait_seconds": 160.7797948029911, "record_seconds": 0.007746622999547981, "update_seconds": 2.6443060820020037, "publish_seconds": 0.005531645001610741, "total_seconds": 163.43737915299425}
{"event": "generation_open", "t": 1791411964.2515218, "generation": 30, "parent_sha256": "06bf62e946bee7ae42b78b5f192a9007d8b33e3f81e95ab3c019f16b7bb35b37", "candidates": 24}
{"event": "generation_complete", "t": 1791412129.6063545, "generation": 30}
{"event": "update_recorded", "t": 1791412129.6118474, "generation": 30, "record_hash": "71618d49456f9ffb06b8bcad9d56c317587a29fa9f7098638550e05765bf5e63"}
{"event": "update_applied", "t": 1791412132.3562205, "generation": 30, "child_sha256": "8d9710cdc34c4a3fc020ecafe6ed2433ad1c17f86a0eef5e8c09c0b12edd1027", "noop": false, "changed": 474605144, "applied_l2": 2.270034486215605}
{"event": "weights_pruned", "t": 1791412132.3583214, "removed": ["877f02fbb3b81e1ae7e2c12c0f05d897a57d7d721007a4075fa0781f48c6b5e3"], "kept": ["afe11d815d348f140cf0f30e1c8d06766aa67da68694c9653791eeff982d68b6", "06bf62e946bee7ae42b78b5f192a9007d8b33e3f81e95ab3c019f16b7bb35b37", "8d9710cdc34c4a3fc020ecafe6ed2433ad1c17f86a0eef5e8c09c0b12edd1027"]}
{"event": "weights_published", "t": 1791412132.3583457, "generation": 30, "child_sha256": "8d9710cdc34c4a3fc020ecafe6ed2433ad1c17f86a0eef5e8c09c0b12edd1027"}
{"event": "generation_done", "t": 1791412132.3583848, "generation": 30, "parent_sha256": "06bf62e946bee7ae42b78b5f192a9007d8b33e3f81e95ab3c019f16b7bb35b37", "child_sha256": "8d9710cdc34c4a3fc020ecafe6ed2433ad1c17f86a0eef5e8c09c0b12edd1027", "record_hash": "71618d49456f9ffb06b8bcad9d56c317587a29fa9f7098638550e05765bf5e63", "mean_reward": 0.818359375, "max_reward": 0.921875, "noop": false, "changed": 474605144, "applied_l2": 2.270034486215605, "requested_l2": 2.2684829872615935, "wait_seconds": 165.36445465400175, "record_seconds": 0.005576898998697288, "update_seconds": 2.7444068290060386, "publish_seconds": 0.0021275549952406436, "total_seconds": 168.11656593700172}
{"event": "generation_open", "t": 1791412132.3689723, "generation": 31, "parent_sha256": "8d9710cdc34c4a3fc020ecafe6ed2433ad1c17f86a0eef5e8c09c0b12edd1027", "candidates": 24}
{"event": "generation_complete", "t": 1791412286.7888203, "generation": 31}
{"event": "update_recorded", "t": 1791412286.797105, "generation": 31, "record_hash": "f1246acbcf5fa3d6991eebcac1af35e3e4051d3d53832f04113ae17341da4734"}
{"event": "update_applied", "t": 1791412289.4103177, "generation": 31, "child_sha256": "4bc0ead9cb11dbb96c1cce732ae3dabef33214f30cc3af79c5a5ea8a1fe69cbf", "noop": false, "changed": 474605024, "applied_l2": 2.2699993176526716}
{"event": "weights_pruned", "t": 1791412289.412599, "removed": ["afe11d815d348f140cf0f30e1c8d06766aa67da68694c9653791eeff982d68b6"], "kept": ["06bf62e946bee7ae42b78b5f192a9007d8b33e3f81e95ab3c019f16b7bb35b37", "8d9710cdc34c4a3fc020ecafe6ed2433ad1c17f86a0eef5e8c09c0b12edd1027", "4bc0ead9cb11dbb96c1cce732ae3dabef33214f30cc3af79c5a5ea8a1fe69cbf"]}
{"event": "weights_published", "t": 1791412289.412627, "generation": 31, "child_sha256": "4bc0ead9cb11dbb96c1cce732ae3dabef33214f30cc3af79c5a5ea8a1fe69cbf"}
{"event": "generation_done", "t": 1791412289.412673, "generation": 31, "parent_sha256": "8d9710cdc34c4a3fc020ecafe6ed2433ad1c17f86a0eef5e8c09c0b12edd1027", "child_sha256": "4bc0ead9cb11dbb96c1cce732ae3dabef33214f30cc3af79c5a5ea8a1fe69cbf", "record_hash": "f1246acbcf5fa3d6991eebcac1af35e3e4051d3d53832f04113ae17341da4734", "mean_reward": 0.7727864583333334, "max_reward": 0.875, "noop": false, "changed": 474605024, "applied_l2": 2.2699993176526716, "requested_l2": 2.2684481698695502, "wait_seconds": 154.43024589099514, "record_seconds": 0.008373306001885794, "update_seconds": 2.613246426000842, "publish_seconds": 0.002312190001248382, "total_seconds": 157.05417781299911}
{"event": "generation_open", "t": 1791412289.4190683, "generation": 32, "parent_sha256": "4bc0ead9cb11dbb96c1cce732ae3dabef33214f30cc3af79c5a5ea8a1fe69cbf", "candidates": 24}
{"event": "generation_complete", "t": 1791412446.7182374, "generation": 32}
{"event": "update_recorded", "t": 1791412446.7262306, "generation": 32, "record_hash": "1a8a795b47fe92f983e91c591bbc8fa5e503147975a0f1c49b6b80d896a96365"}
{"event": "update_applied", "t": 1791412449.382375, "generation": 32, "child_sha256": "2541e64a420ca69d3ccec8da762fcb5cc964d64afb454627681304696196ccdb", "noop": false, "changed": 474606336, "applied_l2": 2.2700348726926043}
{"event": "weights_pruned", "t": 1791412449.3879595, "removed": ["06bf62e946bee7ae42b78b5f192a9007d8b33e3f81e95ab3c019f16b7bb35b37"], "kept": ["8d9710cdc34c4a3fc020ecafe6ed2433ad1c17f86a0eef5e8c09c0b12edd1027", "4bc0ead9cb11dbb96c1cce732ae3dabef33214f30cc3af79c5a5ea8a1fe69cbf", "2541e64a420ca69d3ccec8da762fcb5cc964d64afb454627681304696196ccdb"]}
{"event": "weights_published", "t": 1791412449.3879862, "generation": 32, "child_sha256": "2541e64a420ca69d3ccec8da762fcb5cc964d64afb454627681304696196ccdb"}
{"event": "generation_done", "t": 1791412449.3880343, "generation": 32, "parent_sha256": "4bc0ead9cb11dbb96c1cce732ae3dabef33214f30cc3af79c5a5ea8a1fe69cbf", "child_sha256": "2541e64a420ca69d3ccec8da762fcb5cc964d64afb454627681304696196ccdb", "record_hash": "1a8a795b47fe92f983e91c591bbc8fa5e503147975a0f1c49b6b80d896a96365", "mean_reward": 0.7962239583333334, "max_reward": 0.875, "noop": false, "changed": 474606336, "applied_l2": 2.2700348726926043, "requested_l2": 2.2684883875796364, "wait_seconds": 157.30539840900747, "record_seconds": 0.008073330987826921, "update_seconds": 2.6561868240096373, "publish_seconds": 0.005613282002741471, "total_seconds": 159.97527184600767}
{"event": "generation_open", "t": 1791412449.3960338, "generation": 33, "parent_sha256": "2541e64a420ca69d3ccec8da762fcb5cc964d64afb454627681304696196ccdb", "candidates": 24}
{"event": "generation_complete", "t": 1791412600.7325196, "generation": 33}
{"event": "update_recorded", "t": 1791412600.7352169, "generation": 33, "record_hash": "f3625cb3e0925e39f9261c451299bd3de5db622600cc6f8d908602f0e65914e2"}
{"event": "update_applied", "t": 1791412603.4066617, "generation": 33, "child_sha256": "7ec82bb49ea127c490bd1cdc7353ccf75a1eec3b5c05c4a5b2fb8e9d4ba92a85", "noop": false, "changed": 474610817, "applied_l2": 2.2699969747617055}
{"event": "weights_pruned", "t": 1791412603.4088736, "removed": ["8d9710cdc34c4a3fc020ecafe6ed2433ad1c17f86a0eef5e8c09c0b12edd1027"], "kept": ["4bc0ead9cb11dbb96c1cce732ae3dabef33214f30cc3af79c5a5ea8a1fe69cbf", "2541e64a420ca69d3ccec8da762fcb5cc964d64afb454627681304696196ccdb", "7ec82bb49ea127c490bd1cdc7353ccf75a1eec3b5c05c4a5b2fb8e9d4ba92a85"]}
{"event": "weights_published", "t": 1791412603.408902, "generation": 33, "child_sha256": "7ec82bb49ea127c490bd1cdc7353ccf75a1eec3b5c05c4a5b2fb8e9d4ba92a85"}
{"event": "generation_done", "t": 1791412603.408942, "generation": 33, "parent_sha256": "2541e64a420ca69d3ccec8da762fcb5cc964d64afb454627681304696196ccdb", "child_sha256": "7ec82bb49ea127c490bd1cdc7353ccf75a1eec3b5c05c4a5b2fb8e9d4ba92a85", "record_hash": "f3625cb3e0925e39f9261c451299bd3de5db622600cc6f8d908602f0e65914e2", "mean_reward": 0.7936197916666666, "max_reward": 0.859375, "noop": false, "changed": 474610817, "applied_l2": 2.2699969747617055, "requested_l2": 2.2684431128215095, "wait_seconds": 151.34432299699984, "record_seconds": 0.0027834850043291226, "update_seconds": 2.6714751010003965, "publish_seconds": 0.0022428550000768155, "total_seconds": 154.02082443800464}
{"event": "generation_open", "t": 1791412603.4147315, "generation": 34, "parent_sha256": "7ec82bb49ea127c490bd1cdc7353ccf75a1eec3b5c05c4a5b2fb8e9d4ba92a85", "candidates": 24}
{"event": "generation_complete", "t": 1791412764.0618243, "generation": 34}
{"event": "update_recorded", "t": 1791412764.0648243, "generation": 34, "record_hash": "445054a7af3ab5b63c6419ca35329bc01218e08738dd56f19f86930de7b550c5"}
{"event": "update_applied", "t": 1791412766.703826, "generation": 34, "child_sha256": "cc56768df75aac7b8fa6eb345ff05851cede2aa6aec33288645c749a9c979fab", "noop": false, "changed": 474603811, "applied_l2": 2.269953730514758}
{"event": "weights_pruned", "t": 1791412766.7058895, "removed": ["4bc0ead9cb11dbb96c1cce732ae3dabef33214f30cc3af79c5a5ea8a1fe69cbf"], "kept": ["2541e64a420ca69d3ccec8da762fcb5cc964d64afb454627681304696196ccdb", "7ec82bb49ea127c490bd1cdc7353ccf75a1eec3b5c05c4a5b2fb8e9d4ba92a85", "cc56768df75aac7b8fa6eb345ff05851cede2aa6aec33288645c749a9c979fab"]}
{"event": "weights_published", "t": 1791412766.7059171, "generation": 34, "child_sha256": "cc56768df75aac7b8fa6eb345ff05851cede2aa6aec33288645c749a9c979fab"}
{"event": "generation_done", "t": 1791412766.7059588, "generation": 34, "parent_sha256": "7ec82bb49ea127c490bd1cdc7353ccf75a1eec3b5c05c4a5b2fb8e9d4ba92a85", "child_sha256": "cc56768df75aac7b8fa6eb345ff05851cede2aa6aec33288645c749a9c979fab", "record_hash": "445054a7af3ab5b63c6419ca35329bc01218e08738dd56f19f86930de7b550c5", "mean_reward": 0.7994791666666666, "max_reward": 0.921875, "noop": false, "changed": 474603811, "applied_l2": 2.269953730514758, "requested_l2": 2.2684064814361604, "wait_seconds": 160.65272524100146, "record_seconds": 0.0030864939908497036, "update_seconds": 2.6390330190042732, "publish_seconds": 0.00209306699980516, "total_seconds": 163.2969378209964}
{"event": "generation_open", "t": 1791412766.7109406, "generation": 35, "parent_sha256": "cc56768df75aac7b8fa6eb345ff05851cede2aa6aec33288645c749a9c979fab", "candidates": 24}
{"event": "generation_complete", "t": 1791412926.3854272, "generation": 35}
{"event": "update_recorded", "t": 1791412926.3883343, "generation": 35, "record_hash": "74299afccea42c09b8e10d5e011a6448a9538788838d1662b4c9d48b868c9b66"}
{"event": "update_applied", "t": 1791412929.1310966, "generation": 35, "child_sha256": "b9c44ac4636c0fd469927bd3ef3689d4d8f672491997d36ff4382b992ec67ddc", "noop": false, "changed": 474598202, "applied_l2": 2.2699984110352225}
{"event": "weights_pruned", "t": 1791412929.1351483, "removed": ["2541e64a420ca69d3ccec8da762fcb5cc964d64afb454627681304696196ccdb"], "kept": ["7ec82bb49ea127c490bd1cdc7353ccf75a1eec3b5c05c4a5b2fb8e9d4ba92a85", "cc56768df75aac7b8fa6eb345ff05851cede2aa6aec33288645c749a9c979fab", "b9c44ac4636c0fd469927bd3ef3689d4d8f672491997d36ff4382b992ec67ddc"]}
{"event": "weights_published", "t": 1791412929.1351745, "generation": 35, "child_sha256": "b9c44ac4636c0fd469927bd3ef3689d4d8f672491997d36ff4382b992ec67ddc"}
{"event": "generation_done", "t": 1791412929.1352162, "generation": 35, "parent_sha256": "cc56768df75aac7b8fa6eb345ff05851cede2aa6aec33288645c749a9c979fab", "child_sha256": "b9c44ac4636c0fd469927bd3ef3689d4d8f672491997d36ff4382b992ec67ddc", "record_hash": "74299afccea42c09b8e10d5e011a6448a9538788838d1662b4c9d48b868c9b66", "mean_reward": 0.791015625, "max_reward": 0.90625, "noop": false, "changed": 474598202, "applied_l2": 2.2699984110352225, "requested_l2": 2.26845574721947, "wait_seconds": 159.6793051549903, "record_seconds": 0.002997936011524871, "update_seconds": 2.7427899269969203, "publish_seconds": 0.004079869991983287, "total_seconds": 162.42917288799072}
{"event": "generation_open", "t": 1791412929.1451588, "generation": 36, "parent_sha256": "b9c44ac4636c0fd469927bd3ef3689d4d8f672491997d36ff4382b992ec67ddc", "candidates": 24}
{"event": "generation_complete", "t": 1791413087.9844732, "generation": 36}
{"event": "update_recorded", "t": 1791413087.9902678, "generation": 36, "record_hash": "ed617673ae81de65e3903a02bbb203f81a1f1d025df66382ad726388805dc008"}
{"event": "update_applied", "t": 1791413090.6442497, "generation": 36, "child_sha256": "8ff3ef0c055e237ffe1b2b3a7062801ba5d28dad0f23c29d9f12a8ffd533acb9", "noop": false, "changed": 474609480, "applied_l2": 2.2700123704135566}
{"event": "weights_pruned", "t": 1791413090.6462803, "removed": ["7ec82bb49ea127c490bd1cdc7353ccf75a1eec3b5c05c4a5b2fb8e9d4ba92a85"], "kept": ["cc56768df75aac7b8fa6eb345ff05851cede2aa6aec33288645c749a9c979fab", "b9c44ac4636c0fd469927bd3ef3689d4d8f672491997d36ff4382b992ec67ddc", "8ff3ef0c055e237ffe1b2b3a7062801ba5d28dad0f23c29d9f12a8ffd533acb9"]}
{"event": "weights_published", "t": 1791413090.6463058, "generation": 36, "child_sha256": "8ff3ef0c055e237ffe1b2b3a7062801ba5d28dad0f23c29d9f12a8ffd533acb9"}
{"event": "generation_done", "t": 1791413090.6463451, "generation": 36, "parent_sha256": "b9c44ac4636c0fd469927bd3ef3689d4d8f672491997d36ff4382b992ec67ddc", "child_sha256": "8ff3ef0c055e237ffe1b2b3a7062801ba5d28dad0f23c29d9f12a8ffd533acb9", "record_hash": "ed617673ae81de65e3903a02bbb203f81a1f1d025df66382ad726388805dc008", "mean_reward": 0.7825520833333334, "max_reward": 0.890625, "noop": false, "changed": 474609480, "applied_l2": 2.2700123704135566, "requested_l2": 2.268452343266324, "wait_seconds": 158.8490176399937, "record_seconds": 0.005932476997259073, "update_seconds": 2.6540433690097416, "publish_seconds": 0.002058209996903315, "total_seconds": 161.5110516959976}
{"event": "generation_open", "t": 1791413090.6512632, "generation": 37, "parent_sha256": "8ff3ef0c055e237ffe1b2b3a7062801ba5d28dad0f23c29d9f12a8ffd533acb9", "candidates": 24}
{"event": "generation_complete", "t": 1791413252.8518615, "generation": 37}
{"event": "update_recorded", "t": 1791413252.8603423, "generation": 37, "record_hash": "03cb149c328fa1934d6347aa97a6996fb13ee3835d6603096af6d0ab43038f56"}
{"event": "update_applied", "t": 1791413255.537918, "generation": 37, "child_sha256": "01d2b3a6e5aedbe5c49bd6c50d680b13b79f90720e1dd8c55013471a063102a2", "noop": false, "changed": 474598935, "applied_l2": 2.27007404059051}
{"event": "weights_pruned", "t": 1791413255.542942, "removed": ["cc56768df75aac7b8fa6eb345ff05851cede2aa6aec33288645c749a9c979fab"], "kept": ["b9c44ac4636c0fd469927bd3ef3689d4d8f672491997d36ff4382b992ec67ddc", "8ff3ef0c055e237ffe1b2b3a7062801ba5d28dad0f23c29d9f12a8ffd533acb9", "01d2b3a6e5aedbe5c49bd6c50d680b13b79f90720e1dd8c55013471a063102a2"]}
{"event": "weights_published", "t": 1791413255.5429645, "generation": 37, "child_sha256": "01d2b3a6e5aedbe5c49bd6c50d680b13b79f90720e1dd8c55013471a063102a2"}
{"event": "generation_done", "t": 1791413255.54301, "generation": 37, "parent_sha256": "8ff3ef0c055e237ffe1b2b3a7062801ba5d28dad0f23c29d9f12a8ffd533acb9", "child_sha256": "01d2b3a6e5aedbe5c49bd6c50d680b13b79f90720e1dd8c55013471a063102a2", "record_hash": "03cb149c328fa1934d6347aa97a6996fb13ee3835d6603096af6d0ab43038f56", "mean_reward": 0.7799479166666666, "max_reward": 0.875, "noop": false, "changed": 474598935, "applied_l2": 2.27007404059051, "requested_l2": 2.268520086578116, "wait_seconds": 162.20535645198834, "record_seconds": 0.008566497010178864, "update_seconds": 2.677609495993238, "publish_seconds": 0.005048057995736599, "total_seconds": 164.8965805029875}
{"event": "generation_open", "t": 1791413255.5497363, "generation": 38, "parent_sha256": "01d2b3a6e5aedbe5c49bd6c50d680b13b79f90720e1dd8c55013471a063102a2", "candidates": 24}
{"event": "generation_complete", "t": 1791413410.5937996, "generation": 38}
{"event": "update_recorded", "t": 1791413410.601715, "generation": 38, "record_hash": "8ff6d71177f788e367933683eca415492726c07cade3d56ff5f150088c2db710"}
{"event": "update_applied", "t": 1791413413.2518442, "generation": 38, "child_sha256": "e3b569c7f8371993284319a0955cb941f2d52805896ba9608968d5a99d61e77c", "noop": false, "changed": 474598400, "applied_l2": 2.2700461062368253}
{"event": "weights_pruned", "t": 1791413413.2571802, "removed": ["b9c44ac4636c0fd469927bd3ef3689d4d8f672491997d36ff4382b992ec67ddc"], "kept": ["8ff3ef0c055e237ffe1b2b3a7062801ba5d28dad0f23c29d9f12a8ffd533acb9", "01d2b3a6e5aedbe5c49bd6c50d680b13b79f90720e1dd8c55013471a063102a2", "e3b569c7f8371993284319a0955cb941f2d52805896ba9608968d5a99d61e77c"]}
{"event": "weights_published", "t": 1791413413.2572145, "generation": 38, "child_sha256": "e3b569c7f8371993284319a0955cb941f2d52805896ba9608968d5a99d61e77c"}
{"event": "generation_done", "t": 1791413413.2572875, "generation": 38, "parent_sha256": "01d2b3a6e5aedbe5c49bd6c50d680b13b79f90720e1dd8c55013471a063102a2", "child_sha256": "e3b569c7f8371993284319a0955cb941f2d52805896ba9608968d5a99d61e77c", "record_hash": "8ff6d71177f788e367933683eca415492726c07cade3d56ff5f150088c2db710", "mean_reward": 0.814453125, "max_reward": 0.9375, "noop": false, "changed": 474598400, "applied_l2": 2.2700461062368253, "requested_l2": 2.2684964442210482, "wait_seconds": 155.05062868399546, "record_seconds": 0.00800150100258179, "update_seconds": 2.6501598110044142, "publish_seconds": 0.005373156993300654, "total_seconds": 157.71416315299575}
{"event": "generation_open", "t": 1791413413.267332, "generation": 39, "parent_sha256": "e3b569c7f8371993284319a0955cb941f2d52805896ba9608968d5a99d61e77c", "candidates": 24}
{"event": "generation_complete", "t": 1791413575.4522033, "generation": 39}
{"event": "update_recorded", "t": 1791413575.4566784, "generation": 39, "record_hash": "393a56d0b57bef758e42c91d69cdc2b5e95be227ca9923c67b2bc2494cade159"}
{"event": "update_applied", "t": 1791413577.9989111, "generation": 39, "child_sha256": "6d03e9e19b4173089796105ee5d2d7aeeeeaed2997b9de19f15bd5461f434125", "noop": false, "changed": 474600299, "applied_l2": 2.269912251983789}
{"event": "weights_pruned", "t": 1791413578.019708, "removed": ["8ff3ef0c055e237ffe1b2b3a7062801ba5d28dad0f23c29d9f12a8ffd533acb9"], "kept": ["01d2b3a6e5aedbe5c49bd6c50d680b13b79f90720e1dd8c55013471a063102a2", "e3b569c7f8371993284319a0955cb941f2d52805896ba9608968d5a99d61e77c", "6d03e9e19b4173089796105ee5d2d7aeeeeaed2997b9de19f15bd5461f434125"]}
{"event": "weights_published", "t": 1791413578.0197353, "generation": 39, "child_sha256": "6d03e9e19b4173089796105ee5d2d7aeeeeaed2997b9de19f15bd5461f434125"}
{"event": "generation_done", "t": 1791413578.0197794, "generation": 39, "parent_sha256": "e3b569c7f8371993284319a0955cb941f2d52805896ba9608968d5a99d61e77c", "child_sha256": "6d03e9e19b4173089796105ee5d2d7aeeeeaed2997b9de19f15bd5461f434125", "record_hash": "393a56d0b57bef758e42c91d69cdc2b5e95be227ca9923c67b2bc2494cade159", "mean_reward": 0.7981770833333334, "max_reward": 0.921875, "noop": false, "changed": 474600299, "applied_l2": 2.269912251983789, "requested_l2": 2.268360517659434, "wait_seconds": 162.19472587799828, "record_seconds": 0.004574070990202017, "update_seconds": 2.542270075005945, "publish_seconds": 0.02082650500233285, "total_seconds": 164.76239652899676}
{"event": "generation_open", "t": 1791413578.1659732, "generation": 40, "parent_sha256": "6d03e9e19b4173089796105ee5d2d7aeeeeaed2997b9de19f15bd5461f434125", "candidates": 24}
{"event": "generation_complete", "t": 1791413718.6205587, "generation": 40}
{"event": "update_recorded", "t": 1791413718.625695, "generation": 40, "record_hash": "3543a7a2185e64a2d86e0bca4eb758086e8bd0faaa7f1c9fce60621d45b82ee3"}
{"event": "update_applied", "t": 1791413721.3943455, "generation": 40, "child_sha256": "fcc7138e6c88fad8a1bd5d87bbbe5d51bedb0506761e0f184efb43588d53190a", "noop": false, "changed": 474592086, "applied_l2": 2.2701058753773102}
{"event": "weights_pruned", "t": 1791413721.3964214, "removed": ["01d2b3a6e5aedbe5c49bd6c50d680b13b79f90720e1dd8c55013471a063102a2"], "kept": ["e3b569c7f8371993284319a0955cb941f2d52805896ba9608968d5a99d61e77c", "6d03e9e19b4173089796105ee5d2d7aeeeeaed2997b9de19f15bd5461f434125", "fcc7138e6c88fad8a1bd5d87bbbe5d51bedb0506761e0f184efb43588d53190a"]}
{"event": "weights_published", "t": 1791413721.3964474, "generation": 40, "child_sha256": "fcc7138e6c88fad8a1bd5d87bbbe5d51bedb0506761e0f184efb43588d53190a"}
{"event": "generation_done", "t": 1791413721.3964925, "generation": 40, "parent_sha256": "6d03e9e19b4173089796105ee5d2d7aeeeeaed2997b9de19f15bd5461f434125", "child_sha256": "fcc7138e6c88fad8a1bd5d87bbbe5d51bedb0506761e0f184efb43588d53190a", "record_hash": "3543a7a2185e64a2d86e0bca4eb758086e8bd0faaa7f1c9fce60621d45b82ee3", "mean_reward": 0.7942708333333334, "max_reward": 0.890625, "noop": false, "changed": 474592086, "applied_l2": 2.2701058753773102, "requested_l2": 2.268553722170115, "wait_seconds": 140.6006196320086, "record_seconds": 0.005222727995715104, "update_seconds": 2.7686830290040234, "publish_seconds": 0.0021036800026195124, "total_seconds": 143.37662906901096}
{"event": "generation_open", "t": 1791413721.402113, "generation": 41, "parent_sha256": "fcc7138e6c88fad8a1bd5d87bbbe5d51bedb0506761e0f184efb43588d53190a", "candidates": 24}
{"event": "generation_complete", "t": 1791413877.1614234, "generation": 41}
{"event": "update_recorded", "t": 1791413877.1677945, "generation": 41, "record_hash": "a257f19d1367f9667b97c0b23625b4b82d18c3eab2754c1ff1405492a3bb07ac"}
{"event": "update_applied", "t": 1791413879.8546996, "generation": 41, "child_sha256": "73880c1f3c130747c50d54dd32d1103a75e926992c18abcfcfb140d491026d9d", "noop": false, "changed": 474596742, "applied_l2": 2.2700967092231603}
{"event": "weights_pruned", "t": 1791413879.8602245, "removed": ["e3b569c7f8371993284319a0955cb941f2d52805896ba9608968d5a99d61e77c"], "kept": ["6d03e9e19b4173089796105ee5d2d7aeeeeaed2997b9de19f15bd5461f434125", "fcc7138e6c88fad8a1bd5d87bbbe5d51bedb0506761e0f184efb43588d53190a", "73880c1f3c130747c50d54dd32d1103a75e926992c18abcfcfb140d491026d9d"]}
{"event": "weights_published", "t": 1791413879.8602512, "generation": 41, "child_sha256": "73880c1f3c130747c50d54dd32d1103a75e926992c18abcfcfb140d491026d9d"}
{"event": "generation_done", "t": 1791413879.8602931, "generation": 41, "parent_sha256": "fcc7138e6c88fad8a1bd5d87bbbe5d51bedb0506761e0f184efb43588d53190a", "child_sha256": "73880c1f3c130747c50d54dd32d1103a75e926992c18abcfcfb140d491026d9d", "record_hash": "a257f19d1367f9667b97c0b23625b4b82d18c3eab2754c1ff1405492a3bb07ac", "mean_reward": 0.818359375, "max_reward": 0.90625, "noop": false, "changed": 474596742, "applied_l2": 2.2700967092231603, "requested_l2": 2.2685419086007443, "wait_seconds": 155.7647653400054, "record_seconds": 0.0064613629947416484, "update_seconds": 2.686939393999637, "publish_seconds": 0.005553612994845025, "total_seconds": 158.46371970999462}
{"event": "generation_open", "t": 1791413879.8713853, "generation": 42, "parent_sha256": "73880c1f3c130747c50d54dd32d1103a75e926992c18abcfcfb140d491026d9d", "candidates": 24}
{"event": "generation_complete", "t": 1791414046.9111657, "generation": 42}
{"event": "update_recorded", "t": 1791414046.9161994, "generation": 42, "record_hash": "453d4bdc6dd089936a0c872eb44c105a5d907d11ad1fed01a994e836c44eeeb7"}
{"event": "update_applied", "t": 1791414049.544416, "generation": 42, "child_sha256": "389b4394f9008b42060b104803d5082889b32f8be51f72002630ec33a94ede50", "noop": false, "changed": 474599783, "applied_l2": 2.2700881195068963}
{"event": "weights_pruned", "t": 1791414049.5494168, "removed": ["6d03e9e19b4173089796105ee5d2d7aeeeeaed2997b9de19f15bd5461f434125"], "kept": ["fcc7138e6c88fad8a1bd5d87bbbe5d51bedb0506761e0f184efb43588d53190a", "73880c1f3c130747c50d54dd32d1103a75e926992c18abcfcfb140d491026d9d", "389b4394f9008b42060b104803d5082889b32f8be51f72002630ec33a94ede50"]}
{"event": "weights_published", "t": 1791414049.5494416, "generation": 42, "child_sha256": "389b4394f9008b42060b104803d5082889b32f8be51f72002630ec33a94ede50"}
{"event": "generation_done", "t": 1791414049.5494866, "generation": 42, "parent_sha256": "73880c1f3c130747c50d54dd32d1103a75e926992c18abcfcfb140d491026d9d", "child_sha256": "389b4394f9008b42060b104803d5082889b32f8be51f72002630ec33a94ede50", "record_hash": "453d4bdc6dd089936a0c872eb44c105a5d907d11ad1fed01a994e836c44eeeb7", "mean_reward": 0.810546875, "max_reward": 0.90625, "noop": false, "changed": 474599783, "applied_l2": 2.2700881195068963, "requested_l2": 2.2685305685247314, "wait_seconds": 167.05069501200342, "record_seconds": 0.005121519003296271, "update_seconds": 2.628259581993916, "publish_seconds": 0.005027481995057315, "total_seconds": 169.6891035949957}
{"event": "generation_open", "t": 1791414049.5559764, "generation": 43, "parent_sha256": "389b4394f9008b42060b104803d5082889b32f8be51f72002630ec33a94ede50", "candidates": 24}
{"event": "generation_complete", "t": 1791414213.0912197, "generation": 43}
{"event": "update_recorded", "t": 1791414213.0991008, "generation": 43, "record_hash": "6f759419784e7760aef0d12cc2c6e2c572dd975717847a3537d1c9e3fee4f4cb"}
{"event": "update_applied", "t": 1791414215.8444867, "generation": 43, "child_sha256": "b6793f22afdf68100fac12a933043e1cf82e6fc76de2a1bbf143d5d3ca949489", "noop": false, "changed": 474594071, "applied_l2": 2.270088863016407}
{"event": "weights_pruned", "t": 1791414215.8670459, "removed": ["fcc7138e6c88fad8a1bd5d87bbbe5d51bedb0506761e0f184efb43588d53190a"], "kept": ["73880c1f3c130747c50d54dd32d1103a75e926992c18abcfcfb140d491026d9d", "389b4394f9008b42060b104803d5082889b32f8be51f72002630ec33a94ede50", "b6793f22afdf68100fac12a933043e1cf82e6fc76de2a1bbf143d5d3ca949489"]}
{"event": "weights_published", "t": 1791414215.86708, "generation": 43, "child_sha256": "b6793f22afdf68100fac12a933043e1cf82e6fc76de2a1bbf143d5d3ca949489"}
{"event": "generation_done", "t": 1791414215.867126, "generation": 43, "parent_sha256": "389b4394f9008b42060b104803d5082889b32f8be51f72002630ec33a94ede50", "child_sha256": "b6793f22afdf68100fac12a933043e1cf82e6fc76de2a1bbf143d5d3ca949489", "record_hash": "6f759419784e7760aef0d12cc2c6e2c572dd975717847a3537d1c9e3fee4f4cb", "mean_reward": 0.80078125, "max_reward": 0.953125, "noop": false, "changed": 474594071, "applied_l2": 2.270088863016407, "requested_l2": 2.2685413219306185, "wait_seconds": 163.54157847900933, "record_seconds": 0.007966114004375413, "update_seconds": 2.745417380996514, "publish_seconds": 0.022595039990847, "total_seconds": 166.31755701400107}
{"event": "generation_open", "t": 1791414215.8755016, "generation": 44, "parent_sha256": "b6793f22afdf68100fac12a933043e1cf82e6fc76de2a1bbf143d5d3ca949489", "candidates": 24}
{"event": "generation_complete", "t": 1791414380.9912736, "generation": 44}
{"event": "update_recorded", "t": 1791414380.9982727, "generation": 44, "record_hash": "f2cb13c54e4d4349409058926f40e4e14b9fce77af43fef31b1544f444c5d768"}
{"event": "update_applied", "t": 1791414383.6854446, "generation": 44, "child_sha256": "805ad0db84cdb10db1fc19e8d07211dbd9d29378311de0f695e274b327092600", "noop": false, "changed": 474592983, "applied_l2": 2.270027928560658}
{"event": "weights_pruned", "t": 1791414383.7040842, "removed": ["73880c1f3c130747c50d54dd32d1103a75e926992c18abcfcfb140d491026d9d"], "kept": ["389b4394f9008b42060b104803d5082889b32f8be51f72002630ec33a94ede50", "b6793f22afdf68100fac12a933043e1cf82e6fc76de2a1bbf143d5d3ca949489", "805ad0db84cdb10db1fc19e8d07211dbd9d29378311de0f695e274b327092600"]}
{"event": "weights_published", "t": 1791414383.7041109, "generation": 44, "child_sha256": "805ad0db84cdb10db1fc19e8d07211dbd9d29378311de0f695e274b327092600"}
{"event": "generation_done", "t": 1791414383.704157, "generation": 44, "parent_sha256": "b6793f22afdf68100fac12a933043e1cf82e6fc76de2a1bbf143d5d3ca949489", "child_sha256": "805ad0db84cdb10db1fc19e8d07211dbd9d29378311de0f695e274b327092600", "record_hash": "f2cb13c54e4d4349409058926f40e4e14b9fce77af43fef31b1544f444c5d768", "mean_reward": 0.8079427083333334, "max_reward": 0.890625, "noop": false, "changed": 474592983, "applied_l2": 2.270027928560658, "requested_l2": 2.2684756377628372, "wait_seconds": 165.12398218100134, "record_seconds": 0.007091341991326772, "update_seconds": 2.6872047130018473, "publish_seconds": 0.01866886200150475, "total_seconds": 167.83694709799602}
{"event": "generation_open", "t": 1791414383.708781, "generation": 45, "parent_sha256": "805ad0db84cdb10db1fc19e8d07211dbd9d29378311de0f695e274b327092600", "candidates": 24}
{"event": "generation_complete", "t": 1791414548.9222953, "generation": 45}
{"event": "update_recorded", "t": 1791414548.9299293, "generation": 45, "record_hash": "3d4ccd44538bc3146495e7a1a5dd5cd596ec6b8657f524de50a60c922757792a"}
{"event": "update_applied", "t": 1791414551.5253065, "generation": 45, "child_sha256": "ac6067cc03fd63586d5d0ddfee79f2ffea1165fc23e2b7a6f918769e12e9f0f9", "noop": false, "changed": 474595878, "applied_l2": 2.269998779941977}
{"event": "weights_pruned", "t": 1791414551.5458136, "removed": ["389b4394f9008b42060b104803d5082889b32f8be51f72002630ec33a94ede50"], "kept": ["b6793f22afdf68100fac12a933043e1cf82e6fc76de2a1bbf143d5d3ca949489", "805ad0db84cdb10db1fc19e8d07211dbd9d29378311de0f695e274b327092600", "ac6067cc03fd63586d5d0ddfee79f2ffea1165fc23e2b7a6f918769e12e9f0f9"]}
{"event": "weights_published", "t": 1791414551.5458417, "generation": 45, "child_sha256": "ac6067cc03fd63586d5d0ddfee79f2ffea1165fc23e2b7a6f918769e12e9f0f9"}
{"event": "generation_done", "t": 1791414551.5458882, "generation": 45, "parent_sha256": "805ad0db84cdb10db1fc19e8d07211dbd9d29378311de0f695e274b327092600", "child_sha256": "ac6067cc03fd63586d5d0ddfee79f2ffea1165fc23e2b7a6f918769e12e9f0f9", "record_hash": "3d4ccd44538bc3146495e7a1a5dd5cd596ec6b8657f524de50a60c922757792a", "mean_reward": 0.8079427083333334, "max_reward": 0.921875, "noop": false, "changed": 474595878, "applied_l2": 2.269998779941977, "requested_l2": 2.2684446567244465, "wait_seconds": 165.21797541799606, "record_seconds": 0.007713098006206565, "update_seconds": 2.595417523989454, "publish_seconds": 0.020537283999146894, "total_seconds": 167.84164332399087}
{"event": "generation_open", "t": 1791414551.5511155, "generation": 46, "parent_sha256": "ac6067cc03fd63586d5d0ddfee79f2ffea1165fc23e2b7a6f918769e12e9f0f9", "candidates": 24}
{"event": "generation_complete", "t": 1791414654.048874, "generation": 46}
{"event": "update_recorded", "t": 1791414654.0538254, "generation": 46, "record_hash": "9b4c964d1da995ca36a2157ecbc34373c6f0307886d7a6ca6d32f8eda2875ed1"}
{"event": "update_applied", "t": 1791414656.4231148, "generation": 46, "child_sha256": "1f6179216acc5d61beac657c027fdab4d207290ce755437e0b94e4e35cbf4a8f", "noop": false, "changed": 474591686, "applied_l2": 2.2701562965666526}
{"event": "weights_pruned", "t": 1791414656.4500134, "removed": ["b6793f22afdf68100fac12a933043e1cf82e6fc76de2a1bbf143d5d3ca949489"], "kept": ["805ad0db84cdb10db1fc19e8d07211dbd9d29378311de0f695e274b327092600", "ac6067cc03fd63586d5d0ddfee79f2ffea1165fc23e2b7a6f918769e12e9f0f9", "1f6179216acc5d61beac657c027fdab4d207290ce755437e0b94e4e35cbf4a8f"]}
{"event": "weights_published", "t": 1791414656.450048, "generation": 46, "child_sha256": "1f6179216acc5d61beac657c027fdab4d207290ce755437e0b94e4e35cbf4a8f"}
{"event": "generation_done", "t": 1791414656.4500952, "generation": 46, "parent_sha256": "ac6067cc03fd63586d5d0ddfee79f2ffea1165fc23e2b7a6f918769e12e9f0f9", "child_sha256": "1f6179216acc5d61beac657c027fdab4d207290ce755437e0b94e4e35cbf4a8f", "record_hash": "9b4c964d1da995ca36a2157ecbc34373c6f0307886d7a6ca6d32f8eda2875ed1", "mean_reward": 0.814453125, "max_reward": 0.9375, "noop": false, "changed": 474591686, "applied_l2": 2.2701562965666526, "requested_l2": 2.2685998136782657, "wait_seconds": 102.50275851100741, "record_seconds": 0.00510435899195727, "update_seconds": 2.36932102200808, "publish_seconds": 0.026935023997793905, "total_seconds": 104.90411891600525}
{"event": "generation_open", "t": 1791414656.4596167, "generation": 47, "parent_sha256": "1f6179216acc5d61beac657c027fdab4d207290ce755437e0b94e4e35cbf4a8f", "candidates": 24}
{"event": "generation_complete", "t": 1791414753.9811668, "generation": 47}
{"event": "update_recorded", "t": 1791414753.9857824, "generation": 47, "record_hash": "2b4effbe2c7328243459076b509cd74876a3aff9acd9c528dc2c3ade0f68e420"}
{"event": "update_applied", "t": 1791414756.3573592, "generation": 47, "child_sha256": "84f12a62f3c58d0a64a42f84cedf49fcbe05c8e9c0fe88068f658030ae0a5ed9", "noop": false, "changed": 474598689, "applied_l2": 2.270026545059269}
{"event": "weights_pruned", "t": 1791414756.3622625, "removed": ["805ad0db84cdb10db1fc19e8d07211dbd9d29378311de0f695e274b327092600"], "kept": ["ac6067cc03fd63586d5d0ddfee79f2ffea1165fc23e2b7a6f918769e12e9f0f9", "1f6179216acc5d61beac657c027fdab4d207290ce755437e0b94e4e35cbf4a8f", "84f12a62f3c58d0a64a42f84cedf49fcbe05c8e9c0fe88068f658030ae0a5ed9"]}
{"event": "weights_published", "t": 1791414756.3622801, "generation": 47, "child_sha256": "84f12a62f3c58d0a64a42f84cedf49fcbe05c8e9c0fe88068f658030ae0a5ed9"}
{"event": "generation_done", "t": 1791414756.3623188, "generation": 47, "parent_sha256": "1f6179216acc5d61beac657c027fdab4d207290ce755437e0b94e4e35cbf4a8f", "child_sha256": "84f12a62f3c58d0a64a42f84cedf49fcbe05c8e9c0fe88068f658030ae0a5ed9", "record_hash": "2b4effbe2c7328243459076b509cd74876a3aff9acd9c528dc2c3ade0f68e420", "mean_reward": 0.8170572916666666, "max_reward": 0.875, "noop": false, "changed": 474598689, "applied_l2": 2.270026545059269, "requested_l2": 2.2684666018279356, "wait_seconds": 97.53078268500394, "record_seconds": 0.004834545994526707, "update_seconds": 2.3716074999974808, "publish_seconds": 0.004922790001728572, "total_seconds": 99.91214752099768}
{"event": "generation_open", "t": 1791414756.3680005, "generation": 48, "parent_sha256": "84f12a62f3c58d0a64a42f84cedf49fcbe05c8e9c0fe88068f658030ae0a5ed9", "candidates": 24}
{"event": "generation_complete", "t": 1791414850.089152, "generation": 48}
{"event": "update_recorded", "t": 1791414850.0975318, "generation": 48, "record_hash": "cc42e00da5236339ad198eddf2ac21f4cd2090dad38d361073a27a2c28d3ef83"}
{"event": "update_applied", "t": 1791414852.4826128, "generation": 48, "child_sha256": "8ce77d76b0bcb3a12dd27783321bf5b3084b0df18b3349ba48fc028edac8a22f", "noop": false, "changed": 474605504, "applied_l2": 2.2699936380044843}
{"event": "weights_pruned", "t": 1791414852.502782, "removed": ["ac6067cc03fd63586d5d0ddfee79f2ffea1165fc23e2b7a6f918769e12e9f0f9"], "kept": ["1f6179216acc5d61beac657c027fdab4d207290ce755437e0b94e4e35cbf4a8f", "84f12a62f3c58d0a64a42f84cedf49fcbe05c8e9c0fe88068f658030ae0a5ed9", "8ce77d76b0bcb3a12dd27783321bf5b3084b0df18b3349ba48fc028edac8a22f"]}
{"event": "weights_published", "t": 1791414852.5028112, "generation": 48, "child_sha256": "8ce77d76b0bcb3a12dd27783321bf5b3084b0df18b3349ba48fc028edac8a22f"}
{"event": "generation_done", "t": 1791414852.5028605, "generation": 48, "parent_sha256": "84f12a62f3c58d0a64a42f84cedf49fcbe05c8e9c0fe88068f658030ae0a5ed9", "child_sha256": "8ce77d76b0bcb3a12dd27783321bf5b3084b0df18b3349ba48fc028edac8a22f", "record_hash": "cc42e00da5236339ad198eddf2ac21f4cd2090dad38d361073a27a2c28d3ef83", "mean_reward": 0.8111979166666666, "max_reward": 0.921875, "noop": false, "changed": 474605504, "applied_l2": 2.2699936380044843, "requested_l2": 2.2684386624841264, "wait_seconds": 93.7263457539957, "record_seconds": 0.00878695999563206, "update_seconds": 2.3851180150086293, "publish_seconds": 0.02019992699206341, "total_seconds": 96.14045065599203}
{"event": "generation_open", "t": 1791414852.508104, "generation": 49, "parent_sha256": "8ce77d76b0bcb3a12dd27783321bf5b3084b0df18b3349ba48fc028edac8a22f", "candidates": 24}
{"event": "generation_complete", "t": 1791414955.001047, "generation": 49}
{"event": "update_recorded", "t": 1791414955.0057895, "generation": 49, "record_hash": "cf00c362d4c4db8348453b27f8dd7a9e45928a8bd5ddb476bf7eb38b4e0e5234"}
{"event": "update_applied", "t": 1791414957.3387873, "generation": 49, "child_sha256": "1f7fa49473022767fb3eed071fae16e47f7af008a6e22cd1d5ef523f473bc031", "noop": false, "changed": 474595970, "applied_l2": 2.2701331476248874}
{"event": "weights_pruned", "t": 1791414957.3608, "removed": ["1f6179216acc5d61beac657c027fdab4d207290ce755437e0b94e4e35cbf4a8f"], "kept": ["84f12a62f3c58d0a64a42f84cedf49fcbe05c8e9c0fe88068f658030ae0a5ed9", "8ce77d76b0bcb3a12dd27783321bf5b3084b0df18b3349ba48fc028edac8a22f", "1f7fa49473022767fb3eed071fae16e47f7af008a6e22cd1d5ef523f473bc031"]}
{"event": "weights_published", "t": 1791414957.3608344, "generation": 49, "child_sha256": "1f7fa49473022767fb3eed071fae16e47f7af008a6e22cd1d5ef523f473bc031"}
{"event": "generation_done", "t": 1791414957.3608823, "generation": 49, "parent_sha256": "8ce77d76b0bcb3a12dd27783321bf5b3084b0df18b3349ba48fc028edac8a22f", "child_sha256": "1f7fa49473022767fb3eed071fae16e47f7af008a6e22cd1d5ef523f473bc031", "record_hash": "cf00c362d4c4db8348453b27f8dd7a9e45928a8bd5ddb476bf7eb38b4e0e5234", "mean_reward": 0.8313802083333334, "max_reward": 0.90625, "noop": false, "changed": 474595970, "applied_l2": 2.2701331476248874, "requested_l2": 2.2685796065519868, "wait_seconds": 102.49794697199832, "record_seconds": 0.004899410007055849, "update_seconds": 2.333035639996524, "publish_seconds": 0.022048683997127227, "total_seconds": 104.85793070599902}
{"event": "generation_open", "t": 1791414957.3720138, "generation": 50, "parent_sha256": "1f7fa49473022767fb3eed071fae16e47f7af008a6e22cd1d5ef523f473bc031", "candidates": 24}
{"event": "generation_complete", "t": 1791415058.5266666, "generation": 50}
{"event": "update_recorded", "t": 1791415058.5319974, "generation": 50, "record_hash": "437b11a530b8367ebe7fdbaa8252270dfd64994506ea86a9b8a772ff57cb0723"}
{"event": "update_applied", "t": 1791415060.9078305, "generation": 50, "child_sha256": "f8a730f0007d77b756cd0c3c24c89aaccd661993a963417b4232660d85151fd0", "noop": false, "changed": 474596606, "applied_l2": 2.2701645457678383}
{"event": "weights_pruned", "t": 1791415060.9333436, "removed": ["84f12a62f3c58d0a64a42f84cedf49fcbe05c8e9c0fe88068f658030ae0a5ed9"], "kept": ["8ce77d76b0bcb3a12dd27783321bf5b3084b0df18b3349ba48fc028edac8a22f", "1f7fa49473022767fb3eed071fae16e47f7af008a6e22cd1d5ef523f473bc031", "f8a730f0007d77b756cd0c3c24c89aaccd661993a963417b4232660d85151fd0"]}
{"event": "weights_published", "t": 1791415060.9333763, "generation": 50, "child_sha256": "f8a730f0007d77b756cd0c3c24c89aaccd661993a963417b4232660d85151fd0"}
{"event": "generation_done", "t": 1791415060.933427, "generation": 50, "parent_sha256": "1f7fa49473022767fb3eed071fae16e47f7af008a6e22cd1d5ef523f473bc031", "child_sha256": "f8a730f0007d77b756cd0c3c24c89aaccd661993a963417b4232660d85151fd0", "record_hash": "437b11a530b8367ebe7fdbaa8252270dfd64994506ea86a9b8a772ff57cb0723", "mean_reward": 0.8020833333333334, "max_reward": 0.90625, "noop": false, "changed": 474596606, "applied_l2": 2.2701645457678383, "requested_l2": 2.2686063817634095, "wait_seconds": 101.16561322499183, "record_seconds": 0.005426172006991692, "update_seconds": 2.375864007000928, "publish_seconds": 0.02554745099041611, "total_seconds": 103.57245085499017}
{"event": "generation_open", "t": 1791415060.9440482, "generation": 51, "parent_sha256": "f8a730f0007d77b756cd0c3c24c89aaccd661993a963417b4232660d85151fd0", "candidates": 24}
{"event": "generation_complete", "t": 1791415158.3622677, "generation": 51}
{"event": "update_recorded", "t": 1791415158.36726, "generation": 51, "record_hash": "bfde4e5a7aa254d3b32a0bb35c29479b17fe1ba00abfe18bacb000eadb6f6bc8"}
{"event": "update_applied", "t": 1791415160.7446065, "generation": 51, "child_sha256": "33cb67852b6016b4d0ae6a5ba395daee6c639bbc09f0e8c6715f7e9028b6e941", "noop": false, "changed": 474601446, "applied_l2": 2.2700710054537647}
{"event": "weights_pruned", "t": 1791415160.7673612, "removed": ["8ce77d76b0bcb3a12dd27783321bf5b3084b0df18b3349ba48fc028edac8a22f"], "kept": ["1f7fa49473022767fb3eed071fae16e47f7af008a6e22cd1d5ef523f473bc031", "f8a730f0007d77b756cd0c3c24c89aaccd661993a963417b4232660d85151fd0", "33cb67852b6016b4d0ae6a5ba395daee6c639bbc09f0e8c6715f7e9028b6e941"]}
{"event": "weights_published", "t": 1791415160.7673905, "generation": 51, "child_sha256": "33cb67852b6016b4d0ae6a5ba395daee6c639bbc09f0e8c6715f7e9028b6e941"}
{"event": "generation_done", "t": 1791415160.7674348, "generation": 51, "parent_sha256": "f8a730f0007d77b756cd0c3c24c89aaccd661993a963417b4232660d85151fd0", "child_sha256": "33cb67852b6016b4d0ae6a5ba395daee6c639bbc09f0e8c6715f7e9028b6e941", "record_hash": "bfde4e5a7aa254d3b32a0bb35c29479b17fe1ba00abfe18bacb000eadb6f6bc8", "mean_reward": 0.82421875, "max_reward": 0.90625, "noop": false, "changed": 474601446, "applied_l2": 2.2700710054537647, "requested_l2": 2.268524117996682, "wait_seconds": 97.42849056501291, "record_seconds": 0.005259843994281255, "update_seconds": 2.3773810290003894, "publish_seconds": 0.022786083005485125, "total_seconds": 99.83391752101306}
{"event": "generation_open", "t": 1791415160.7724388, "generation": 52, "parent_sha256": "33cb67852b6016b4d0ae6a5ba395daee6c639bbc09f0e8c6715f7e9028b6e941", "candidates": 24}
{"event": "generation_complete", "t": 1791415264.3332162, "generation": 52}
{"event": "update_recorded", "t": 1791415264.340314, "generation": 52, "record_hash": "81c9de709317e86b72243889d38664eaccb0c140167684593fb4c0e400cf052f"}
{"event": "update_applied", "t": 1791415266.7039506, "generation": 52, "child_sha256": "5829a446816cee940ee4fbf3f14f6e2a1a5f07b7377fd438dc2881df870074c0", "noop": false, "changed": 474588902, "applied_l2": 2.2700925606112405}
{"event": "weights_pruned", "t": 1791415266.7091115, "removed": ["1f7fa49473022767fb3eed071fae16e47f7af008a6e22cd1d5ef523f473bc031"], "kept": ["f8a730f0007d77b756cd0c3c24c89aaccd661993a963417b4232660d85151fd0", "33cb67852b6016b4d0ae6a5ba395daee6c639bbc09f0e8c6715f7e9028b6e941", "5829a446816cee940ee4fbf3f14f6e2a1a5f07b7377fd438dc2881df870074c0"]}
{"event": "weights_published", "t": 1791415266.709139, "generation": 52, "child_sha256": "5829a446816cee940ee4fbf3f14f6e2a1a5f07b7377fd438dc2881df870074c0"}
{"event": "generation_done", "t": 1791415266.7091856, "generation": 52, "parent_sha256": "33cb67852b6016b4d0ae6a5ba395daee6c639bbc09f0e8c6715f7e9028b6e941", "child_sha256": "5829a446816cee940ee4fbf3f14f6e2a1a5f07b7377fd438dc2881df870074c0", "record_hash": "81c9de709317e86b72243889d38664eaccb0c140167684593fb4c0e400cf052f", "mean_reward": 0.833984375, "max_reward": 0.90625, "noop": false, "changed": 474588902, "applied_l2": 2.2700925606112405, "requested_l2": 2.268542436807094, "wait_seconds": 103.56562145499629, "record_seconds": 0.007187496012193151, "update_seconds": 2.363667256999179, "publish_seconds": 0.005190992989810184, "total_seconds": 105.94166720099747}
{"event": "generation_open", "t": 1791415266.7156878, "generation": 53, "parent_sha256": "5829a446816cee940ee4fbf3f14f6e2a1a5f07b7377fd438dc2881df870074c0", "candidates": 24}
{"event": "generation_complete", "t": 1791415366.9514675, "generation": 53}
{"event": "update_recorded", "t": 1791415366.9558563, "generation": 53, "record_hash": "782a5ef837dfab6f4873e7a824564fcff62670cb799c8d093827f3848e762e47"}
{"event": "update_applied", "t": 1791415369.3469026, "generation": 53, "child_sha256": "9e97e8cd9a64f3c4f7ac057cc620dde28e53220a1c6f7f5ae5222ad264392f03", "noop": false, "changed": 474593449, "applied_l2": 2.2701329129389567}
{"event": "weights_pruned", "t": 1791415369.3722253, "removed": ["f8a730f0007d77b756cd0c3c24c89aaccd661993a963417b4232660d85151fd0"], "kept": ["33cb67852b6016b4d0ae6a5ba395daee6c639bbc09f0e8c6715f7e9028b6e941", "5829a446816cee940ee4fbf3f14f6e2a1a5f07b7377fd438dc2881df870074c0", "9e97e8cd9a64f3c4f7ac057cc620dde28e53220a1c6f7f5ae5222ad264392f03"]}
{"event": "weights_published", "t": 1791415369.3722577, "generation": 53, "child_sha256": "9e97e8cd9a64f3c4f7ac057cc620dde28e53220a1c6f7f5ae5222ad264392f03"}
{"event": "generation_done", "t": 1791415369.3723023, "generation": 53, "parent_sha256": "5829a446816cee940ee4fbf3f14f6e2a1a5f07b7377fd438dc2881df870074c0", "child_sha256": "9e97e8cd9a64f3c4f7ac057cc620dde28e53220a1c6f7f5ae5222ad264392f03", "record_hash": "782a5ef837dfab6f4873e7a824564fcff62670cb799c8d093827f3848e762e47", "mean_reward": 0.8255208333333334, "max_reward": 0.9375, "noop": false, "changed": 474593449, "applied_l2": 2.2701329129389567, "requested_l2": 2.2685757616046787, "wait_seconds": 100.24211971199838, "record_seconds": 0.004474978995858692, "update_seconds": 2.391076918996987, "publish_seconds": 0.02535741199972108, "total_seconds": 102.66302902199095}
{"event": "generation_open", "t": 1791415369.3808599, "generation": 54, "parent_sha256": "9e97e8cd9a64f3c4f7ac057cc620dde28e53220a1c6f7f5ae5222ad264392f03", "candidates": 24}
{"event": "generation_complete", "t": 1791415464.3324735, "generation": 54}
{"event": "update_recorded", "t": 1791415464.3380177, "generation": 54, "record_hash": "12fe2c87c5b1f37c603945ec090d3a57d4a582829343a74a93137cf014f45046"}
{"event": "update_applied", "t": 1791415466.6793141, "generation": 54, "child_sha256": "1b6cb9c20c4e3e8c3abcaac3f872058f34f002275280fe8cafcb664dbb2a7526", "noop": false, "changed": 474594318, "applied_l2": 2.2700557749403245}
{"event": "weights_pruned", "t": 1791415466.7050893, "removed": ["33cb67852b6016b4d0ae6a5ba395daee6c639bbc09f0e8c6715f7e9028b6e941"], "kept": ["5829a446816cee940ee4fbf3f14f6e2a1a5f07b7377fd438dc2881df870074c0", "9e97e8cd9a64f3c4f7ac057cc620dde28e53220a1c6f7f5ae5222ad264392f03", "1b6cb9c20c4e3e8c3abcaac3f872058f34f002275280fe8cafcb664dbb2a7526"]}
{"event": "weights_published", "t": 1791415466.705118, "generation": 54, "child_sha256": "1b6cb9c20c4e3e8c3abcaac3f872058f34f002275280fe8cafcb664dbb2a7526"}
{"event": "generation_done", "t": 1791415466.705166, "generation": 54, "parent_sha256": "9e97e8cd9a64f3c4f7ac057cc620dde28e53220a1c6f7f5ae5222ad264392f03", "child_sha256": "1b6cb9c20c4e3e8c3abcaac3f872058f34f002275280fe8cafcb664dbb2a7526", "record_hash": "12fe2c87c5b1f37c603945ec090d3a57d4a582829343a74a93137cf014f45046", "mean_reward": 0.8365885416666666, "max_reward": 0.90625, "noop": false, "changed": 474594318, "applied_l2": 2.2700557749403245, "requested_l2": 2.268514912255519, "wait_seconds": 94.95993096599705, "record_seconds": 0.005705738003598526, "update_seconds": 2.3413319170067552, "publish_seconds": 0.025805322991800494, "total_seconds": 97.3327739439992}
{"event": "generation_open", "t": 1791415466.7157373, "generation": 55, "parent_sha256": "1b6cb9c20c4e3e8c3abcaac3f872058f34f002275280fe8cafcb664dbb2a7526", "candidates": 24}
{"event": "generation_complete", "t": 1791415565.1026497, "generation": 55}
{"event": "update_recorded", "t": 1791415565.1094208, "generation": 55, "record_hash": "6abbcf8efa89f1967ee4ad3be1d6c4d954136f855f095459689ab7092bdab2e5"}
{"event": "update_applied", "t": 1791415567.4763105, "generation": 55, "child_sha256": "3c3ea176e3236bbaee48df48bf4a2b6defac7518a428bb4cbd0c47cefe5d9216", "noop": false, "changed": 474596079, "applied_l2": 2.270034102895017}
{"event": "weights_pruned", "t": 1791415567.5023813, "removed": ["5829a446816cee940ee4fbf3f14f6e2a1a5f07b7377fd438dc2881df870074c0"], "kept": ["9e97e8cd9a64f3c4f7ac057cc620dde28e53220a1c6f7f5ae5222ad264392f03", "1b6cb9c20c4e3e8c3abcaac3f872058f34f002275280fe8cafcb664dbb2a7526", "3c3ea176e3236bbaee48df48bf4a2b6defac7518a428bb4cbd0c47cefe5d9216"]}
{"event": "weights_published", "t": 1791415567.502406, "generation": 55, "child_sha256": "3c3ea176e3236bbaee48df48bf4a2b6defac7518a428bb4cbd0c47cefe5d9216"}
{"event": "generation_done", "t": 1791415567.5024507, "generation": 55, "parent_sha256": "1b6cb9c20c4e3e8c3abcaac3f872058f34f002275280fe8cafcb664dbb2a7526", "child_sha256": "3c3ea176e3236bbaee48df48bf4a2b6defac7518a428bb4cbd0c47cefe5d9216", "record_hash": "6abbcf8efa89f1967ee4ad3be1d6c4d954136f855f095459689ab7092bdab2e5", "mean_reward": 0.8404947916666666, "max_reward": 0.9375, "noop": false, "changed": 474596079, "applied_l2": 2.270034102895017, "requested_l2": 2.2684852935651554, "wait_seconds": 98.3972816059977, "record_seconds": 0.006892681994941086, "update_seconds": 2.366929687006632, "publish_seconds": 0.026097145993844606, "total_seconds": 100.79720112099312}
{"event": "generation_open", "t": 1791415567.5116086, "generation": 56, "parent_sha256": "3c3ea176e3236bbaee48df48bf4a2b6defac7518a428bb4cbd0c47cefe5d9216", "candidates": 24}
{"event": "generation_complete", "t": 1791415669.4922202, "generation": 56}
{"event": "update_recorded", "t": 1791415669.4999814, "generation": 56, "record_hash": "6c1e8a3889b44652d3ddc3a32fb7da4294a25028690414d055f1879f9893d1b8"}
{"event": "update_applied", "t": 1791415671.870261, "generation": 56, "child_sha256": "6b75e42905f6c5ceeaa6f8084fabbbb66ec75c662b7ce0f96b8143c0bbbf1698", "noop": false, "changed": 474598736, "applied_l2": 2.2700215766210667}
{"event": "weights_pruned", "t": 1791415671.8962998, "removed": ["9e97e8cd9a64f3c4f7ac057cc620dde28e53220a1c6f7f5ae5222ad264392f03"], "kept": ["1b6cb9c20c4e3e8c3abcaac3f872058f34f002275280fe8cafcb664dbb2a7526", "3c3ea176e3236bbaee48df48bf4a2b6defac7518a428bb4cbd0c47cefe5d9216", "6b75e42905f6c5ceeaa6f8084fabbbb66ec75c662b7ce0f96b8143c0bbbf1698"]}
{"event": "weights_published", "t": 1791415671.8963368, "generation": 56, "child_sha256": "6b75e42905f6c5ceeaa6f8084fabbbb66ec75c662b7ce0f96b8143c0bbbf1698"}
{"event": "generation_done", "t": 1791415671.8963888, "generation": 56, "parent_sha256": "3c3ea176e3236bbaee48df48bf4a2b6defac7518a428bb4cbd0c47cefe5d9216", "child_sha256": "6b75e42905f6c5ceeaa6f8084fabbbb66ec75c662b7ce0f96b8143c0bbbf1698", "record_hash": "6c1e8a3889b44652d3ddc3a32fb7da4294a25028690414d055f1879f9893d1b8", "mean_reward": 0.84375, "max_reward": 0.890625, "noop": false, "changed": 474598736, "applied_l2": 2.2700215766210667, "requested_l2": 2.2684719482249442, "wait_seconds": 101.98960504800198, "record_seconds": 0.007821705992682837, "update_seconds": 2.3703372870077146, "publish_seconds": 0.026077522998093627, "total_seconds": 104.39384156400047}
{"event": "generation_open", "t": 1791415671.9042263, "generation": 57, "parent_sha256": "6b75e42905f6c5ceeaa6f8084fabbbb66ec75c662b7ce0f96b8143c0bbbf1698", "candidates": 24}
{"event": "generation_complete", "t": 1791415772.0011654, "generation": 57}
{"event": "update_recorded", "t": 1791415772.0061405, "generation": 57, "record_hash": "3a656f6a749dcbaf658dc40f4fb6a63c7a11db93cce2b8027bb5d8af6584c3b3"}
{"event": "update_applied", "t": 1791415774.3695917, "generation": 57, "child_sha256": "8ccbb5e4713d9ec24f32acf764c498fb5a6480ea45049bcf9d37a3b6666e6a60", "noop": false, "changed": 474601492, "applied_l2": 2.270048792412713}
{"event": "weights_pruned", "t": 1791415774.3748188, "removed": ["1b6cb9c20c4e3e8c3abcaac3f872058f34f002275280fe8cafcb664dbb2a7526"], "kept": ["3c3ea176e3236bbaee48df48bf4a2b6defac7518a428bb4cbd0c47cefe5d9216", "6b75e42905f6c5ceeaa6f8084fabbbb66ec75c662b7ce0f96b8143c0bbbf1698", "8ccbb5e4713d9ec24f32acf764c498fb5a6480ea45049bcf9d37a3b6666e6a60"]}
{"event": "weights_published", "t": 1791415774.3748438, "generation": 57, "child_sha256": "8ccbb5e4713d9ec24f32acf764c498fb5a6480ea45049bcf9d37a3b6666e6a60"}
{"event": "generation_done", "t": 1791415774.3749015, "generation": 57, "parent_sha256": "6b75e42905f6c5ceeaa6f8084fabbbb66ec75c662b7ce0f96b8143c0bbbf1698", "child_sha256": "8ccbb5e4713d9ec24f32acf764c498fb5a6480ea45049bcf9d37a3b6666e6a60", "record_hash": "3a656f6a749dcbaf658dc40f4fb6a63c7a11db93cce2b8027bb5d8af6584c3b3", "mean_reward": 0.8424479166666666, "max_reward": 0.90625, "noop": false, "changed": 474601492, "applied_l2": 2.270048792412713, "requested_l2": 2.2684935404927193, "wait_seconds": 100.10454658399976, "record_seconds": 0.005128748991410248, "update_seconds": 2.3634826519992203, "publish_seconds": 0.005254311006865464, "total_seconds": 102.47841229599726}
{"event": "generation_open", "t": 1791415774.3807156, "generation": 58, "parent_sha256": "8ccbb5e4713d9ec24f32acf764c498fb5a6480ea45049bcf9d37a3b6666e6a60", "candidates": 24}
{"event": "generation_complete", "t": 1791415872.7334986, "generation": 58}
{"event": "update_recorded", "t": 1791415872.7393913, "generation": 58, "record_hash": "9b5981628be4af4c4313eff10d26055c81d108c68725121401e02ad81c9d02db"}
{"event": "update_applied", "t": 1791415875.1108165, "generation": 58, "child_sha256": "9dc1f30ceb7d02d5cd14627c91be842029d01f8f38bfc01f5a0b62e61de10430", "noop": false, "changed": 474589804, "applied_l2": 2.2700693112337307}
{"event": "weights_pruned", "t": 1791415875.1308985, "removed": ["3c3ea176e3236bbaee48df48bf4a2b6defac7518a428bb4cbd0c47cefe5d9216"], "kept": ["6b75e42905f6c5ceeaa6f8084fabbbb66ec75c662b7ce0f96b8143c0bbbf1698", "8ccbb5e4713d9ec24f32acf764c498fb5a6480ea45049bcf9d37a3b6666e6a60", "9dc1f30ceb7d02d5cd14627c91be842029d01f8f38bfc01f5a0b62e61de10430"]}
{"event": "weights_published", "t": 1791415875.1309388, "generation": 58, "child_sha256": "9dc1f30ceb7d02d5cd14627c91be842029d01f8f38bfc01f5a0b62e61de10430"}
{"event": "generation_done", "t": 1791415875.1309865, "generation": 58, "parent_sha256": "8ccbb5e4713d9ec24f32acf764c498fb5a6480ea45049bcf9d37a3b6666e6a60", "child_sha256": "9dc1f30ceb7d02d5cd14627c91be842029d01f8f38bfc01f5a0b62e61de10430", "record_hash": "9b5981628be4af4c4313eff10d26055c81d108c68725121401e02ad81c9d02db", "mean_reward": 0.841796875, "max_reward": 0.9375, "noop": false, "changed": 474589804, "applied_l2": 2.2700693112337307, "requested_l2": 2.268515912880996, "wait_seconds": 98.35842793200572, "record_seconds": 0.005989008001051843, "update_seconds": 2.371457449000445, "publish_seconds": 0.02012416798970662, "total_seconds": 100.75599855699693}
{"event": "generation_open", "t": 1791415875.1411538, "generation": 59, "parent_sha256": "9dc1f30ceb7d02d5cd14627c91be842029d01f8f38bfc01f5a0b62e61de10430", "candidates": 24}
{"event": "generation_complete", "t": 1791415969.8136525, "generation": 59}
{"event": "update_recorded", "t": 1791415969.8195012, "generation": 59, "record_hash": "729faa6ebf541a87caa7f8a21898379176c48e13c7399d5e035a38889a673dcd"}
{"event": "update_applied", "t": 1791415972.1882176, "generation": 59, "child_sha256": "71037ad6cd0befd36e94e12f2bd737b3cd7e50ac18489fe4af1dc4deda52d37b", "noop": false, "changed": 474592563, "applied_l2": 2.2701056553009793}
{"event": "weights_pruned", "t": 1791415972.2128634, "removed": ["6b75e42905f6c5ceeaa6f8084fabbbb66ec75c662b7ce0f96b8143c0bbbf1698"], "kept": ["8ccbb5e4713d9ec24f32acf764c498fb5a6480ea45049bcf9d37a3b6666e6a60", "9dc1f30ceb7d02d5cd14627c91be842029d01f8f38bfc01f5a0b62e61de10430", "71037ad6cd0befd36e94e12f2bd737b3cd7e50ac18489fe4af1dc4deda52d37b"]}
{"event": "weights_published", "t": 1791415972.2129016, "generation": 59, "child_sha256": "71037ad6cd0befd36e94e12f2bd737b3cd7e50ac18489fe4af1dc4deda52d37b"}
{"event": "generation_done", "t": 1791415972.2129645, "generation": 59, "parent_sha256": "9dc1f30ceb7d02d5cd14627c91be842029d01f8f38bfc01f5a0b62e61de10430", "child_sha256": "71037ad6cd0befd36e94e12f2bd737b3cd7e50ac18489fe4af1dc4deda52d37b", "record_hash": "729faa6ebf541a87caa7f8a21898379176c48e13c7399d5e035a38889a673dcd", "mean_reward": 0.8391927083333334, "max_reward": 0.921875, "noop": false, "changed": 474592563, "applied_l2": 2.2701056553009793, "requested_l2": 2.268550786289073, "wait_seconds": 94.68250723500387, "record_seconds": 0.005942799005424604, "update_seconds": 2.368740528996568, "publish_seconds": 0.024685929995030165, "total_seconds": 97.08187649300089}
wrote artifacts/experiments/2026-10-07-learning-runtime/runC/coordinator/summary.json: ok
