Loading weights:   0%|          | 0/290 [00:00<?, ?it/s]Loading weights: 100%|██████████| 290/290 [00:00<00:00, 7681.63it/s]
{"event": "coordinator_start", "t": 1791396066.4988117, "environment": {"hostname": "5070ti", "platform": "Linux-7.0.0-38-generic-x86_64-with-glibc2.43", "python": "3.12.14", "torch": "2.13.0+cu132", "torch_cuda": "13.2", "numpy": "2.5.3", "transformers": "5.17.0", "device": "cuda", "gpu_name": "NVIDIA GeForce RTX 5070 Ti", "gpu_capability": [12, 0], "gpu_total_memory_bytes": 16611278848, "nvidia_driver": "595.91.07"}, "code": {"git_commit": "7e04b3bdee348f0b7691611ac69d6891dd3aad62", "git_dirty": true}, "args": {"model_path": "/home/pc5070ti/.cache/huggingface/hub/models--Qwen--Qwen2.5-0.5B-Instruct/snapshots/7ae557604adf67be50417f59c2c2f167def9a775", "out_dir": "artifacts/experiments/2026-10-07-learning-runtime/runB/coordinator", "weights_dir": "/home/pc5070ti/.cache/heteroes/learn-scratch/lrtB/published", "experiment_id": "lrtB", "candidates": 24, "generations": 100, "alpha": 0.001, "sigma": 0.001, "chunk_elements": null, "noise_engine": "cuda", "workload": "cot_l3_q64", "eval_dtype": "float32", "policy": "tail", "speed_prior": ["worker-1660s=19.19567544400372", "worker-5070ti=4.528053429003631", "worker-5070ti-2=4.528053429003631"], "tail_margin": 1.0, "quota": [], "admit": null, "wave_size": 2, "lease_seconds": 60.0, "stall_seconds": null, "resume": false, "allow_unauthenticated": true, "noise_threads": null, "max_attempts": 3, "failed_grace_seconds": 60.0, "timeout_seconds": 1200.0, "linger_seconds": 10.0, "host": "10.10.10.1", "port": 8765, "token_env": "HETEROES_TOKEN", "device": null}, "recipe_hash": "29ce8461e50acb035b92251d5d956ef71fa54af2f2602dd812c67ee7b5d66fa9", "recipe": {"manifest_version": 1, "model": {"id": "Qwen/Qwen2.5-0.5B-Instruct", "revision": "7ae557604adf67be50417f59c2c2f167def9a775", "tokenizer_revision": "7ae557604adf67be50417f59c2c2f167def9a775", "dtype": "torch.float16", "schema_hash": "0b21250e331398a266785dc473da3a8b8f5e8f98fa15e9044637d742eb7845ec"}, "noise": {"engine_version": "torch_cuda_philox_chunked_f32_to_f16_v1", "chunk_elements": 22528, "fingerprint": "9492a49ab70efe98e2b710e9a9e927f54be658489eae4b549c0cbf7340b9ffaf"}, "perturbation": {"sigma": 0.001, "sigma_float32": 0.0010000000474974513}, "update": {"epsilon": "canonical_fp16_upcast_fp32", "accumulation_dtype": "float32", "reward_standardization": "population_std_float64_zero_below_eta", "candidate_order": "listed_order", "reward_eta": 1e-09}, "workload": {"hash": "9049518d5d51ccfffe2687cc2fa4b731f03590b7e2a2a78de71c5952aa4adc35", "generation_config_sha256": "b55cff86f578c8340c5d24f380d97989b021618b79a30df0a802c0362b7a0346", "eval_dtype": "float32", "name": "cot_l3_q64"}}, "noise_selftest_seconds": 0.008089413000561763, "engine_selftest_seconds": 0.01520202500250889}
{"event": "listening", "t": 1791396067.025691, "url": "http://10.10.10.1:8765", "initial_weights_sha256": "c9118c8a4903c0a84700deeaf7b1929c354dfcf6d6805c08d9afb22cfd5d22c7"}
{"event": "generation_open", "t": 1791396067.6715019, "generation": 0, "parent_sha256": "c9118c8a4903c0a84700deeaf7b1929c354dfcf6d6805c08d9afb22cfd5d22c7", "candidates": 24}
{"event": "generation_complete", "t": 1791396192.3857534, "generation": 0}
{"event": "update_recorded", "t": 1791396192.389926, "generation": 0, "record_hash": "64aeb79e491d027571d58c52da3a7a2430d620b94bec503e48d8b30dc4ef281b"}
{"event": "update_applied", "t": 1791396195.1106007, "generation": 0, "child_sha256": "beae999096fda44dccea5d7fa13b8508d54b5e708e3a28482673c6f10be77b13", "noop": false, "changed": 484289078, "applied_l2": 4.538008135062161}
{"event": "weights_published", "t": 1791396195.112222, "generation": 0, "child_sha256": "beae999096fda44dccea5d7fa13b8508d54b5e708e3a28482673c6f10be77b13"}
{"event": "generation_done", "t": 1791396195.1122804, "generation": 0, "parent_sha256": "c9118c8a4903c0a84700deeaf7b1929c354dfcf6d6805c08d9afb22cfd5d22c7", "child_sha256": "beae999096fda44dccea5d7fa13b8508d54b5e708e3a28482673c6f10be77b13", "record_hash": "64aeb79e491d027571d58c52da3a7a2430d620b94bec503e48d8b30dc4ef281b", "mean_reward": 0.669921875, "max_reward": 0.90625, "noop": false, "changed": 484289078, "applied_l2": 4.538008135062161, "requested_l2": 4.537271071623468, "wait_seconds": 125.35983074500109, "record_seconds": 0.004216118002659641, "update_seconds": 2.7207465000028606, "publish_seconds": 0.0016231069967034273, "total_seconds": 128.08641647000331}
{"event": "generation_open", "t": 1791396195.1147242, "generation": 1, "parent_sha256": "beae999096fda44dccea5d7fa13b8508d54b5e708e3a28482673c6f10be77b13", "candidates": 24}
{"event": "generation_complete", "t": 1791396322.6108348, "generation": 1}
{"event": "update_recorded", "t": 1791396322.6183798, "generation": 1, "record_hash": "3d98dc3b32318bda6d50244b0bea2c321bbbcd7bd162b3e3b095b4b16ae4379b"}
{"event": "update_applied", "t": 1791396325.3493414, "generation": 1, "child_sha256": "09d020cfd59ee99790147153f62ab51a01314bcef6f223bac52cf67c8a807d61", "noop": false, "changed": 484286186, "applied_l2": 4.537687791126487}
{"event": "weights_published", "t": 1791396325.355071, "generation": 1, "child_sha256": "09d020cfd59ee99790147153f62ab51a01314bcef6f223bac52cf67c8a807d61"}
{"event": "generation_done", "t": 1791396325.3551583, "generation": 1, "parent_sha256": "beae999096fda44dccea5d7fa13b8508d54b5e708e3a28482673c6f10be77b13", "child_sha256": "09d020cfd59ee99790147153f62ab51a01314bcef6f223bac52cf67c8a807d61", "record_hash": "3d98dc3b32318bda6d50244b0bea2c321bbbcd7bd162b3e3b095b4b16ae4379b", "mean_reward": 0.677734375, "max_reward": 0.8125, "noop": false, "changed": 484286186, "applied_l2": 4.537687791126487, "requested_l2": 4.5369539702941655, "wait_seconds": 127.49838794199604, "record_seconds": 0.007632000000739936, "update_seconds": 2.7309923989960225, "publish_seconds": 0.0057316880047437735, "total_seconds": 130.24274402899755}
{"event": "generation_open", "t": 1791396325.3609395, "generation": 2, "parent_sha256": "09d020cfd59ee99790147153f62ab51a01314bcef6f223bac52cf67c8a807d61", "candidates": 24}
{"event": "generation_complete", "t": 1791396445.1560025, "generation": 2}
{"event": "update_recorded", "t": 1791396445.1599314, "generation": 2, "record_hash": "7f7da9c84ded23763df4e310cd124be11380657ad14e3abb3ccf33ae8ac5ea7d"}
{"event": "update_applied", "t": 1791396447.8242471, "generation": 2, "child_sha256": "ff527f354893625ac79b587e9a83557a37a10d5b96e942f8550dbc93d15e1c03", "noop": false, "changed": 484283518, "applied_l2": 4.537542256340481}
{"event": "weights_pruned", "t": 1791396447.825844, "removed": ["c9118c8a4903c0a84700deeaf7b1929c354dfcf6d6805c08d9afb22cfd5d22c7"], "kept": ["beae999096fda44dccea5d7fa13b8508d54b5e708e3a28482673c6f10be77b13", "09d020cfd59ee99790147153f62ab51a01314bcef6f223bac52cf67c8a807d61", "ff527f354893625ac79b587e9a83557a37a10d5b96e942f8550dbc93d15e1c03"]}
{"event": "weights_published", "t": 1791396447.825867, "generation": 2, "child_sha256": "ff527f354893625ac79b587e9a83557a37a10d5b96e942f8550dbc93d15e1c03"}
{"event": "generation_done", "t": 1791396447.8259106, "generation": 2, "parent_sha256": "09d020cfd59ee99790147153f62ab51a01314bcef6f223bac52cf67c8a807d61", "child_sha256": "ff527f354893625ac79b587e9a83557a37a10d5b96e942f8550dbc93d15e1c03", "record_hash": "7f7da9c84ded23763df4e310cd124be11380657ad14e3abb3ccf33ae8ac5ea7d", "mean_reward": 0.6692708333333334, "max_reward": 0.8125, "noop": false, "changed": 484283518, "applied_l2": 4.537542256340481, "requested_l2": 4.536807061628858, "wait_seconds": 119.80067213300208, "record_seconds": 0.004016027000034228, "update_seconds": 2.664347359997919, "publish_seconds": 0.001621731003979221, "total_seconds": 122.47065725100401}
{"event": "generation_open", "t": 1791396447.8283148, "generation": 3, "parent_sha256": "ff527f354893625ac79b587e9a83557a37a10d5b96e942f8550dbc93d15e1c03", "candidates": 24}
{"event": "generation_complete", "t": 1791396571.2452157, "generation": 3}
{"event": "update_recorded", "t": 1791396571.2491684, "generation": 3, "record_hash": "2c5a2d666a7cbe1542c6ce195b11f7d2019dd0dac9c8f85bd34acba54ffac7ba"}
{"event": "update_applied", "t": 1791396573.8845706, "generation": 3, "child_sha256": "73804d14a6dc9cb180f66b23f712e06d2129891dff06a0bb88f30632773d955c", "noop": false, "changed": 484286096, "applied_l2": 4.537812449583093}
{"event": "weights_pruned", "t": 1791396573.906142, "removed": ["beae999096fda44dccea5d7fa13b8508d54b5e708e3a28482673c6f10be77b13"], "kept": ["09d020cfd59ee99790147153f62ab51a01314bcef6f223bac52cf67c8a807d61", "ff527f354893625ac79b587e9a83557a37a10d5b96e942f8550dbc93d15e1c03", "73804d14a6dc9cb180f66b23f712e06d2129891dff06a0bb88f30632773d955c"]}
{"event": "weights_published", "t": 1791396573.9061677, "generation": 3, "child_sha256": "73804d14a6dc9cb180f66b23f712e06d2129891dff06a0bb88f30632773d955c"}
{"event": "generation_done", "t": 1791396573.9062147, "generation": 3, "parent_sha256": "ff527f354893625ac79b587e9a83557a37a10d5b96e942f8550dbc93d15e1c03", "child_sha256": "73804d14a6dc9cb180f66b23f712e06d2129891dff06a0bb88f30632773d955c", "record_hash": "2c5a2d666a7cbe1542c6ce195b11f7d2019dd0dac9c8f85bd34acba54ffac7ba", "mean_reward": 0.6471354166666666, "max_reward": 0.828125, "noop": false, "changed": 484286096, "applied_l2": 4.537812449583093, "requested_l2": 4.537077955652021, "wait_seconds": 123.41913051700249, "record_seconds": 0.004034569996292703, "update_seconds": 2.63543466199917, "publish_seconds": 0.021599009000055958, "total_seconds": 126.080198757998}
{"event": "generation_open", "t": 1791396573.912629, "generation": 4, "parent_sha256": "73804d14a6dc9cb180f66b23f712e06d2129891dff06a0bb88f30632773d955c", "candidates": 24}
{"event": "generation_complete", "t": 1791396695.811185, "generation": 4}
{"event": "update_recorded", "t": 1791396695.818434, "generation": 4, "record_hash": "f2b366399291a6e26e6aa01bbc953fdfe1e358fe56667dcff1a627287786c66f"}
{"event": "update_applied", "t": 1791396698.4712772, "generation": 4, "child_sha256": "a6b3e863d46a25074b2477b8d6dd0cf8c43e0535f8307d4934617e8d844179aa", "noop": false, "changed": 484279891, "applied_l2": 4.537845231808097}
{"event": "weights_pruned", "t": 1791396698.493598, "removed": ["09d020cfd59ee99790147153f62ab51a01314bcef6f223bac52cf67c8a807d61"], "kept": ["ff527f354893625ac79b587e9a83557a37a10d5b96e942f8550dbc93d15e1c03", "73804d14a6dc9cb180f66b23f712e06d2129891dff06a0bb88f30632773d955c", "a6b3e863d46a25074b2477b8d6dd0cf8c43e0535f8307d4934617e8d844179aa"]}
{"event": "weights_published", "t": 1791396698.49363, "generation": 4, "child_sha256": "a6b3e863d46a25074b2477b8d6dd0cf8c43e0535f8307d4934617e8d844179aa"}
{"event": "generation_done", "t": 1791396698.4936762, "generation": 4, "parent_sha256": "73804d14a6dc9cb180f66b23f712e06d2129891dff06a0bb88f30632773d955c", "child_sha256": "a6b3e863d46a25074b2477b8d6dd0cf8c43e0535f8307d4934617e8d844179aa", "record_hash": "f2b366399291a6e26e6aa01bbc953fdfe1e358fe56667dcff1a627287786c66f", "mean_reward": 0.7024739583333334, "max_reward": 0.8125, "noop": false, "changed": 484279891, "applied_l2": 4.537845231808097, "requested_l2": 4.53710454660042, "wait_seconds": 121.90481434200046, "record_seconds": 0.007330692998948507, "update_seconds": 2.6528753730017343, "publish_seconds": 0.022354470995196607, "total_seconds": 124.58737487899634}
{"event": "generation_open", "t": 1791396698.5021913, "generation": 5, "parent_sha256": "a6b3e863d46a25074b2477b8d6dd0cf8c43e0535f8307d4934617e8d844179aa", "candidates": 24}
{"event": "generation_complete", "t": 1791396821.0030859, "generation": 5}
{"event": "update_recorded", "t": 1791396821.0091162, "generation": 5, "record_hash": "fbddc55733c053fada387eb0c62875f7df64565333bcdecdfd1ae240d87e47ff"}
{"event": "update_applied", "t": 1791396823.587287, "generation": 5, "child_sha256": "8c379ad9760532746ab4768a792b0dae8e39fd5f33ac3770c32dd5eef48d64b4", "noop": false, "changed": 484285227, "applied_l2": 4.537798221722852}
{"event": "weights_pruned", "t": 1791396823.6298301, "removed": ["ff527f354893625ac79b587e9a83557a37a10d5b96e942f8550dbc93d15e1c03"], "kept": ["73804d14a6dc9cb180f66b23f712e06d2129891dff06a0bb88f30632773d955c", "a6b3e863d46a25074b2477b8d6dd0cf8c43e0535f8307d4934617e8d844179aa", "8c379ad9760532746ab4768a792b0dae8e39fd5f33ac3770c32dd5eef48d64b4"]}
{"event": "weights_published", "t": 1791396823.6298616, "generation": 5, "child_sha256": "8c379ad9760532746ab4768a792b0dae8e39fd5f33ac3770c32dd5eef48d64b4"}
{"event": "generation_done", "t": 1791396823.6299214, "generation": 5, "parent_sha256": "a6b3e863d46a25074b2477b8d6dd0cf8c43e0535f8307d4934617e8d844179aa", "child_sha256": "8c379ad9760532746ab4768a792b0dae8e39fd5f33ac3770c32dd5eef48d64b4", "record_hash": "fbddc55733c053fada387eb0c62875f7df64565333bcdecdfd1ae240d87e47ff", "mean_reward": 0.6796875, "max_reward": 0.8125, "noop": false, "changed": 484285227, "applied_l2": 4.537798221722852, "requested_l2": 4.537066747173208, "wait_seconds": 122.50925513699622, "record_seconds": 0.006119908000982832, "update_seconds": 2.5781969930030755, "publish_seconds": 0.04257633499946678, "total_seconds": 125.13614837299974}
{"event": "generation_open", "t": 1791396823.6610339, "generation": 6, "parent_sha256": "8c379ad9760532746ab4768a792b0dae8e39fd5f33ac3770c32dd5eef48d64b4", "candidates": 24}
{"event": "generation_complete", "t": 1791396939.1333973, "generation": 6}
{"event": "update_recorded", "t": 1791396939.137026, "generation": 6, "record_hash": "e29e4a97a2fc3162d14eb68a409fe26408fcac7f4c155568aba085a7c26e78e5"}
{"event": "update_applied", "t": 1791396941.8046167, "generation": 6, "child_sha256": "546c0d02075f27f91bd8592a27d25ba14371160d4bb2eddf99068efe47ee2d6b", "noop": false, "changed": 484285734, "applied_l2": 4.537817077420539}
{"event": "weights_pruned", "t": 1791396941.8230891, "removed": ["73804d14a6dc9cb180f66b23f712e06d2129891dff06a0bb88f30632773d955c"], "kept": ["a6b3e863d46a25074b2477b8d6dd0cf8c43e0535f8307d4934617e8d844179aa", "8c379ad9760532746ab4768a792b0dae8e39fd5f33ac3770c32dd5eef48d64b4", "546c0d02075f27f91bd8592a27d25ba14371160d4bb2eddf99068efe47ee2d6b"]}
{"event": "weights_published", "t": 1791396941.823119, "generation": 6, "child_sha256": "546c0d02075f27f91bd8592a27d25ba14371160d4bb2eddf99068efe47ee2d6b"}
{"event": "generation_done", "t": 1791396941.8231642, "generation": 6, "parent_sha256": "8c379ad9760532746ab4768a792b0dae8e39fd5f33ac3770c32dd5eef48d64b4", "child_sha256": "546c0d02075f27f91bd8592a27d25ba14371160d4bb2eddf99068efe47ee2d6b", "record_hash": "e29e4a97a2fc3162d14eb68a409fe26408fcac7f4c155568aba085a7c26e78e5", "mean_reward": 0.71875, "max_reward": 0.84375, "noop": false, "changed": 484285734, "applied_l2": 4.537817077420539, "requested_l2": 4.537086844012712, "wait_seconds": 115.50332181900012, "record_seconds": 0.0037238950026221573, "update_seconds": 2.667610718002834, "publish_seconds": 0.018504179999581538, "total_seconds": 118.19316061200516}
{"event": "generation_open", "t": 1791396941.8267348, "generation": 7, "parent_sha256": "546c0d02075f27f91bd8592a27d25ba14371160d4bb2eddf99068efe47ee2d6b", "candidates": 24}
{"event": "generation_complete", "t": 1791397069.2238877, "generation": 7}
{"event": "update_recorded", "t": 1791397069.227885, "generation": 7, "record_hash": "d540af8f498e04161ab4fff035afcdf57e8d2d7db9cddcf14027ced03b8b35f0"}
{"event": "update_applied", "t": 1791397071.864492, "generation": 7, "child_sha256": "e25da6cbf1f4131d9b4ce326ecea5422bb48b9c443b644513ae5bff354322add", "noop": false, "changed": 484282429, "applied_l2": 4.537725515683833}
{"event": "weights_pruned", "t": 1791397071.8662362, "removed": ["a6b3e863d46a25074b2477b8d6dd0cf8c43e0535f8307d4934617e8d844179aa"], "kept": ["8c379ad9760532746ab4768a792b0dae8e39fd5f33ac3770c32dd5eef48d64b4", "546c0d02075f27f91bd8592a27d25ba14371160d4bb2eddf99068efe47ee2d6b", "e25da6cbf1f4131d9b4ce326ecea5422bb48b9c443b644513ae5bff354322add"]}
{"event": "weights_published", "t": 1791397071.8662634, "generation": 7, "child_sha256": "e25da6cbf1f4131d9b4ce326ecea5422bb48b9c443b644513ae5bff354322add"}
{"event": "generation_done", "t": 1791397071.8663213, "generation": 7, "parent_sha256": "546c0d02075f27f91bd8592a27d25ba14371160d4bb2eddf99068efe47ee2d6b", "child_sha256": "e25da6cbf1f4131d9b4ce326ecea5422bb48b9c443b644513ae5bff354322add", "record_hash": "d540af8f498e04161ab4fff035afcdf57e8d2d7db9cddcf14027ced03b8b35f0", "mean_reward": 0.7317708333333334, "max_reward": 0.859375, "noop": false, "changed": 484282429, "applied_l2": 4.537725515683833, "requested_l2": 4.53698905578337, "wait_seconds": 127.40056428500247, "record_seconds": 0.004081573999428656, "update_seconds": 2.6366394389988272, "publish_seconds": 0.0017732150008669123, "total_seconds": 130.0430585130016}
{"event": "generation_open", "t": 1791397071.8685656, "generation": 8, "parent_sha256": "e25da6cbf1f4131d9b4ce326ecea5422bb48b9c443b644513ae5bff354322add", "candidates": 24}
{"event": "generation_complete", "t": 1791397189.669392, "generation": 8}
{"event": "update_recorded", "t": 1791397189.6718788, "generation": 8, "record_hash": "f7177422c68c600ff26bb456a7214fcf12b40c6f42b14dc1685d46f0eea7cbea"}
{"event": "update_applied", "t": 1791397192.356294, "generation": 8, "child_sha256": "996120c34e5351c510aa8b3d9338cb27a6c4a6486eac1bb0b38d579ff38f5429", "noop": false, "changed": 484277853, "applied_l2": 4.53743974186356}
{"event": "weights_pruned", "t": 1791397192.3742383, "removed": ["8c379ad9760532746ab4768a792b0dae8e39fd5f33ac3770c32dd5eef48d64b4"], "kept": ["546c0d02075f27f91bd8592a27d25ba14371160d4bb2eddf99068efe47ee2d6b", "e25da6cbf1f4131d9b4ce326ecea5422bb48b9c443b644513ae5bff354322add", "996120c34e5351c510aa8b3d9338cb27a6c4a6486eac1bb0b38d579ff38f5429"]}
{"event": "weights_published", "t": 1791397192.3742652, "generation": 8, "child_sha256": "996120c34e5351c510aa8b3d9338cb27a6c4a6486eac1bb0b38d579ff38f5429"}
{"event": "generation_done", "t": 1791397192.3743098, "generation": 8, "parent_sha256": "e25da6cbf1f4131d9b4ce326ecea5422bb48b9c443b644513ae5bff354322add", "child_sha256": "996120c34e5351c510aa8b3d9338cb27a6c4a6486eac1bb0b38d579ff38f5429", "record_hash": "f7177422c68c600ff26bb456a7214fcf12b40c6f42b14dc1685d46f0eea7cbea", "mean_reward": 0.7135416666666666, "max_reward": 0.8125, "noop": false, "changed": 484277853, "applied_l2": 4.53743974186356, "requested_l2": 4.5367048914271955, "wait_seconds": 117.80290810699807, "record_seconds": 0.002572270001110155, "update_seconds": 2.6844455850005033, "publish_seconds": 0.017973848000110593, "total_seconds": 120.5078998099998}
{"event": "generation_open", "t": 1791397192.378399, "generation": 9, "parent_sha256": "996120c34e5351c510aa8b3d9338cb27a6c4a6486eac1bb0b38d579ff38f5429", "candidates": 24}
{"event": "generation_complete", "t": 1791397315.3743083, "generation": 9}
{"event": "update_recorded", "t": 1791397315.378214, "generation": 9, "record_hash": "d022c80077017e11a7a956ee2aab570c3fe590782dfbd6e1c68df1b0f3214682"}
{"event": "update_applied", "t": 1791397318.065218, "generation": 9, "child_sha256": "b243223f4e2299afb46543775d2ce98dc7601bbd604953d51f2ecc475bd11f40", "noop": false, "changed": 484288184, "applied_l2": 4.537995897366881}
{"event": "weights_pruned", "t": 1791397318.0872922, "removed": ["546c0d02075f27f91bd8592a27d25ba14371160d4bb2eddf99068efe47ee2d6b"], "kept": ["e25da6cbf1f4131d9b4ce326ecea5422bb48b9c443b644513ae5bff354322add", "996120c34e5351c510aa8b3d9338cb27a6c4a6486eac1bb0b38d579ff38f5429", "b243223f4e2299afb46543775d2ce98dc7601bbd604953d51f2ecc475bd11f40"]}
{"event": "weights_published", "t": 1791397318.0873191, "generation": 9, "child_sha256": "b243223f4e2299afb46543775d2ce98dc7601bbd604953d51f2ecc475bd11f40"}
{"event": "generation_done", "t": 1791397318.0873642, "generation": 9, "parent_sha256": "996120c34e5351c510aa8b3d9338cb27a6c4a6486eac1bb0b38d579ff38f5429", "child_sha256": "b243223f4e2299afb46543775d2ce98dc7601bbd604953d51f2ecc475bd11f40", "record_hash": "d022c80077017e11a7a956ee2aab570c3fe590782dfbd6e1c68df1b0f3214682", "mean_reward": 0.7421875, "max_reward": 0.859375, "noop": false, "changed": 484288184, "applied_l2": 4.537995897366881, "requested_l2": 4.537256693995103, "wait_seconds": 122.99984135400155, "record_seconds": 0.003991211000538897, "update_seconds": 2.687035362003371, "publish_seconds": 0.022102465998614207, "total_seconds": 125.71297039300407}
{"event": "generation_open", "t": 1791397318.0939372, "generation": 10, "parent_sha256": "b243223f4e2299afb46543775d2ce98dc7601bbd604953d51f2ecc475bd11f40", "candidates": 24}
{"event": "generation_complete", "t": 1791397434.754305, "generation": 10}
{"event": "update_recorded", "t": 1791397434.761557, "generation": 10, "record_hash": "05983282b2ab57aeb74a66dccfefe9b5bccd9f0c4cf81fcc843941da461a6ca3"}
{"event": "update_applied", "t": 1791397437.3903031, "generation": 10, "child_sha256": "99e0e69ff1e1266803b5fb600b9a7199b538c556547c4c2e5909a0c3c67bc3b0", "noop": false, "changed": 484276839, "applied_l2": 4.537563988394745}
{"event": "weights_pruned", "t": 1791397437.4117537, "removed": ["e25da6cbf1f4131d9b4ce326ecea5422bb48b9c443b644513ae5bff354322add"], "kept": ["996120c34e5351c510aa8b3d9338cb27a6c4a6486eac1bb0b38d579ff38f5429", "b243223f4e2299afb46543775d2ce98dc7601bbd604953d51f2ecc475bd11f40", "99e0e69ff1e1266803b5fb600b9a7199b538c556547c4c2e5909a0c3c67bc3b0"]}
{"event": "weights_published", "t": 1791397437.4117813, "generation": 10, "child_sha256": "99e0e69ff1e1266803b5fb600b9a7199b538c556547c4c2e5909a0c3c67bc3b0"}
{"event": "generation_done", "t": 1791397437.4118268, "generation": 10, "parent_sha256": "b243223f4e2299afb46543775d2ce98dc7601bbd604953d51f2ecc475bd11f40", "child_sha256": "99e0e69ff1e1266803b5fb600b9a7199b538c556547c4c2e5909a0c3c67bc3b0", "record_hash": "05983282b2ab57aeb74a66dccfefe9b5bccd9f0c4cf81fcc843941da461a6ca3", "mean_reward": 0.7141927083333334, "max_reward": 0.828125, "noop": false, "changed": 484276839, "applied_l2": 4.537563988394745, "requested_l2": 4.536826746556956, "wait_seconds": 116.6667807230042, "record_seconds": 0.007336562994169071, "update_seconds": 2.6287749630064354, "publish_seconds": 0.021483370997884776, "total_seconds": 119.32437562000268}
{"event": "generation_open", "t": 1791397437.4207697, "generation": 11, "parent_sha256": "99e0e69ff1e1266803b5fb600b9a7199b538c556547c4c2e5909a0c3c67bc3b0", "candidates": 24}
{"event": "generation_complete", "t": 1791397559.0729008, "generation": 11}
{"event": "update_recorded", "t": 1791397559.0768077, "generation": 11, "record_hash": "5ae79631cbdd38cf3df313d673d7b8d885098dc749ec610349c2cf04a64e651a"}
{"event": "update_applied", "t": 1791397561.7309017, "generation": 11, "child_sha256": "1bb4f83972e3a62fd28b9cc2a23aefce39ccbeb0d8b4aee2d73501fc66709c07", "noop": false, "changed": 484277425, "applied_l2": 4.537920733523585}
{"event": "weights_pruned", "t": 1791397561.7532415, "removed": ["996120c34e5351c510aa8b3d9338cb27a6c4a6486eac1bb0b38d579ff38f5429"], "kept": ["b243223f4e2299afb46543775d2ce98dc7601bbd604953d51f2ecc475bd11f40", "99e0e69ff1e1266803b5fb600b9a7199b538c556547c4c2e5909a0c3c67bc3b0", "1bb4f83972e3a62fd28b9cc2a23aefce39ccbeb0d8b4aee2d73501fc66709c07"]}
{"event": "weights_published", "t": 1791397561.7532678, "generation": 11, "child_sha256": "1bb4f83972e3a62fd28b9cc2a23aefce39ccbeb0d8b4aee2d73501fc66709c07"}
{"event": "generation_done", "t": 1791397561.7533116, "generation": 11, "parent_sha256": "99e0e69ff1e1266803b5fb600b9a7199b538c556547c4c2e5909a0c3c67bc3b0", "child_sha256": "1bb4f83972e3a62fd28b9cc2a23aefce39ccbeb0d8b4aee2d73501fc66709c07", "record_hash": "5ae79631cbdd38cf3df313d673d7b8d885098dc749ec610349c2cf04a64e651a", "mean_reward": 0.7122395833333334, "max_reward": 0.796875, "noop": false, "changed": 484277425, "applied_l2": 4.537920733523585, "requested_l2": 4.537189831225134, "wait_seconds": 121.66091307299939, "record_seconds": 0.004009454998595174, "update_seconds": 2.6541127110031084, "publish_seconds": 0.022368129997630604, "total_seconds": 124.34140336899873}
{"event": "generation_open", "t": 1791397561.759897, "generation": 12, "parent_sha256": "1bb4f83972e3a62fd28b9cc2a23aefce39ccbeb0d8b4aee2d73501fc66709c07", "candidates": 24}
{"event": "generation_complete", "t": 1791397676.0573523, "generation": 12}
{"event": "update_recorded", "t": 1791397676.0644088, "generation": 12, "record_hash": "d4183632b34c072bedefe09286bbde8a115042318a52cbffcef05c175dc02d4e"}
{"event": "update_applied", "t": 1791397678.7326167, "generation": 12, "child_sha256": "45d5af4a48dde14d8c8c590480921b61a734ba2f76f6bbb234708fe79ec586eb", "noop": false, "changed": 484278362, "applied_l2": 4.5378069439030675}
{"event": "weights_pruned", "t": 1791397678.7343798, "removed": ["b243223f4e2299afb46543775d2ce98dc7601bbd604953d51f2ecc475bd11f40"], "kept": ["99e0e69ff1e1266803b5fb600b9a7199b538c556547c4c2e5909a0c3c67bc3b0", "1bb4f83972e3a62fd28b9cc2a23aefce39ccbeb0d8b4aee2d73501fc66709c07", "45d5af4a48dde14d8c8c590480921b61a734ba2f76f6bbb234708fe79ec586eb"]}
{"event": "weights_published", "t": 1791397678.7344077, "generation": 12, "child_sha256": "45d5af4a48dde14d8c8c590480921b61a734ba2f76f6bbb234708fe79ec586eb"}
{"event": "generation_done", "t": 1791397678.734451, "generation": 12, "parent_sha256": "1bb4f83972e3a62fd28b9cc2a23aefce39ccbeb0d8b4aee2d73501fc66709c07", "child_sha256": "45d5af4a48dde14d8c8c590480921b61a734ba2f76f6bbb234708fe79ec586eb", "record_hash": "d4183632b34c072bedefe09286bbde8a115042318a52cbffcef05c175dc02d4e", "mean_reward": 0.7467447916666666, "max_reward": 0.875, "noop": false, "changed": 484278362, "applied_l2": 4.5378069439030675, "requested_l2": 4.537073509812579, "wait_seconds": 114.30388331200083, "record_seconds": 0.007137822001823224, "update_seconds": 2.6682436569972197, "publish_seconds": 0.0017929320019902661, "total_seconds": 116.98105772300187}
{"event": "generation_open", "t": 1791397678.7371633, "generation": 13, "parent_sha256": "45d5af4a48dde14d8c8c590480921b61a734ba2f76f6bbb234708fe79ec586eb", "candidates": 24}
{"event": "generation_complete", "t": 1791397799.7320461, "generation": 13}
{"event": "update_recorded", "t": 1791397799.7482731, "generation": 13, "record_hash": "551a790020345fce42fd2e228f667e668c7d094b2bea40f6822b7cc2eb93da79"}
{"event": "update_applied", "t": 1791397802.4145932, "generation": 13, "child_sha256": "b1013f1c8538ee6765b92ab382d3fb187318a1fa249950674a202dfb5fc8c60a", "noop": false, "changed": 484270881, "applied_l2": 4.537640970636401}
{"event": "weights_pruned", "t": 1791397802.4369655, "removed": ["99e0e69ff1e1266803b5fb600b9a7199b538c556547c4c2e5909a0c3c67bc3b0"], "kept": ["1bb4f83972e3a62fd28b9cc2a23aefce39ccbeb0d8b4aee2d73501fc66709c07", "45d5af4a48dde14d8c8c590480921b61a734ba2f76f6bbb234708fe79ec586eb", "b1013f1c8538ee6765b92ab382d3fb187318a1fa249950674a202dfb5fc8c60a"]}
{"event": "weights_published", "t": 1791397802.4369972, "generation": 13, "child_sha256": "b1013f1c8538ee6765b92ab382d3fb187318a1fa249950674a202dfb5fc8c60a"}
{"event": "generation_done", "t": 1791397802.437041, "generation": 13, "parent_sha256": "45d5af4a48dde14d8c8c590480921b61a734ba2f76f6bbb234708fe79ec586eb", "child_sha256": "b1013f1c8538ee6765b92ab382d3fb187318a1fa249950674a202dfb5fc8c60a", "record_hash": "551a790020345fce42fd2e228f667e668c7d094b2bea40f6822b7cc2eb93da79", "mean_reward": 0.7701822916666666, "max_reward": 0.828125, "noop": false, "changed": 484270881, "applied_l2": 4.537640970636401, "requested_l2": 4.536905960324465, "wait_seconds": 120.99743526800012, "record_seconds": 0.016308569996908773, "update_seconds": 2.666355350003869, "publish_seconds": 0.022405499999877065, "total_seconds": 123.70250468800077}
{"event": "generation_open", "t": 1791397802.4466667, "generation": 14, "parent_sha256": "b1013f1c8538ee6765b92ab382d3fb187318a1fa249950674a202dfb5fc8c60a", "candidates": 24}
{"event": "generation_complete", "t": 1791397927.3628736, "generation": 14}
{"event": "update_recorded", "t": 1791397927.3704562, "generation": 14, "record_hash": "9600d63e1b3555b1efee0311dbd40bd389add2a5d0df701b239bc08d388ebaef"}
{"event": "update_applied", "t": 1791397930.051959, "generation": 14, "child_sha256": "3e2e79fb5c0d594a30f41e70c2e3ed49bd1b65918e30af8332fd28b77bd5a46b", "noop": false, "changed": 484272163, "applied_l2": 4.537787630584521}
{"event": "weights_pruned", "t": 1791397930.074799, "removed": ["1bb4f83972e3a62fd28b9cc2a23aefce39ccbeb0d8b4aee2d73501fc66709c07"], "kept": ["45d5af4a48dde14d8c8c590480921b61a734ba2f76f6bbb234708fe79ec586eb", "b1013f1c8538ee6765b92ab382d3fb187318a1fa249950674a202dfb5fc8c60a", "3e2e79fb5c0d594a30f41e70c2e3ed49bd1b65918e30af8332fd28b77bd5a46b"]}
{"event": "weights_published", "t": 1791397930.074826, "generation": 14, "child_sha256": "3e2e79fb5c0d594a30f41e70c2e3ed49bd1b65918e30af8332fd28b77bd5a46b"}
{"event": "generation_done", "t": 1791397930.0748758, "generation": 14, "parent_sha256": "b1013f1c8538ee6765b92ab382d3fb187318a1fa249950674a202dfb5fc8c60a", "child_sha256": "3e2e79fb5c0d594a30f41e70c2e3ed49bd1b65918e30af8332fd28b77bd5a46b", "record_hash": "9600d63e1b3555b1efee0311dbd40bd389add2a5d0df701b239bc08d388ebaef", "mean_reward": 0.7708333333333334, "max_reward": 0.859375, "noop": false, "changed": 484272163, "applied_l2": 4.537787630584521, "requested_l2": 4.537051348465716, "wait_seconds": 124.92566536999948, "record_seconds": 0.0076713230009772815, "update_seconds": 2.6815377959937905, "publish_seconds": 0.022868730004120152, "total_seconds": 127.63774321899837}
{"event": "generation_open", "t": 1791397930.084079, "generation": 15, "parent_sha256": "3e2e79fb5c0d594a30f41e70c2e3ed49bd1b65918e30af8332fd28b77bd5a46b", "candidates": 24}
{"event": "generation_complete", "t": 1791398051.5470116, "generation": 15}
{"event": "update_recorded", "t": 1791398051.5516956, "generation": 15, "record_hash": "692ee2523f2711d4ab8c29c11b910e5d370b2142f803fe92a49d21eb306e8fa6"}
{"event": "update_applied", "t": 1791398054.3325703, "generation": 15, "child_sha256": "3eb8e4942779d124c5ff95be264bc2ef424ec66c374fc0578046bfbd6f66020d", "noop": false, "changed": 484275748, "applied_l2": 4.5379477421942624}
{"event": "weights_pruned", "t": 1791398054.3545318, "removed": ["45d5af4a48dde14d8c8c590480921b61a734ba2f76f6bbb234708fe79ec586eb"], "kept": ["b1013f1c8538ee6765b92ab382d3fb187318a1fa249950674a202dfb5fc8c60a", "3e2e79fb5c0d594a30f41e70c2e3ed49bd1b65918e30af8332fd28b77bd5a46b", "3eb8e4942779d124c5ff95be264bc2ef424ec66c374fc0578046bfbd6f66020d"]}
{"event": "weights_published", "t": 1791398054.3545582, "generation": 15, "child_sha256": "3eb8e4942779d124c5ff95be264bc2ef424ec66c374fc0578046bfbd6f66020d"}
{"event": "generation_done", "t": 1791398054.3546107, "generation": 15, "parent_sha256": "3e2e79fb5c0d594a30f41e70c2e3ed49bd1b65918e30af8332fd28b77bd5a46b", "child_sha256": "3eb8e4942779d124c5ff95be264bc2ef424ec66c374fc0578046bfbd6f66020d", "record_hash": "692ee2523f2711d4ab8c29c11b910e5d370b2142f803fe92a49d21eb306e8fa6", "mean_reward": 0.740234375, "max_reward": 0.84375, "noop": false, "changed": 484275748, "applied_l2": 4.5379477421942624, "requested_l2": 4.53721855309993, "wait_seconds": 121.47194112599391, "record_seconds": 0.004779372000484727, "update_seconds": 2.7809066150002764, "publish_seconds": 0.021989719003613573, "total_seconds": 124.27961683199828}
{"event": "generation_open", "t": 1791398054.3644958, "generation": 16, "parent_sha256": "3eb8e4942779d124c5ff95be264bc2ef424ec66c374fc0578046bfbd6f66020d", "candidates": 24}
{"event": "generation_complete", "t": 1791398170.95298, "generation": 16}
{"event": "update_recorded", "t": 1791398170.9612563, "generation": 16, "record_hash": "ae5c56af7ef8e81203488585b912b809f877ec035b877a24f5e78f78efb434e6"}
{"event": "update_applied", "t": 1791398173.636092, "generation": 16, "child_sha256": "173db2183bf2c5ad79c0c625b094f8fef8363ef080175bf9ec2a4a5092acc3b1", "noop": false, "changed": 484278603, "applied_l2": 4.537615256607195}
{"event": "weights_pruned", "t": 1791398173.6595478, "removed": ["b1013f1c8538ee6765b92ab382d3fb187318a1fa249950674a202dfb5fc8c60a"], "kept": ["3e2e79fb5c0d594a30f41e70c2e3ed49bd1b65918e30af8332fd28b77bd5a46b", "3eb8e4942779d124c5ff95be264bc2ef424ec66c374fc0578046bfbd6f66020d", "173db2183bf2c5ad79c0c625b094f8fef8363ef080175bf9ec2a4a5092acc3b1"]}
{"event": "weights_published", "t": 1791398173.6595798, "generation": 16, "child_sha256": "173db2183bf2c5ad79c0c625b094f8fef8363ef080175bf9ec2a4a5092acc3b1"}
{"event": "generation_done", "t": 1791398173.6596272, "generation": 16, "parent_sha256": "3eb8e4942779d124c5ff95be264bc2ef424ec66c374fc0578046bfbd6f66020d", "child_sha256": "173db2183bf2c5ad79c0c625b094f8fef8363ef080175bf9ec2a4a5092acc3b1", "record_hash": "ae5c56af7ef8e81203488585b912b809f877ec035b877a24f5e78f78efb434e6", "mean_reward": 0.7565104166666666, "max_reward": 0.84375, "noop": false, "changed": 484278603, "applied_l2": 4.537615256607195, "requested_l2": 4.53688257754129, "wait_seconds": 116.59820583600231, "record_seconds": 0.008361391002836172, "update_seconds": 2.6748740389957675, "publish_seconds": 0.023489487000915688, "total_seconds": 119.30493075300183}
{"event": "generation_open", "t": 1791398173.6699016, "generation": 17, "parent_sha256": "173db2183bf2c5ad79c0c625b094f8fef8363ef080175bf9ec2a4a5092acc3b1", "candidates": 24}
{"event": "generation_complete", "t": 1791398289.7679045, "generation": 17}
{"event": "update_recorded", "t": 1791398289.77557, "generation": 17, "record_hash": "5caaad7c6ab433e43d7937d89538565246ecf3357f6907c690b0a14948bb9924"}
{"event": "update_applied", "t": 1791398292.430606, "generation": 17, "child_sha256": "01737161fa9f0e8d0b2bcf254ff4990c76e72d18127a8367eaca39878038b626", "noop": false, "changed": 484270787, "applied_l2": 4.537967785425042}
{"event": "weights_pruned", "t": 1791398292.4354937, "removed": ["3e2e79fb5c0d594a30f41e70c2e3ed49bd1b65918e30af8332fd28b77bd5a46b"], "kept": ["3eb8e4942779d124c5ff95be264bc2ef424ec66c374fc0578046bfbd6f66020d", "173db2183bf2c5ad79c0c625b094f8fef8363ef080175bf9ec2a4a5092acc3b1", "01737161fa9f0e8d0b2bcf254ff4990c76e72d18127a8367eaca39878038b626"]}
{"event": "weights_published", "t": 1791398292.4355223, "generation": 17, "child_sha256": "01737161fa9f0e8d0b2bcf254ff4990c76e72d18127a8367eaca39878038b626"}
{"event": "generation_done", "t": 1791398292.4355648, "generation": 17, "parent_sha256": "173db2183bf2c5ad79c0c625b094f8fef8363ef080175bf9ec2a4a5092acc3b1", "child_sha256": "01737161fa9f0e8d0b2bcf254ff4990c76e72d18127a8367eaca39878038b626", "record_hash": "5caaad7c6ab433e43d7937d89538565246ecf3357f6907c690b0a14948bb9924", "mean_reward": 0.755859375, "max_reward": 0.84375, "noop": false, "changed": 484270787, "applied_l2": 4.537967785425042, "requested_l2": 4.537230383278272, "wait_seconds": 116.10810870699788, "record_seconds": 0.007757494000543375, "update_seconds": 2.655067804000282, "publish_seconds": 0.004917909005598631, "total_seconds": 118.7758519140043}
{"event": "generation_open", "t": 1791398292.4432018, "generation": 18, "parent_sha256": "01737161fa9f0e8d0b2bcf254ff4990c76e72d18127a8367eaca39878038b626", "candidates": 24}
{"event": "generation_complete", "t": 1791398413.6047857, "generation": 18}
{"event": "update_recorded", "t": 1791398413.6125433, "generation": 18, "record_hash": "4805d9faba910f2eca80789d27d1d6fd767529633cbc53a93918e33afbfff70f"}
{"event": "update_applied", "t": 1791398416.2548044, "generation": 18, "child_sha256": "20f7afc470f071a8be9b3ab9f13fa252879e35a1df25bd077634f620daa77932", "noop": false, "changed": 484270362, "applied_l2": 4.537952933060816}
{"event": "weights_pruned", "t": 1791398416.2767522, "removed": ["3eb8e4942779d124c5ff95be264bc2ef424ec66c374fc0578046bfbd6f66020d"], "kept": ["173db2183bf2c5ad79c0c625b094f8fef8363ef080175bf9ec2a4a5092acc3b1", "01737161fa9f0e8d0b2bcf254ff4990c76e72d18127a8367eaca39878038b626", "20f7afc470f071a8be9b3ab9f13fa252879e35a1df25bd077634f620daa77932"]}
{"event": "weights_published", "t": 1791398416.2767842, "generation": 18, "child_sha256": "20f7afc470f071a8be9b3ab9f13fa252879e35a1df25bd077634f620daa77932"}
{"event": "generation_done", "t": 1791398416.2768314, "generation": 18, "parent_sha256": "01737161fa9f0e8d0b2bcf254ff4990c76e72d18127a8367eaca39878038b626", "child_sha256": "20f7afc470f071a8be9b3ab9f13fa252879e35a1df25bd077634f620daa77932", "record_hash": "4805d9faba910f2eca80789d27d1d6fd767529633cbc53a93918e33afbfff70f", "mean_reward": 0.740234375, "max_reward": 0.84375, "noop": false, "changed": 484270362, "applied_l2": 4.537952933060816, "requested_l2": 4.537228207679444, "wait_seconds": 121.16898675700213, "record_seconds": 0.007916340000519995, "update_seconds": 2.6422960229974706, "publish_seconds": 0.02198209799826145, "total_seconds": 123.84118121799838}
{"event": "generation_open", "t": 1791398416.2812815, "generation": 19, "parent_sha256": "20f7afc470f071a8be9b3ab9f13fa252879e35a1df25bd077634f620daa77932", "candidates": 24}
{"event": "generation_complete", "t": 1791398537.6146514, "generation": 19}
{"event": "update_recorded", "t": 1791398537.6185668, "generation": 19, "record_hash": "6717b793280c76deddfcb8e7c87fa50948a2062dcdb05e38b9031f0bd2971785"}
{"event": "update_applied", "t": 1791398540.229492, "generation": 19, "child_sha256": "171037e01969b3ddcb90f577bda40ca24adf5b85175c3ed2ee317b6804d3fb0d", "noop": false, "changed": 484274459, "applied_l2": 4.538041232827958}
{"event": "weights_pruned", "t": 1791398540.2488396, "removed": ["173db2183bf2c5ad79c0c625b094f8fef8363ef080175bf9ec2a4a5092acc3b1"], "kept": ["01737161fa9f0e8d0b2bcf254ff4990c76e72d18127a8367eaca39878038b626", "20f7afc470f071a8be9b3ab9f13fa252879e35a1df25bd077634f620daa77932", "171037e01969b3ddcb90f577bda40ca24adf5b85175c3ed2ee317b6804d3fb0d"]}
{"event": "weights_published", "t": 1791398540.248868, "generation": 19, "child_sha256": "171037e01969b3ddcb90f577bda40ca24adf5b85175c3ed2ee317b6804d3fb0d"}
{"event": "generation_done", "t": 1791398540.2489183, "generation": 19, "parent_sha256": "20f7afc470f071a8be9b3ab9f13fa252879e35a1df25bd077634f620daa77932", "child_sha256": "171037e01969b3ddcb90f577bda40ca24adf5b85175c3ed2ee317b6804d3fb0d", "record_hash": "6717b793280c76deddfcb8e7c87fa50948a2062dcdb05e38b9031f0bd2971785", "mean_reward": 0.7936197916666666, "max_reward": 0.890625, "noop": false, "changed": 484274459, "applied_l2": 4.538041232827958, "requested_l2": 4.537308430461086, "wait_seconds": 121.33766262899735, "record_seconds": 0.004010474003734998, "update_seconds": 2.6109477860009065, "publish_seconds": 0.019377650998649187, "total_seconds": 123.97199854000064}
{"event": "generation_open", "t": 1791398540.2523181, "generation": 20, "parent_sha256": "171037e01969b3ddcb90f577bda40ca24adf5b85175c3ed2ee317b6804d3fb0d", "candidates": 24}
{"event": "generation_complete", "t": 1791398663.6639094, "generation": 20}
{"event": "update_recorded", "t": 1791398663.67162, "generation": 20, "record_hash": "e90dc3d25b64f098404de5326becc2350663d836af5f14c17aff239a2971b16b"}
{"event": "update_applied", "t": 1791398666.350255, "generation": 20, "child_sha256": "45561556ce6a591f8512eddf41297f5141d87599cf40a89b882e644d127941b6", "noop": false, "changed": 484269658, "applied_l2": 4.538047738746841}
{"event": "weights_pruned", "t": 1791398666.372185, "removed": ["01737161fa9f0e8d0b2bcf254ff4990c76e72d18127a8367eaca39878038b626"], "kept": ["20f7afc470f071a8be9b3ab9f13fa252879e35a1df25bd077634f620daa77932", "171037e01969b3ddcb90f577bda40ca24adf5b85175c3ed2ee317b6804d3fb0d", "45561556ce6a591f8512eddf41297f5141d87599cf40a89b882e644d127941b6"]}
{"event": "weights_published", "t": 1791398666.3722136, "generation": 20, "child_sha256": "45561556ce6a591f8512eddf41297f5141d87599cf40a89b882e644d127941b6"}
{"event": "generation_done", "t": 1791398666.3722613, "generation": 20, "parent_sha256": "171037e01969b3ddcb90f577bda40ca24adf5b85175c3ed2ee317b6804d3fb0d", "child_sha256": "45561556ce6a591f8512eddf41297f5141d87599cf40a89b882e644d127941b6", "record_hash": "e90dc3d25b64f098404de5326becc2350663d836af5f14c17aff239a2971b16b", "mean_reward": 0.7428385416666666, "max_reward": 0.859375, "noop": false, "changed": 484269658, "applied_l2": 4.538047738746841, "requested_l2": 4.5373028147014, "wait_seconds": 123.41481162099808, "record_seconds": 0.007813828000507783, "update_seconds": 2.6786666400003014, "publish_seconds": 0.021960247999231797, "total_seconds": 126.12325233699812}
{"event": "generation_open", "t": 1791398666.3796663, "generation": 21, "parent_sha256": "45561556ce6a591f8512eddf41297f5141d87599cf40a89b882e644d127941b6", "candidates": 24}
{"event": "generation_complete", "t": 1791398787.2760844, "generation": 21}
{"event": "update_recorded", "t": 1791398787.283569, "generation": 21, "record_hash": "1c7c66f49e51a45aeb65d4d822034f61a9fa9ab1f285f71521fdf9c9e8fc261c"}
{"event": "update_applied", "t": 1791398790.0533018, "generation": 21, "child_sha256": "4163cfc31b8955390e305a57dff740defd4d3320c50e8a7f74f6761130516051", "noop": false, "changed": 484274098, "applied_l2": 4.537733747867493}
{"event": "weights_pruned", "t": 1791398790.0779784, "removed": ["20f7afc470f071a8be9b3ab9f13fa252879e35a1df25bd077634f620daa77932"], "kept": ["171037e01969b3ddcb90f577bda40ca24adf5b85175c3ed2ee317b6804d3fb0d", "45561556ce6a591f8512eddf41297f5141d87599cf40a89b882e644d127941b6", "4163cfc31b8955390e305a57dff740defd4d3320c50e8a7f74f6761130516051"]}
{"event": "weights_published", "t": 1791398790.0780125, "generation": 21, "child_sha256": "4163cfc31b8955390e305a57dff740defd4d3320c50e8a7f74f6761130516051"}
{"event": "generation_done", "t": 1791398790.0780652, "generation": 21, "parent_sha256": "45561556ce6a591f8512eddf41297f5141d87599cf40a89b882e644d127941b6", "child_sha256": "4163cfc31b8955390e305a57dff740defd4d3320c50e8a7f74f6761130516051", "record_hash": "1c7c66f49e51a45aeb65d4d822034f61a9fa9ab1f285f71521fdf9c9e8fc261c", "mean_reward": 0.7389322916666666, "max_reward": 0.828125, "noop": false, "changed": 484274098, "applied_l2": 4.537733747867493, "requested_l2": 4.537000014503456, "wait_seconds": 120.90364108100039, "record_seconds": 0.0075711239987867884, "update_seconds": 2.7697634099968127, "publish_seconds": 0.02471259100275347, "total_seconds": 123.70568820599874}
{"event": "generation_open", "t": 1791398790.0832596, "generation": 22, "parent_sha256": "4163cfc31b8955390e305a57dff740defd4d3320c50e8a7f74f6761130516051", "candidates": 24}
{"event": "generation_complete", "t": 1791398906.1095488, "generation": 22}
{"event": "update_recorded", "t": 1791398906.1118243, "generation": 22, "record_hash": "62ae572c58eb371cff181eaed7c151184126ff5730f14e469545579e970df04e"}
{"event": "update_applied", "t": 1791398908.76609, "generation": 22, "child_sha256": "f60fa3351204f361828ce897c55eadb90f3957476cd494a8e0c8592408d273a3", "noop": false, "changed": 484273455, "applied_l2": 4.537835711791232}
{"event": "weights_pruned", "t": 1791398908.771234, "removed": ["171037e01969b3ddcb90f577bda40ca24adf5b85175c3ed2ee317b6804d3fb0d"], "kept": ["45561556ce6a591f8512eddf41297f5141d87599cf40a89b882e644d127941b6", "4163cfc31b8955390e305a57dff740defd4d3320c50e8a7f74f6761130516051", "f60fa3351204f361828ce897c55eadb90f3957476cd494a8e0c8592408d273a3"]}
{"event": "weights_published", "t": 1791398908.7712593, "generation": 22, "child_sha256": "f60fa3351204f361828ce897c55eadb90f3957476cd494a8e0c8592408d273a3"}
{"event": "generation_done", "t": 1791398908.7713022, "generation": 22, "parent_sha256": "4163cfc31b8955390e305a57dff740defd4d3320c50e8a7f74f6761130516051", "child_sha256": "f60fa3351204f361828ce897c55eadb90f3957476cd494a8e0c8592408d273a3", "record_hash": "62ae572c58eb371cff181eaed7c151184126ff5730f14e469545579e970df04e", "mean_reward": 0.763671875, "max_reward": 0.90625, "noop": false, "changed": 484273455, "applied_l2": 4.537835711791232, "requested_l2": 4.537096872990768, "wait_seconds": 116.03132322300371, "record_seconds": 0.0023632059965166263, "update_seconds": 2.6542986210042727, "publish_seconds": 0.005171047996554989, "total_seconds": 118.69315609800105}
{"event": "generation_open", "t": 1791398908.7771368, "generation": 23, "parent_sha256": "f60fa3351204f361828ce897c55eadb90f3957476cd494a8e0c8592408d273a3", "candidates": 24}
{"event": "generation_complete", "t": 1791399025.4410877, "generation": 23}
{"event": "update_recorded", "t": 1791399025.4452631, "generation": 23, "record_hash": "6466e53c90871bf3837a7e909a55a78b99dd7d8cf878036dbdca27ba55f3e2f2"}
{"event": "update_applied", "t": 1791399028.0967703, "generation": 23, "child_sha256": "1ca155b8dfd611d068a6cc3337665ae4c89e33c950a655f37a414ffb42ca93f7", "noop": false, "changed": 484271671, "applied_l2": 4.537716338851686}
{"event": "weights_pruned", "t": 1791399028.1156027, "removed": ["45561556ce6a591f8512eddf41297f5141d87599cf40a89b882e644d127941b6"], "kept": ["4163cfc31b8955390e305a57dff740defd4d3320c50e8a7f74f6761130516051", "f60fa3351204f361828ce897c55eadb90f3957476cd494a8e0c8592408d273a3", "1ca155b8dfd611d068a6cc3337665ae4c89e33c950a655f37a414ffb42ca93f7"]}
{"event": "weights_published", "t": 1791399028.1156332, "generation": 23, "child_sha256": "1ca155b8dfd611d068a6cc3337665ae4c89e33c950a655f37a414ffb42ca93f7"}
{"event": "generation_done", "t": 1791399028.1156821, "generation": 23, "parent_sha256": "f60fa3351204f361828ce897c55eadb90f3957476cd494a8e0c8592408d273a3", "child_sha256": "1ca155b8dfd611d068a6cc3337665ae4c89e33c950a655f37a414ffb42ca93f7", "record_hash": "6466e53c90871bf3837a7e909a55a78b99dd7d8cf878036dbdca27ba55f3e2f2", "mean_reward": 0.744140625, "max_reward": 0.84375, "noop": false, "changed": 484271671, "applied_l2": 4.537716338851686, "requested_l2": 4.536985590063569, "wait_seconds": 116.66961680199893, "record_seconds": 0.004267650001565926, "update_seconds": 2.6515383789956104, "publish_seconds": 0.01886459500383353, "total_seconds": 119.34428742599994}
{"event": "generation_open", "t": 1791399028.119355, "generation": 24, "parent_sha256": "1ca155b8dfd611d068a6cc3337665ae4c89e33c950a655f37a414ffb42ca93f7", "candidates": 24}
{"event": "generation_complete", "t": 1791399141.6645157, "generation": 24}
{"event": "update_recorded", "t": 1791399141.6720824, "generation": 24, "record_hash": "f778c365c1d9b1c3e6bc5a1f0edd470ceb819e094e087196becee6e96dadebe8"}
{"event": "update_applied", "t": 1791399144.3549366, "generation": 24, "child_sha256": "e84006b2df4c23b3c569fbb90ed35a116dacc7acf6812deec0da72695fc68264", "noop": false, "changed": 484270310, "applied_l2": 4.5376172661213685}
{"event": "weights_pruned", "t": 1791399144.3776798, "removed": ["4163cfc31b8955390e305a57dff740defd4d3320c50e8a7f74f6761130516051"], "kept": ["f60fa3351204f361828ce897c55eadb90f3957476cd494a8e0c8592408d273a3", "1ca155b8dfd611d068a6cc3337665ae4c89e33c950a655f37a414ffb42ca93f7", "e84006b2df4c23b3c569fbb90ed35a116dacc7acf6812deec0da72695fc68264"]}
{"event": "weights_published", "t": 1791399144.377708, "generation": 24, "child_sha256": "e84006b2df4c23b3c569fbb90ed35a116dacc7acf6812deec0da72695fc68264"}
{"event": "generation_done", "t": 1791399144.3777556, "generation": 24, "parent_sha256": "1ca155b8dfd611d068a6cc3337665ae4c89e33c950a655f37a414ffb42ca93f7", "child_sha256": "e84006b2df4c23b3c569fbb90ed35a116dacc7acf6812deec0da72695fc68264", "record_hash": "f778c365c1d9b1c3e6bc5a1f0edd470ceb819e094e087196becee6e96dadebe8", "mean_reward": 0.78125, "max_reward": 0.859375, "noop": false, "changed": 484270310, "applied_l2": 4.5376172661213685, "requested_l2": 4.536884062089913, "wait_seconds": 113.54867240799649, "record_seconds": 0.007651735002582427, "update_seconds": 2.682886073998816, "publish_seconds": 0.022773605996917468, "total_seconds": 116.26198382299481}
{"event": "generation_open", "t": 1791399144.3865623, "generation": 25, "parent_sha256": "e84006b2df4c23b3c569fbb90ed35a116dacc7acf6812deec0da72695fc68264", "candidates": 24}
{"event": "generation_complete", "t": 1791399255.4661732, "generation": 25}
{"event": "update_recorded", "t": 1791399255.473633, "generation": 25, "record_hash": "e1785d95f7ebb1afc81e99f512a204745d82a478b41bb65041dea2c38f2f2601"}
{"event": "update_applied", "t": 1791399258.2402596, "generation": 25, "child_sha256": "383d6efae92b227b91962cb662e2aadb21734ebddb79c39d7be86aafb20def8a", "noop": false, "changed": 484268138, "applied_l2": 4.537517385136761}
{"event": "weights_pruned", "t": 1791399258.2577586, "removed": ["f60fa3351204f361828ce897c55eadb90f3957476cd494a8e0c8592408d273a3"], "kept": ["1ca155b8dfd611d068a6cc3337665ae4c89e33c950a655f37a414ffb42ca93f7", "e84006b2df4c23b3c569fbb90ed35a116dacc7acf6812deec0da72695fc68264", "383d6efae92b227b91962cb662e2aadb21734ebddb79c39d7be86aafb20def8a"]}
{"event": "weights_published", "t": 1791399258.2577848, "generation": 25, "child_sha256": "383d6efae92b227b91962cb662e2aadb21734ebddb79c39d7be86aafb20def8a"}
{"event": "generation_done", "t": 1791399258.2578306, "generation": 25, "parent_sha256": "e84006b2df4c23b3c569fbb90ed35a116dacc7acf6812deec0da72695fc68264", "child_sha256": "383d6efae92b227b91962cb662e2aadb21734ebddb79c39d7be86aafb20def8a", "record_hash": "e1785d95f7ebb1afc81e99f512a204745d82a478b41bb65041dea2c38f2f2601", "mean_reward": 0.7805989583333334, "max_reward": 0.890625, "noop": false, "changed": 484268138, "applied_l2": 4.537517385136761, "requested_l2": 4.5367828511851656, "wait_seconds": 111.0882612619971, "record_seconds": 0.007543714003986679, "update_seconds": 2.7666593120011385, "publish_seconds": 0.017527038995467592, "total_seconds": 113.8799913269977}
{"event": "generation_open", "t": 1791399258.2616334, "generation": 26, "parent_sha256": "383d6efae92b227b91962cb662e2aadb21734ebddb79c39d7be86aafb20def8a", "candidates": 24}
{"event": "generation_complete", "t": 1791399373.1493318, "generation": 26}
{"event": "update_recorded", "t": 1791399373.1533105, "generation": 26, "record_hash": "dfefda77d68d243669117d417306d52d0836c5871315c315f96a86689b087ce4"}
{"event": "update_applied", "t": 1791399375.8584745, "generation": 26, "child_sha256": "aaa6d348c6f58cc7852f4ff89f8ed412d14b38ce1d847606357e2c21a59ffa90", "noop": false, "changed": 484266019, "applied_l2": 4.537701180915053}
{"event": "weights_pruned", "t": 1791399375.8785079, "removed": ["1ca155b8dfd611d068a6cc3337665ae4c89e33c950a655f37a414ffb42ca93f7"], "kept": ["e84006b2df4c23b3c569fbb90ed35a116dacc7acf6812deec0da72695fc68264", "383d6efae92b227b91962cb662e2aadb21734ebddb79c39d7be86aafb20def8a", "aaa6d348c6f58cc7852f4ff89f8ed412d14b38ce1d847606357e2c21a59ffa90"]}
{"event": "weights_published", "t": 1791399375.8785367, "generation": 26, "child_sha256": "aaa6d348c6f58cc7852f4ff89f8ed412d14b38ce1d847606357e2c21a59ffa90"}
{"event": "generation_done", "t": 1791399375.8785853, "generation": 26, "parent_sha256": "383d6efae92b227b91962cb662e2aadb21734ebddb79c39d7be86aafb20def8a", "child_sha256": "aaa6d348c6f58cc7852f4ff89f8ed412d14b38ce1d847606357e2c21a59ffa90", "record_hash": "dfefda77d68d243669117d417306d52d0836c5871315c315f96a86689b087ce4", "mean_reward": 0.763671875, "max_reward": 0.84375, "noop": false, "changed": 484266019, "applied_l2": 4.537701180915053, "requested_l2": 4.536961840342975, "wait_seconds": 114.89133832499647, "record_seconds": 0.0040646110064699315, "update_seconds": 2.705195240996545, "publish_seconds": 0.020064411000930704, "total_seconds": 117.62066258800041}
{"event": "generation_open", "t": 1791399375.8825653, "generation": 27, "parent_sha256": "aaa6d348c6f58cc7852f4ff89f8ed412d14b38ce1d847606357e2c21a59ffa90", "candidates": 24}
{"event": "generation_complete", "t": 1791399487.094286, "generation": 27}
{"event": "update_recorded", "t": 1791399487.101377, "generation": 27, "record_hash": "d4a119edee71a49215833192bbe61267c076d97a00c741a2ddb5ebc60e49e9b9"}
{"event": "update_applied", "t": 1791399489.7831955, "generation": 27, "child_sha256": "052233bfd8b8939f4c26e2890405efb5817271e6581f2016f71b46872d77864f", "noop": false, "changed": 484272121, "applied_l2": 4.537677370638933}
{"event": "weights_pruned", "t": 1791399489.788317, "removed": ["e84006b2df4c23b3c569fbb90ed35a116dacc7acf6812deec0da72695fc68264"], "kept": ["383d6efae92b227b91962cb662e2aadb21734ebddb79c39d7be86aafb20def8a", "aaa6d348c6f58cc7852f4ff89f8ed412d14b38ce1d847606357e2c21a59ffa90", "052233bfd8b8939f4c26e2890405efb5817271e6581f2016f71b46872d77864f"]}
{"event": "weights_published", "t": 1791399489.7883396, "generation": 27, "child_sha256": "052233bfd8b8939f4c26e2890405efb5817271e6581f2016f71b46872d77864f"}
{"event": "generation_done", "t": 1791399489.7883806, "generation": 27, "parent_sha256": "aaa6d348c6f58cc7852f4ff89f8ed412d14b38ce1d847606357e2c21a59ffa90", "child_sha256": "052233bfd8b8939f4c26e2890405efb5817271e6581f2016f71b46872d77864f", "record_hash": "d4a119edee71a49215833192bbe61267c076d97a00c741a2ddb5ebc60e49e9b9", "mean_reward": 0.759765625, "max_reward": 0.84375, "noop": false, "changed": 484272121, "applied_l2": 4.537677370638933, "requested_l2": 4.536945792993475, "wait_seconds": 111.21553576799488, "record_seconds": 0.0071777280027163215, "update_seconds": 2.6818543310000678, "publish_seconds": 0.005146301999047864, "total_seconds": 113.90971412899671}
{"event": "generation_open", "t": 1791399489.794352, "generation": 28, "parent_sha256": "052233bfd8b8939f4c26e2890405efb5817271e6581f2016f71b46872d77864f", "candidates": 24}
{"event": "generation_complete", "t": 1791399605.1514554, "generation": 28}
{"event": "update_recorded", "t": 1791399605.159734, "generation": 28, "record_hash": "2e5ddeddb99d759b08552c5e8e70dcb856833ac56b8fa4e995023eb8a3db8f7f"}
{"event": "update_applied", "t": 1791399607.8267586, "generation": 28, "child_sha256": "a83865cada59b915c66f5dce3cd04ff765149951571ed460c2a1e0f03ef6caaf", "noop": false, "changed": 484261636, "applied_l2": 4.537835420542042}
{"event": "weights_pruned", "t": 1791399607.845649, "removed": ["383d6efae92b227b91962cb662e2aadb21734ebddb79c39d7be86aafb20def8a"], "kept": ["aaa6d348c6f58cc7852f4ff89f8ed412d14b38ce1d847606357e2c21a59ffa90", "052233bfd8b8939f4c26e2890405efb5817271e6581f2016f71b46872d77864f", "a83865cada59b915c66f5dce3cd04ff765149951571ed460c2a1e0f03ef6caaf"]}
{"event": "weights_published", "t": 1791399607.8456888, "generation": 28, "child_sha256": "a83865cada59b915c66f5dce3cd04ff765149951571ed460c2a1e0f03ef6caaf"}
{"event": "generation_done", "t": 1791399607.8457396, "generation": 28, "parent_sha256": "052233bfd8b8939f4c26e2890405efb5817271e6581f2016f71b46872d77864f", "child_sha256": "a83865cada59b915c66f5dce3cd04ff765149951571ed460c2a1e0f03ef6caaf", "record_hash": "2e5ddeddb99d759b08552c5e8e70dcb856833ac56b8fa4e995023eb8a3db8f7f", "mean_reward": 0.7766927083333334, "max_reward": 0.890625, "noop": false, "changed": 484261636, "applied_l2": 4.537835420542042, "requested_l2": 4.537097821318371, "wait_seconds": 115.36291118299414, "record_seconds": 0.00837144300021464, "update_seconds": 2.6670552540017525, "publish_seconds": 0.01893223300430691, "total_seconds": 118.05727011300041}
{"event": "generation_open", "t": 1791399607.8515863, "generation": 29, "parent_sha256": "a83865cada59b915c66f5dce3cd04ff765149951571ed460c2a1e0f03ef6caaf", "candidates": 24}
{"event": "generation_complete", "t": 1791399720.1491113, "generation": 29}
{"event": "update_recorded", "t": 1791399720.1520195, "generation": 29, "record_hash": "0c6bfd06580675eb357a5b72e840426d575b47471047adbf5aa5373d840a6147"}
{"event": "update_applied", "t": 1791399722.7890465, "generation": 29, "child_sha256": "be1a2345486a3252c4149e52fcbc6e4867475b3553904a0ead8e4b5fdb444e5f", "noop": false, "changed": 484269627, "applied_l2": 4.537783128762556}
{"event": "weights_pruned", "t": 1791399722.810355, "removed": ["aaa6d348c6f58cc7852f4ff89f8ed412d14b38ce1d847606357e2c21a59ffa90"], "kept": ["052233bfd8b8939f4c26e2890405efb5817271e6581f2016f71b46872d77864f", "a83865cada59b915c66f5dce3cd04ff765149951571ed460c2a1e0f03ef6caaf", "be1a2345486a3252c4149e52fcbc6e4867475b3553904a0ead8e4b5fdb444e5f"]}
{"event": "weights_published", "t": 1791399722.810383, "generation": 29, "child_sha256": "be1a2345486a3252c4149e52fcbc6e4867475b3553904a0ead8e4b5fdb444e5f"}
{"event": "generation_done", "t": 1791399722.8104289, "generation": 29, "parent_sha256": "a83865cada59b915c66f5dce3cd04ff765149951571ed460c2a1e0f03ef6caaf", "child_sha256": "be1a2345486a3252c4149e52fcbc6e4867475b3553904a0ead8e4b5fdb444e5f", "record_hash": "0c6bfd06580675eb357a5b72e840426d575b47471047adbf5aa5373d840a6147", "mean_reward": 0.7786458333333334, "max_reward": 0.84375, "noop": false, "changed": 484269627, "applied_l2": 4.537783128762556, "requested_l2": 4.537050672639689, "wait_seconds": 112.30319687600422, "record_seconds": 0.0030051439971430227, "update_seconds": 2.637048356999003, "publish_seconds": 0.021338276004826184, "total_seconds": 114.9645886530052}
{"event": "generation_open", "t": 1791399722.819506, "generation": 30, "parent_sha256": "be1a2345486a3252c4149e52fcbc6e4867475b3553904a0ead8e4b5fdb444e5f", "candidates": 24}
{"event": "generation_complete", "t": 1791399834.857652, "generation": 30}
{"event": "update_recorded", "t": 1791399834.8660154, "generation": 30, "record_hash": "8ff5c2b613b1c413aeab40df13922fe9b2cb324db39b30697d9f08153710f267"}
{"event": "update_applied", "t": 1791399837.5690439, "generation": 30, "child_sha256": "94c2e1f4467dde3701e375137ca5e7644244b215cbc4171932aaa0907b46b183", "noop": false, "changed": 484265112, "applied_l2": 4.537874502488955}
{"event": "weights_pruned", "t": 1791399837.5910983, "removed": ["052233bfd8b8939f4c26e2890405efb5817271e6581f2016f71b46872d77864f"], "kept": ["a83865cada59b915c66f5dce3cd04ff765149951571ed460c2a1e0f03ef6caaf", "be1a2345486a3252c4149e52fcbc6e4867475b3553904a0ead8e4b5fdb444e5f", "94c2e1f4467dde3701e375137ca5e7644244b215cbc4171932aaa0907b46b183"]}
{"event": "weights_published", "t": 1791399837.591133, "generation": 30, "child_sha256": "94c2e1f4467dde3701e375137ca5e7644244b215cbc4171932aaa0907b46b183"}
{"event": "generation_done", "t": 1791399837.5911849, "generation": 30, "parent_sha256": "be1a2345486a3252c4149e52fcbc6e4867475b3553904a0ead8e4b5fdb444e5f", "child_sha256": "94c2e1f4467dde3701e375137ca5e7644244b215cbc4171932aaa0907b46b183", "record_hash": "8ff5c2b613b1c413aeab40df13922fe9b2cb324db39b30697d9f08153710f267", "mean_reward": 0.7779947916666666, "max_reward": 0.859375, "noop": false, "changed": 484265112, "applied_l2": 4.537874502488955, "requested_l2": 4.53712984787938, "wait_seconds": 112.047061225996, "record_seconds": 0.008451676003460307, "update_seconds": 2.7030611759983003, "publish_seconds": 0.02209123200009344, "total_seconds": 114.78066530999786}
{"event": "generation_open", "t": 1791399837.600378, "generation": 31, "parent_sha256": "94c2e1f4467dde3701e375137ca5e7644244b215cbc4171932aaa0907b46b183", "candidates": 24}
{"event": "generation_complete", "t": 1791399952.5181293, "generation": 31}
{"event": "update_recorded", "t": 1791399952.5254443, "generation": 31, "record_hash": "284a871f5212636806d2a0d9635b4d1049ac7814a6a456a13ca6ff24aecd5ef1"}
{"event": "update_applied", "t": 1791399955.1856575, "generation": 31, "child_sha256": "a4825cd69a3fa90eda9530cdaefa498b620b34fb8a62265a7167b4f5f5fbbf3a", "noop": false, "changed": 484261593, "applied_l2": 4.53744724098253}
{"event": "weights_pruned", "t": 1791399955.2098172, "removed": ["a83865cada59b915c66f5dce3cd04ff765149951571ed460c2a1e0f03ef6caaf"], "kept": ["be1a2345486a3252c4149e52fcbc6e4867475b3553904a0ead8e4b5fdb444e5f", "94c2e1f4467dde3701e375137ca5e7644244b215cbc4171932aaa0907b46b183", "a4825cd69a3fa90eda9530cdaefa498b620b34fb8a62265a7167b4f5f5fbbf3a"]}
{"event": "weights_published", "t": 1791399955.2098498, "generation": 31, "child_sha256": "a4825cd69a3fa90eda9530cdaefa498b620b34fb8a62265a7167b4f5f5fbbf3a"}
{"event": "generation_done", "t": 1791399955.2099147, "generation": 31, "parent_sha256": "94c2e1f4467dde3701e375137ca5e7644244b215cbc4171932aaa0907b46b183", "child_sha256": "a4825cd69a3fa90eda9530cdaefa498b620b34fb8a62265a7167b4f5f5fbbf3a", "record_hash": "284a871f5212636806d2a0d9635b4d1049ac7814a6a456a13ca6ff24aecd5ef1", "mean_reward": 0.7877604166666666, "max_reward": 0.859375, "noop": false, "changed": 484261593, "applied_l2": 4.53744724098253, "requested_l2": 4.536708124629417, "wait_seconds": 114.92678463699849, "record_seconds": 0.007389092999801505, "update_seconds": 2.6602597610035446, "publish_seconds": 0.02419397399353329, "total_seconds": 117.61862746499537}
{"event": "generation_open", "t": 1791399955.2208393, "generation": 32, "parent_sha256": "a4825cd69a3fa90eda9530cdaefa498b620b34fb8a62265a7167b4f5f5fbbf3a", "candidates": 24}
{"event": "generation_complete", "t": 1791400068.8263164, "generation": 32}
{"event": "update_recorded", "t": 1791400068.830313, "generation": 32, "record_hash": "a678df40079ab03d1c46f436ddac78b95c0d7d87d4a491576cd06adf0363bb84"}
{"event": "update_applied", "t": 1791400071.4982548, "generation": 32, "child_sha256": "17fde6685db8f29954e912af3e069f494d8d49d277b9732473aaf6944edecb3a", "noop": false, "changed": 484262435, "applied_l2": 4.537662994058347}
{"event": "weights_pruned", "t": 1791400071.5035086, "removed": ["be1a2345486a3252c4149e52fcbc6e4867475b3553904a0ead8e4b5fdb444e5f"], "kept": ["94c2e1f4467dde3701e375137ca5e7644244b215cbc4171932aaa0907b46b183", "a4825cd69a3fa90eda9530cdaefa498b620b34fb8a62265a7167b4f5f5fbbf3a", "17fde6685db8f29954e912af3e069f494d8d49d277b9732473aaf6944edecb3a"]}
{"event": "weights_published", "t": 1791400071.503533, "generation": 32, "child_sha256": "17fde6685db8f29954e912af3e069f494d8d49d277b9732473aaf6944edecb3a"}
{"event": "generation_done", "t": 1791400071.5035744, "generation": 32, "parent_sha256": "a4825cd69a3fa90eda9530cdaefa498b620b34fb8a62265a7167b4f5f5fbbf3a", "child_sha256": "17fde6685db8f29954e912af3e069f494d8d49d277b9732473aaf6944edecb3a", "record_hash": "a678df40079ab03d1c46f436ddac78b95c0d7d87d4a491576cd06adf0363bb84", "mean_reward": 0.7923177083333334, "max_reward": 0.875, "noop": false, "changed": 484262435, "applied_l2": 4.537662994058347, "requested_l2": 4.536926797153906, "wait_seconds": 113.61621343899606, "record_seconds": 0.004079943006217945, "update_seconds": 2.6679745559958974, "publish_seconds": 0.0052804270017077215, "total_seconds": 116.29354836499988}
{"event": "generation_open", "t": 1791400071.5093994, "generation": 33, "parent_sha256": "17fde6685db8f29954e912af3e069f494d8d49d277b9732473aaf6944edecb3a", "candidates": 24}
{"event": "generation_complete", "t": 1791400185.2057774, "generation": 33}
{"event": "update_recorded", "t": 1791400185.209585, "generation": 33, "record_hash": "ab81dffb0424be28acfdb0a2a01e08ed20672f91cd4afa97e57561fbd99aac98"}
{"event": "update_applied", "t": 1791400187.921074, "generation": 33, "child_sha256": "e43ad9f44c737b175bb53f1fd7e05f3fff0a80cdbeb1987020679feba54cf65e", "noop": false, "changed": 484258503, "applied_l2": 4.5377297422517895}
{"event": "weights_pruned", "t": 1791400187.939818, "removed": ["94c2e1f4467dde3701e375137ca5e7644244b215cbc4171932aaa0907b46b183"], "kept": ["a4825cd69a3fa90eda9530cdaefa498b620b34fb8a62265a7167b4f5f5fbbf3a", "17fde6685db8f29954e912af3e069f494d8d49d277b9732473aaf6944edecb3a", "e43ad9f44c737b175bb53f1fd7e05f3fff0a80cdbeb1987020679feba54cf65e"]}
{"event": "weights_published", "t": 1791400187.9398482, "generation": 33, "child_sha256": "e43ad9f44c737b175bb53f1fd7e05f3fff0a80cdbeb1987020679feba54cf65e"}
{"event": "generation_done", "t": 1791400187.9398956, "generation": 33, "parent_sha256": "17fde6685db8f29954e912af3e069f494d8d49d277b9732473aaf6944edecb3a", "child_sha256": "e43ad9f44c737b175bb53f1fd7e05f3fff0a80cdbeb1987020679feba54cf65e", "record_hash": "ab81dffb0424be28acfdb0a2a01e08ed20672f91cd4afa97e57561fbd99aac98", "mean_reward": 0.7936197916666666, "max_reward": 0.875, "noop": false, "changed": 484258503, "applied_l2": 4.5377297422517895, "requested_l2": 4.536988738179665, "wait_seconds": 113.70203858199966, "record_seconds": 0.003909772000042722, "update_seconds": 2.7115086330013582, "publish_seconds": 0.018775862001348287, "total_seconds": 116.43623284900241}
{"event": "generation_open", "t": 1791400187.9437428, "generation": 34, "parent_sha256": "e43ad9f44c737b175bb53f1fd7e05f3fff0a80cdbeb1987020679feba54cf65e", "candidates": 24}
{"event": "generation_complete", "t": 1791400302.3501837, "generation": 34}
{"event": "update_recorded", "t": 1791400302.3570704, "generation": 34, "record_hash": "b4ed24bcca88a97bbbf8a59a000f21062ba97c61555c48ff48e0495e5215fd3e"}
{"event": "update_applied", "t": 1791400305.0265636, "generation": 34, "child_sha256": "409b977d76e1f330c3f57e6a36a6a43e9135ac5051054095902543b7de460d76", "noop": false, "changed": 484260850, "applied_l2": 4.537862355057519}
{"event": "weights_pruned", "t": 1791400305.0496624, "removed": ["a4825cd69a3fa90eda9530cdaefa498b620b34fb8a62265a7167b4f5f5fbbf3a"], "kept": ["17fde6685db8f29954e912af3e069f494d8d49d277b9732473aaf6944edecb3a", "e43ad9f44c737b175bb53f1fd7e05f3fff0a80cdbeb1987020679feba54cf65e", "409b977d76e1f330c3f57e6a36a6a43e9135ac5051054095902543b7de460d76"]}
{"event": "weights_published", "t": 1791400305.0496905, "generation": 34, "child_sha256": "409b977d76e1f330c3f57e6a36a6a43e9135ac5051054095902543b7de460d76"}
{"event": "generation_done", "t": 1791400305.0497384, "generation": 34, "parent_sha256": "e43ad9f44c737b175bb53f1fd7e05f3fff0a80cdbeb1987020679feba54cf65e", "child_sha256": "409b977d76e1f330c3f57e6a36a6a43e9135ac5051054095902543b7de460d76", "record_hash": "b4ed24bcca88a97bbbf8a59a000f21062ba97c61555c48ff48e0495e5215fd3e", "mean_reward": 0.7936197916666666, "max_reward": 0.890625, "noop": false, "changed": 484260850, "applied_l2": 4.537862355057519, "requested_l2": 4.537128281554938, "wait_seconds": 114.41012348499498, "record_seconds": 0.0069717470032628626, "update_seconds": 2.6695281680003973, "publish_seconds": 0.02312841999810189, "total_seconds": 117.10975181999675}
{"event": "generation_open", "t": 1791400305.0584166, "generation": 35, "parent_sha256": "409b977d76e1f330c3f57e6a36a6a43e9135ac5051054095902543b7de460d76", "candidates": 24}
{"event": "generation_complete", "t": 1791400421.9139116, "generation": 35}
{"event": "update_recorded", "t": 1791400421.9212544, "generation": 35, "record_hash": "c5282cc633acf242bc249975666db99e99abe4fa7d696d74d55d886ef2416c6e"}
{"event": "update_applied", "t": 1791400424.5568745, "generation": 35, "child_sha256": "172bedc864344fb0c5c17d56ed599edb299f602ad938bf5fed8e737b53f1ec5e", "noop": false, "changed": 484262396, "applied_l2": 4.537871243305457}
{"event": "weights_pruned", "t": 1791400424.5786254, "removed": ["17fde6685db8f29954e912af3e069f494d8d49d277b9732473aaf6944edecb3a"], "kept": ["e43ad9f44c737b175bb53f1fd7e05f3fff0a80cdbeb1987020679feba54cf65e", "409b977d76e1f330c3f57e6a36a6a43e9135ac5051054095902543b7de460d76", "172bedc864344fb0c5c17d56ed599edb299f602ad938bf5fed8e737b53f1ec5e"]}
{"event": "weights_published", "t": 1791400424.5786538, "generation": 35, "child_sha256": "172bedc864344fb0c5c17d56ed599edb299f602ad938bf5fed8e737b53f1ec5e"}
{"event": "generation_done", "t": 1791400424.5787013, "generation": 35, "parent_sha256": "409b977d76e1f330c3f57e6a36a6a43e9135ac5051054095902543b7de460d76", "child_sha256": "172bedc864344fb0c5c17d56ed599edb299f602ad938bf5fed8e737b53f1ec5e", "record_hash": "c5282cc633acf242bc249975666db99e99abe4fa7d696d74d55d886ef2416c6e", "mean_reward": 0.7890625, "max_reward": 0.859375, "noop": false, "changed": 484262396, "applied_l2": 4.537871243305457, "requested_l2": 4.537133048696179, "wait_seconds": 116.8640047739973, "record_seconds": 0.007433730999764521, "update_seconds": 2.6356479770038277, "publish_seconds": 0.02178492299572099, "total_seconds": 119.52887140499661}
{"event": "generation_open", "t": 1791400424.5879405, "generation": 36, "parent_sha256": "172bedc864344fb0c5c17d56ed599edb299f602ad938bf5fed8e737b53f1ec5e", "candidates": 24}
{"event": "generation_complete", "t": 1791400539.0972142, "generation": 36}
{"event": "update_recorded", "t": 1791400539.1027772, "generation": 36, "record_hash": "b0342aac545423e87ee37f95597aa96654392637652fb1cc17fdc97eba8fe2cb"}
{"event": "update_applied", "t": 1791400541.754049, "generation": 36, "child_sha256": "a7dd7367f8781baace9af0c17924b7124aa1986c4b2c908376d51bc58c298001", "noop": false, "changed": 484257441, "applied_l2": 4.53777044922011}
{"event": "weights_pruned", "t": 1791400541.7790213, "removed": ["e43ad9f44c737b175bb53f1fd7e05f3fff0a80cdbeb1987020679feba54cf65e"], "kept": ["409b977d76e1f330c3f57e6a36a6a43e9135ac5051054095902543b7de460d76", "172bedc864344fb0c5c17d56ed599edb299f602ad938bf5fed8e737b53f1ec5e", "a7dd7367f8781baace9af0c17924b7124aa1986c4b2c908376d51bc58c298001"]}
{"event": "weights_published", "t": 1791400541.7790499, "generation": 36, "child_sha256": "a7dd7367f8781baace9af0c17924b7124aa1986c4b2c908376d51bc58c298001"}
{"event": "generation_done", "t": 1791400541.7790964, "generation": 36, "parent_sha256": "172bedc864344fb0c5c17d56ed599edb299f602ad938bf5fed8e737b53f1ec5e", "child_sha256": "a7dd7367f8781baace9af0c17924b7124aa1986c4b2c908376d51bc58c298001", "record_hash": "b0342aac545423e87ee37f95597aa96654392637652fb1cc17fdc97eba8fe2cb", "mean_reward": 0.791015625, "max_reward": 0.875, "noop": false, "changed": 484257441, "applied_l2": 4.53777044922011, "requested_l2": 4.537038118456877, "wait_seconds": 114.51835507200303, "record_seconds": 0.005661609000526369, "update_seconds": 2.6512905189956655, "publish_seconds": 0.025002858004882, "total_seconds": 117.2003100580041}
{"event": "generation_open", "t": 1791400541.788259, "generation": 37, "parent_sha256": "a7dd7367f8781baace9af0c17924b7124aa1986c4b2c908376d51bc58c298001", "candidates": 24}
{"event": "generation_complete", "t": 1791400649.344919, "generation": 37}
{"event": "update_recorded", "t": 1791400649.3530366, "generation": 37, "record_hash": "d613d52fdabca2a03296ec85266812ae3053006c46bc4e2946ac04d00fcf26c5"}
{"event": "update_applied", "t": 1791400651.9899685, "generation": 37, "child_sha256": "32e56057b1c83be1cfad569e6278b1140b4594a33420bf71b69f7314728bc1cb", "noop": false, "changed": 484259972, "applied_l2": 4.537524954734554}
{"event": "weights_pruned", "t": 1791400651.9954042, "removed": ["409b977d76e1f330c3f57e6a36a6a43e9135ac5051054095902543b7de460d76"], "kept": ["172bedc864344fb0c5c17d56ed599edb299f602ad938bf5fed8e737b53f1ec5e", "a7dd7367f8781baace9af0c17924b7124aa1986c4b2c908376d51bc58c298001", "32e56057b1c83be1cfad569e6278b1140b4594a33420bf71b69f7314728bc1cb"]}
{"event": "weights_published", "t": 1791400651.995429, "generation": 37, "child_sha256": "32e56057b1c83be1cfad569e6278b1140b4594a33420bf71b69f7314728bc1cb"}
{"event": "generation_done", "t": 1791400651.9954717, "generation": 37, "parent_sha256": "a7dd7367f8781baace9af0c17924b7124aa1986c4b2c908376d51bc58c298001", "child_sha256": "32e56057b1c83be1cfad569e6278b1140b4594a33420bf71b69f7314728bc1cb", "record_hash": "d613d52fdabca2a03296ec85266812ae3053006c46bc4e2946ac04d00fcf26c5", "mean_reward": 0.8098958333333334, "max_reward": 0.90625, "noop": false, "changed": 484259972, "applied_l2": 4.537524954734554, "requested_l2": 4.536779548503529, "wait_seconds": 107.56565680000494, "record_seconds": 0.008211000000301283, "update_seconds": 2.6369637269963278, "publish_seconds": 0.005462485998577904, "total_seconds": 110.21629401300015}
{"event": "generation_open", "t": 1791400652.0025413, "generation": 38, "parent_sha256": "32e56057b1c83be1cfad569e6278b1140b4594a33420bf71b69f7314728bc1cb", "candidates": 24}
{"event": "generation_complete", "t": 1791400767.252512, "generation": 38}
{"event": "update_recorded", "t": 1791400767.2603443, "generation": 38, "record_hash": "30a8b43f4fb8cd95438fe0f6bfbe30ed24b55457fb98b97c8b397d17c803e303"}
{"event": "update_applied", "t": 1791400769.869396, "generation": 38, "child_sha256": "385dc51cbae8337db7cd9275d594313f838501b83bc77284e7b3307a1e9b98cd", "noop": false, "changed": 484262273, "applied_l2": 4.538030846288351}
{"event": "weights_pruned", "t": 1791400769.8914654, "removed": ["172bedc864344fb0c5c17d56ed599edb299f602ad938bf5fed8e737b53f1ec5e"], "kept": ["a7dd7367f8781baace9af0c17924b7124aa1986c4b2c908376d51bc58c298001", "32e56057b1c83be1cfad569e6278b1140b4594a33420bf71b69f7314728bc1cb", "385dc51cbae8337db7cd9275d594313f838501b83bc77284e7b3307a1e9b98cd"]}
{"event": "weights_published", "t": 1791400769.891495, "generation": 38, "child_sha256": "385dc51cbae8337db7cd9275d594313f838501b83bc77284e7b3307a1e9b98cd"}
{"event": "generation_done", "t": 1791400769.8915436, "generation": 38, "parent_sha256": "32e56057b1c83be1cfad569e6278b1140b4594a33420bf71b69f7314728bc1cb", "child_sha256": "385dc51cbae8337db7cd9275d594313f838501b83bc77284e7b3307a1e9b98cd", "record_hash": "30a8b43f4fb8cd95438fe0f6bfbe30ed24b55457fb98b97c8b397d17c803e303", "mean_reward": 0.783203125, "max_reward": 0.859375, "noop": false, "changed": 484262273, "applied_l2": 4.538030846288351, "requested_l2": 4.537297168990532, "wait_seconds": 115.2568761109942, "record_seconds": 0.007925366000563372, "update_seconds": 2.6090770730006625, "publish_seconds": 0.02210046000254806, "total_seconds": 117.89597900999797}
{"event": "generation_open", "t": 1791400769.9017265, "generation": 39, "parent_sha256": "385dc51cbae8337db7cd9275d594313f838501b83bc77284e7b3307a1e9b98cd", "candidates": 24}
{"event": "generation_complete", "t": 1791400878.3152256, "generation": 39}
{"event": "update_recorded", "t": 1791400878.3195539, "generation": 39, "record_hash": "a8211c4ad3b5ede154964f92f3fce8e8efc80487ea89b9d7bb3f4b4699ef608a"}
{"event": "update_applied", "t": 1791400880.9917793, "generation": 39, "child_sha256": "8ba1d472df1c86e54312cce0a64df32127b698d14c41a1c9ae9a86b420fb5a4a", "noop": false, "changed": 484258796, "applied_l2": 4.537778880998617}
{"event": "weights_pruned", "t": 1791400881.0142503, "removed": ["a7dd7367f8781baace9af0c17924b7124aa1986c4b2c908376d51bc58c298001"], "kept": ["32e56057b1c83be1cfad569e6278b1140b4594a33420bf71b69f7314728bc1cb", "385dc51cbae8337db7cd9275d594313f838501b83bc77284e7b3307a1e9b98cd", "8ba1d472df1c86e54312cce0a64df32127b698d14c41a1c9ae9a86b420fb5a4a"]}
{"event": "weights_published", "t": 1791400881.014283, "generation": 39, "child_sha256": "8ba1d472df1c86e54312cce0a64df32127b698d14c41a1c9ae9a86b420fb5a4a"}
{"event": "generation_done", "t": 1791400881.0143282, "generation": 39, "parent_sha256": "385dc51cbae8337db7cd9275d594313f838501b83bc77284e7b3307a1e9b98cd", "child_sha256": "8ba1d472df1c86e54312cce0a64df32127b698d14c41a1c9ae9a86b420fb5a4a", "record_hash": "a8211c4ad3b5ede154964f92f3fce8e8efc80487ea89b9d7bb3f4b4699ef608a", "mean_reward": 0.7942708333333334, "max_reward": 0.859375, "noop": false, "changed": 484258796, "applied_l2": 4.537778880998617, "requested_l2": 4.537039393357703, "wait_seconds": 108.42352260800544, "record_seconds": 0.004413281996676233, "update_seconds": 2.6722573029983323, "publish_seconds": 0.022505288005049806, "total_seconds": 111.1226984810055}
{"event": "generation_open", "t": 1791400881.0260167, "generation": 40, "parent_sha256": "8ba1d472df1c86e54312cce0a64df32127b698d14c41a1c9ae9a86b420fb5a4a", "candidates": 24}
{"event": "generation_complete", "t": 1791400993.8693101, "generation": 40}
{"event": "update_recorded", "t": 1791400993.8745008, "generation": 40, "record_hash": "440275dd8a5f7ff4ab306b3b01daf38d57c3724dd02a50c22fcfbc8bfbd3d499"}
{"event": "update_applied", "t": 1791400996.573244, "generation": 40, "child_sha256": "cdaafda981fb04713b64fd3c1e657387e2038e86ca7e9765475a4c9f2b77e76f", "noop": false, "changed": 484260432, "applied_l2": 4.537569574552681}
{"event": "weights_pruned", "t": 1791400996.5954487, "removed": ["32e56057b1c83be1cfad569e6278b1140b4594a33420bf71b69f7314728bc1cb"], "kept": ["385dc51cbae8337db7cd9275d594313f838501b83bc77284e7b3307a1e9b98cd", "8ba1d472df1c86e54312cce0a64df32127b698d14c41a1c9ae9a86b420fb5a4a", "cdaafda981fb04713b64fd3c1e657387e2038e86ca7e9765475a4c9f2b77e76f"]}
{"event": "weights_published", "t": 1791400996.5954752, "generation": 40, "child_sha256": "cdaafda981fb04713b64fd3c1e657387e2038e86ca7e9765475a4c9f2b77e76f"}
{"event": "generation_done", "t": 1791400996.5955253, "generation": 40, "parent_sha256": "8ba1d472df1c86e54312cce0a64df32127b698d14c41a1c9ae9a86b420fb5a4a", "child_sha256": "cdaafda981fb04713b64fd3c1e657387e2038e86ca7e9765475a4c9f2b77e76f", "record_hash": "440275dd8a5f7ff4ab306b3b01daf38d57c3724dd02a50c22fcfbc8bfbd3d499", "mean_reward": 0.79296875, "max_reward": 0.890625, "noop": false, "changed": 484260432, "applied_l2": 4.537569574552681, "requested_l2": 4.536830078182389, "wait_seconds": 112.8548214140028, "record_seconds": 0.005279034994600806, "update_seconds": 2.69877538500441, "publish_seconds": 0.022232711999095045, "total_seconds": 115.5811085460009}
{"event": "generation_open", "t": 1791400996.606978, "generation": 41, "parent_sha256": "cdaafda981fb04713b64fd3c1e657387e2038e86ca7e9765475a4c9f2b77e76f", "candidates": 24}
{"event": "generation_complete", "t": 1791401108.392735, "generation": 41}
{"event": "update_recorded", "t": 1791401108.3965724, "generation": 41, "record_hash": "96293b28ba860a5e49b871ad548cca6a6eed93fdc022f4027c735b5b350ee4e5"}
{"event": "update_applied", "t": 1791401111.0271735, "generation": 41, "child_sha256": "1b71ae3d0c4fd695cf6f7fc5d6839672ab8737a82cd9454da855506d5f040d06", "noop": false, "changed": 484257899, "applied_l2": 4.537799113644462}
{"event": "weights_pruned", "t": 1791401111.0473201, "removed": ["385dc51cbae8337db7cd9275d594313f838501b83bc77284e7b3307a1e9b98cd"], "kept": ["8ba1d472df1c86e54312cce0a64df32127b698d14c41a1c9ae9a86b420fb5a4a", "cdaafda981fb04713b64fd3c1e657387e2038e86ca7e9765475a4c9f2b77e76f", "1b71ae3d0c4fd695cf6f7fc5d6839672ab8737a82cd9454da855506d5f040d06"]}
{"event": "weights_published", "t": 1791401111.0473485, "generation": 41, "child_sha256": "1b71ae3d0c4fd695cf6f7fc5d6839672ab8737a82cd9454da855506d5f040d06"}
{"event": "generation_done", "t": 1791401111.0473952, "generation": 41, "parent_sha256": "cdaafda981fb04713b64fd3c1e657387e2038e86ca7e9765475a4c9f2b77e76f", "child_sha256": "1b71ae3d0c4fd695cf6f7fc5d6839672ab8737a82cd9454da855506d5f040d06", "record_hash": "96293b28ba860a5e49b871ad548cca6a6eed93fdc022f4027c735b5b350ee4e5", "mean_reward": 0.8059895833333334, "max_reward": 0.859375, "noop": false, "changed": 484257899, "applied_l2": 4.537799113644462, "requested_l2": 4.537056350462156, "wait_seconds": 111.79704915000184, "record_seconds": 0.003923328004020732, "update_seconds": 2.6306365769996773, "publish_seconds": 0.02017625299777137, "total_seconds": 114.45178530800331}
{"event": "generation_open", "t": 1791401111.0547824, "generation": 42, "parent_sha256": "1b71ae3d0c4fd695cf6f7fc5d6839672ab8737a82cd9454da855506d5f040d06", "candidates": 24}
{"event": "generation_complete", "t": 1791401229.8391232, "generation": 42}
{"event": "update_recorded", "t": 1791401229.8441365, "generation": 42, "record_hash": "29f469be52dbfb9cef0c5afd423f6a385a2ae0a2d03b4c0cb89f12ada5aac353"}
{"event": "update_applied", "t": 1791401232.4504178, "generation": 42, "child_sha256": "c3f801102940da34439850b07bd6b37b272fb3014c45b33dd2cef80bd0b23a61", "noop": false, "changed": 484258771, "applied_l2": 4.537659114639246}
{"event": "weights_pruned", "t": 1791401232.452069, "removed": ["8ba1d472df1c86e54312cce0a64df32127b698d14c41a1c9ae9a86b420fb5a4a"], "kept": ["cdaafda981fb04713b64fd3c1e657387e2038e86ca7e9765475a4c9f2b77e76f", "1b71ae3d0c4fd695cf6f7fc5d6839672ab8737a82cd9454da855506d5f040d06", "c3f801102940da34439850b07bd6b37b272fb3014c45b33dd2cef80bd0b23a61"]}
{"event": "weights_published", "t": 1791401232.4520886, "generation": 42, "child_sha256": "c3f801102940da34439850b07bd6b37b272fb3014c45b33dd2cef80bd0b23a61"}
{"event": "generation_done", "t": 1791401232.4521294, "generation": 42, "parent_sha256": "1b71ae3d0c4fd695cf6f7fc5d6839672ab8737a82cd9454da855506d5f040d06", "child_sha256": "c3f801102940da34439850b07bd6b37b272fb3014c45b33dd2cef80bd0b23a61", "record_hash": "29f469be52dbfb9cef0c5afd423f6a385a2ae0a2d03b4c0cb89f12ada5aac353", "mean_reward": 0.79296875, "max_reward": 0.890625, "noop": false, "changed": 484258771, "applied_l2": 4.537659114639246, "requested_l2": 4.5369168164176275, "wait_seconds": 118.79156404099922, "record_seconds": 0.005101749004097655, "update_seconds": 2.606310039998789, "publish_seconds": 0.0016736339966882952, "total_seconds": 121.4046494639988}
{"event": "generation_open", "t": 1791401232.455201, "generation": 43, "parent_sha256": "c3f801102940da34439850b07bd6b37b272fb3014c45b33dd2cef80bd0b23a61", "candidates": 24}
{"event": "generation_complete", "t": 1791401342.115323, "generation": 43}
{"event": "update_recorded", "t": 1791401342.1200635, "generation": 43, "record_hash": "7a10d1cc4cb34688df159d3a249f2c30a753e3d6d87bcad390bc6840d2f4beb8"}
{"event": "update_applied", "t": 1791401344.8024702, "generation": 43, "child_sha256": "9bc9f95f1298919652928aad4d80a7809817a1137b2c80ef4612be654bb007d4", "noop": false, "changed": 484250768, "applied_l2": 4.537857271464561}
{"event": "weights_pruned", "t": 1791401344.8249485, "removed": ["cdaafda981fb04713b64fd3c1e657387e2038e86ca7e9765475a4c9f2b77e76f"], "kept": ["1b71ae3d0c4fd695cf6f7fc5d6839672ab8737a82cd9454da855506d5f040d06", "c3f801102940da34439850b07bd6b37b272fb3014c45b33dd2cef80bd0b23a61", "9bc9f95f1298919652928aad4d80a7809817a1137b2c80ef4612be654bb007d4"]}
{"event": "weights_published", "t": 1791401344.824985, "generation": 43, "child_sha256": "9bc9f95f1298919652928aad4d80a7809817a1137b2c80ef4612be654bb007d4"}
{"event": "generation_done", "t": 1791401344.8250341, "generation": 43, "parent_sha256": "c3f801102940da34439850b07bd6b37b272fb3014c45b33dd2cef80bd0b23a61", "child_sha256": "9bc9f95f1298919652928aad4d80a7809817a1137b2c80ef4612be654bb007d4", "record_hash": "7a10d1cc4cb34688df159d3a249f2c30a753e3d6d87bcad390bc6840d2f4beb8", "mean_reward": 0.80859375, "max_reward": 0.890625, "noop": false, "changed": 484250768, "applied_l2": 4.537857271464561, "requested_l2": 4.537119428627107, "wait_seconds": 109.66303470500134, "record_seconds": 0.0048276839952450246, "update_seconds": 2.682436932998826, "publish_seconds": 0.02251738000632031, "total_seconds": 112.37281670200173}
{"event": "generation_open", "t": 1791401344.8325658, "generation": 44, "parent_sha256": "9bc9f95f1298919652928aad4d80a7809817a1137b2c80ef4612be654bb007d4", "candidates": 24}
{"event": "generation_complete", "t": 1791401458.9493444, "generation": 44}
{"event": "update_recorded", "t": 1791401458.953286, "generation": 44, "record_hash": "202336a2e73ce8ff131b07b3848df3d83c719b84be12df83b8495e1c30b07841"}
{"event": "update_applied", "t": 1791401461.6082149, "generation": 44, "child_sha256": "2fe4072f291f926b618eaab60435b5bb84e646ca5ee5e655bab7ebc8ad17c0cd", "noop": false, "changed": 484256686, "applied_l2": 4.537821744039804}
{"event": "weights_pruned", "t": 1791401461.6309385, "removed": ["1b71ae3d0c4fd695cf6f7fc5d6839672ab8737a82cd9454da855506d5f040d06"], "kept": ["c3f801102940da34439850b07bd6b37b272fb3014c45b33dd2cef80bd0b23a61", "9bc9f95f1298919652928aad4d80a7809817a1137b2c80ef4612be654bb007d4", "2fe4072f291f926b618eaab60435b5bb84e646ca5ee5e655bab7ebc8ad17c0cd"]}
{"event": "weights_published", "t": 1791401461.6309686, "generation": 44, "child_sha256": "2fe4072f291f926b618eaab60435b5bb84e646ca5ee5e655bab7ebc8ad17c0cd"}
{"event": "generation_done", "t": 1791401461.6310217, "generation": 44, "parent_sha256": "9bc9f95f1298919652928aad4d80a7809817a1137b2c80ef4612be654bb007d4", "child_sha256": "2fe4072f291f926b618eaab60435b5bb84e646ca5ee5e655bab7ebc8ad17c0cd", "record_hash": "202336a2e73ce8ff131b07b3848df3d83c719b84be12df83b8495e1c30b07841", "mean_reward": 0.8372395833333334, "max_reward": 0.90625, "noop": false, "changed": 484256686, "applied_l2": 4.537821744039804, "requested_l2": 4.537083407323091, "wait_seconds": 114.12414984199859, "record_seconds": 0.0040281049950863235, "update_seconds": 2.654960908999783, "publish_seconds": 0.02275533900683513, "total_seconds": 116.80589419500029}
{"event": "generation_open", "t": 1791401461.65168, "generation": 45, "parent_sha256": "2fe4072f291f926b618eaab60435b5bb84e646ca5ee5e655bab7ebc8ad17c0cd", "candidates": 24}
{"event": "generation_complete", "t": 1791401573.214364, "generation": 45}
{"event": "update_recorded", "t": 1791401573.217247, "generation": 45, "record_hash": "6b78305ea2f00a1a41996a2db1a443b54ab6184bdd0df4e86d02b423e2a2075d"}
{"event": "update_applied", "t": 1791401575.9160542, "generation": 45, "child_sha256": "bc021084a6f717ed292abf48394bd7c9324576b06cb38b4daaff745889bc9a68", "noop": false, "changed": 484252038, "applied_l2": 4.537604203087312}
{"event": "weights_pruned", "t": 1791401575.9375193, "removed": ["c3f801102940da34439850b07bd6b37b272fb3014c45b33dd2cef80bd0b23a61"], "kept": ["9bc9f95f1298919652928aad4d80a7809817a1137b2c80ef4612be654bb007d4", "2fe4072f291f926b618eaab60435b5bb84e646ca5ee5e655bab7ebc8ad17c0cd", "bc021084a6f717ed292abf48394bd7c9324576b06cb38b4daaff745889bc9a68"]}
{"event": "weights_published", "t": 1791401575.937548, "generation": 45, "child_sha256": "bc021084a6f717ed292abf48394bd7c9324576b06cb38b4daaff745889bc9a68"}
{"event": "generation_done", "t": 1791401575.9375994, "generation": 45, "parent_sha256": "2fe4072f291f926b618eaab60435b5bb84e646ca5ee5e655bab7ebc8ad17c0cd", "child_sha256": "bc021084a6f717ed292abf48394bd7c9324576b06cb38b4daaff745889bc9a68", "record_hash": "6b78305ea2f00a1a41996a2db1a443b54ab6184bdd0df4e86d02b423e2a2075d", "mean_reward": 0.8125, "max_reward": 0.890625, "noop": false, "changed": 484252038, "applied_l2": 4.537604203087312, "requested_l2": 4.536858970796986, "wait_seconds": 111.58318057999713, "record_seconds": 0.0029708140064030886, "update_seconds": 2.698833457994624, "publish_seconds": 0.021500191003724467, "total_seconds": 114.30648504300189}
{"event": "generation_open", "t": 1791401575.9476278, "generation": 46, "parent_sha256": "bc021084a6f717ed292abf48394bd7c9324576b06cb38b4daaff745889bc9a68", "candidates": 24}
{"event": "generation_complete", "t": 1791401686.9868777, "generation": 46}
{"event": "update_recorded", "t": 1791401686.993463, "generation": 46, "record_hash": "e735af13de83973dfc351082632b297256395362fc6ccea9dcfd3562082ca3d6"}
{"event": "update_applied", "t": 1791401689.6684122, "generation": 46, "child_sha256": "8d77d92f8e2c989a3833a9a4f0dc61f14ffd56d5e4e675ede293c33ed62bfa2a", "noop": false, "changed": 484247746, "applied_l2": 4.537627212644615}
{"event": "weights_pruned", "t": 1791401689.6933541, "removed": ["9bc9f95f1298919652928aad4d80a7809817a1137b2c80ef4612be654bb007d4"], "kept": ["2fe4072f291f926b618eaab60435b5bb84e646ca5ee5e655bab7ebc8ad17c0cd", "bc021084a6f717ed292abf48394bd7c9324576b06cb38b4daaff745889bc9a68", "8d77d92f8e2c989a3833a9a4f0dc61f14ffd56d5e4e675ede293c33ed62bfa2a"]}
{"event": "weights_published", "t": 1791401689.6933842, "generation": 46, "child_sha256": "8d77d92f8e2c989a3833a9a4f0dc61f14ffd56d5e4e675ede293c33ed62bfa2a"}
{"event": "generation_done", "t": 1791401689.6934295, "generation": 46, "parent_sha256": "bc021084a6f717ed292abf48394bd7c9324576b06cb38b4daaff745889bc9a68", "child_sha256": "8d77d92f8e2c989a3833a9a4f0dc61f14ffd56d5e4e675ede293c33ed62bfa2a", "record_hash": "e735af13de83973dfc351082632b297256395362fc6ccea9dcfd3562082ca3d6", "mean_reward": 0.8216145833333334, "max_reward": 0.875, "noop": false, "changed": 484247746, "applied_l2": 4.537627212644615, "requested_l2": 4.536890230793645, "wait_seconds": 111.04911954099953, "record_seconds": 0.0066667800056166016, "update_seconds": 2.6749879389972193, "publish_seconds": 0.02497391399811022, "total_seconds": 113.75574817400047}
{"event": "generation_open", "t": 1791401689.7043493, "generation": 47, "parent_sha256": "8d77d92f8e2c989a3833a9a4f0dc61f14ffd56d5e4e675ede293c33ed62bfa2a", "candidates": 24}
{"event": "generation_complete", "t": 1791401806.202816, "generation": 47}
{"event": "update_recorded", "t": 1791401806.210665, "generation": 47, "record_hash": "48060ee2378b2529d54f809ac5ff16ed777343f590762eab29e140d6500bb317"}
{"event": "update_applied", "t": 1791401808.870056, "generation": 47, "child_sha256": "4eab1bdefa68c48d040517c77469da2554eb2bb2f2de62bb51d9530c59353e39", "noop": false, "changed": 484249293, "applied_l2": 4.537761522313172}
{"event": "weights_pruned", "t": 1791401808.8750515, "removed": ["2fe4072f291f926b618eaab60435b5bb84e646ca5ee5e655bab7ebc8ad17c0cd"], "kept": ["bc021084a6f717ed292abf48394bd7c9324576b06cb38b4daaff745889bc9a68", "8d77d92f8e2c989a3833a9a4f0dc61f14ffd56d5e4e675ede293c33ed62bfa2a", "4eab1bdefa68c48d040517c77469da2554eb2bb2f2de62bb51d9530c59353e39"]}
{"event": "weights_published", "t": 1791401808.8750763, "generation": 47, "child_sha256": "4eab1bdefa68c48d040517c77469da2554eb2bb2f2de62bb51d9530c59353e39"}
{"event": "generation_done", "t": 1791401808.8751192, "generation": 47, "parent_sha256": "8d77d92f8e2c989a3833a9a4f0dc61f14ffd56d5e4e675ede293c33ed62bfa2a", "child_sha256": "4eab1bdefa68c48d040517c77469da2554eb2bb2f2de62bb51d9530c59353e39", "record_hash": "48060ee2378b2529d54f809ac5ff16ed777343f590762eab29e140d6500bb317", "mean_reward": 0.7649739583333334, "max_reward": 0.90625, "noop": false, "changed": 484249293, "applied_l2": 4.537761522313172, "requested_l2": 4.537023280448707, "wait_seconds": 116.5092267190048, "record_seconds": 0.007938994000141975, "update_seconds": 2.6594216319936095, "publish_seconds": 0.005022002005716786, "total_seconds": 119.18160934700427}
{"event": "generation_open", "t": 1791401808.8829114, "generation": 48, "parent_sha256": "4eab1bdefa68c48d040517c77469da2554eb2bb2f2de62bb51d9530c59353e39", "candidates": 24}
{"event": "generation_complete", "t": 1791401921.0597098, "generation": 48}
{"event": "update_recorded", "t": 1791401921.0647974, "generation": 48, "record_hash": "e7f71a34bae58771d6a71b0be3bb2ebb475e150bb5878a205c88bd0d52ba45cb"}
{"event": "update_applied", "t": 1791401923.719758, "generation": 48, "child_sha256": "202db85275a0eb4b93890f9ec359725c977476ace14e64f8db171d895cd278fe", "noop": false, "changed": 484255088, "applied_l2": 4.537842284759566}
{"event": "weights_pruned", "t": 1791401923.7382195, "removed": ["bc021084a6f717ed292abf48394bd7c9324576b06cb38b4daaff745889bc9a68"], "kept": ["8d77d92f8e2c989a3833a9a4f0dc61f14ffd56d5e4e675ede293c33ed62bfa2a", "4eab1bdefa68c48d040517c77469da2554eb2bb2f2de62bb51d9530c59353e39", "202db85275a0eb4b93890f9ec359725c977476ace14e64f8db171d895cd278fe"]}
{"event": "weights_published", "t": 1791401923.7382479, "generation": 48, "child_sha256": "202db85275a0eb4b93890f9ec359725c977476ace14e64f8db171d895cd278fe"}
{"event": "generation_done", "t": 1791401923.7382917, "generation": 48, "parent_sha256": "4eab1bdefa68c48d040517c77469da2554eb2bb2f2de62bb51d9530c59353e39", "child_sha256": "202db85275a0eb4b93890f9ec359725c977476ace14e64f8db171d895cd278fe", "record_hash": "e7f71a34bae58771d6a71b0be3bb2ebb475e150bb5878a205c88bd0d52ba45cb", "mean_reward": 0.8151041666666666, "max_reward": 0.921875, "noop": false, "changed": 484255088, "applied_l2": 4.537842284759566, "requested_l2": 4.537106245196525, "wait_seconds": 112.1844298030046, "record_seconds": 0.005172113997105043, "update_seconds": 2.654993258001923, "publish_seconds": 0.0184916699945461, "total_seconds": 114.86308684499818}
{"event": "generation_open", "t": 1791401923.7435758, "generation": 49, "parent_sha256": "202db85275a0eb4b93890f9ec359725c977476ace14e64f8db171d895cd278fe", "candidates": 24}
{"event": "generation_complete", "t": 1791402090.183464, "generation": 49}
{"event": "update_recorded", "t": 1791402090.189795, "generation": 49, "record_hash": "344901b895f514215d4e3e20b18c989285b4bc373cc44a66f38d6e38e921140d"}
{"event": "update_applied", "t": 1791402092.8211312, "generation": 49, "child_sha256": "d6728afce2c44d6e13b9b73a6c9aa63098972d42f85058f1782308fbfdd6930d", "noop": false, "changed": 484250594, "applied_l2": 4.537630758535629}
{"event": "weights_pruned", "t": 1791402092.8437667, "removed": ["8d77d92f8e2c989a3833a9a4f0dc61f14ffd56d5e4e675ede293c33ed62bfa2a"], "kept": ["4eab1bdefa68c48d040517c77469da2554eb2bb2f2de62bb51d9530c59353e39", "202db85275a0eb4b93890f9ec359725c977476ace14e64f8db171d895cd278fe", "d6728afce2c44d6e13b9b73a6c9aa63098972d42f85058f1782308fbfdd6930d"]}
{"event": "weights_published", "t": 1791402092.8437939, "generation": 49, "child_sha256": "d6728afce2c44d6e13b9b73a6c9aa63098972d42f85058f1782308fbfdd6930d"}
{"event": "generation_done", "t": 1791402092.8438418, "generation": 49, "parent_sha256": "202db85275a0eb4b93890f9ec359725c977476ace14e64f8db171d895cd278fe", "child_sha256": "d6728afce2c44d6e13b9b73a6c9aa63098972d42f85058f1782308fbfdd6930d", "record_hash": "344901b895f514215d4e3e20b18c989285b4bc373cc44a66f38d6e38e921140d", "mean_reward": 0.8040364583333334, "max_reward": 0.890625, "noop": false, "changed": 484250594, "applied_l2": 4.537630758535629, "requested_l2": 4.5368920648790345, "wait_seconds": 166.44501173000026, "record_seconds": 0.00641431500116596, "update_seconds": 2.6313736390002305, "publish_seconds": 0.022664805997919757, "total_seconds": 169.10546448999958}
{"event": "generation_open", "t": 1791402092.8538878, "generation": 50, "parent_sha256": "d6728afce2c44d6e13b9b73a6c9aa63098972d42f85058f1782308fbfdd6930d", "candidates": 24}
{"event": "generation_complete", "t": 1791402230.7505379, "generation": 50}
{"event": "update_recorded", "t": 1791402230.753565, "generation": 50, "record_hash": "e465e39caa7a91ec48b8002d3a9aa18c75fbe28497cbe047b9b75f72f795adbb"}
{"event": "update_applied", "t": 1791402233.3720496, "generation": 50, "child_sha256": "a39ab56b8d18a70d3c1419c3ad225a02437c5d0f7e645e472a3f457c4100b76d", "noop": false, "changed": 484252993, "applied_l2": 4.537729794183706}
{"event": "weights_pruned", "t": 1791402233.3909276, "removed": ["4eab1bdefa68c48d040517c77469da2554eb2bb2f2de62bb51d9530c59353e39"], "kept": ["202db85275a0eb4b93890f9ec359725c977476ace14e64f8db171d895cd278fe", "d6728afce2c44d6e13b9b73a6c9aa63098972d42f85058f1782308fbfdd6930d", "a39ab56b8d18a70d3c1419c3ad225a02437c5d0f7e645e472a3f457c4100b76d"]}
{"event": "weights_published", "t": 1791402233.3909533, "generation": 50, "child_sha256": "a39ab56b8d18a70d3c1419c3ad225a02437c5d0f7e645e472a3f457c4100b76d"}
{"event": "generation_done", "t": 1791402233.3909984, "generation": 50, "parent_sha256": "d6728afce2c44d6e13b9b73a6c9aa63098972d42f85058f1782308fbfdd6930d", "child_sha256": "a39ab56b8d18a70d3c1419c3ad225a02437c5d0f7e645e472a3f457c4100b76d", "record_hash": "e465e39caa7a91ec48b8002d3a9aa18c75fbe28497cbe047b9b75f72f795adbb", "mean_reward": 0.806640625, "max_reward": 0.890625, "noop": false, "changed": 484252993, "applied_l2": 4.537729794183706, "requested_l2": 4.5369869250003045, "wait_seconds": 137.90653902800113, "record_seconds": 0.0031256709989975207, "update_seconds": 2.6185016719973646, "publish_seconds": 0.018905322001955938, "total_seconds": 140.54707169299945}
{"event": "generation_open", "t": 1791402233.3967495, "generation": 51, "parent_sha256": "a39ab56b8d18a70d3c1419c3ad225a02437c5d0f7e645e472a3f457c4100b76d", "candidates": 24}
{"event": "generation_complete", "t": 1791402371.0571363, "generation": 51}
{"event": "update_recorded", "t": 1791402371.064795, "generation": 51, "record_hash": "d1c51a82bba561ad0c65aa59274997e40b568f04eecde690efe31bc8e2f3c643"}
{"event": "update_applied", "t": 1791402373.6840816, "generation": 51, "child_sha256": "a762286d2b47fd258acc8146a290ae62c6a1c9ad1c31724df4be8367c58aad21", "noop": false, "changed": 484249570, "applied_l2": 4.537754721793881}
{"event": "weights_pruned", "t": 1791402373.7091782, "removed": ["202db85275a0eb4b93890f9ec359725c977476ace14e64f8db171d895cd278fe"], "kept": ["d6728afce2c44d6e13b9b73a6c9aa63098972d42f85058f1782308fbfdd6930d", "a39ab56b8d18a70d3c1419c3ad225a02437c5d0f7e645e472a3f457c4100b76d", "a762286d2b47fd258acc8146a290ae62c6a1c9ad1c31724df4be8367c58aad21"]}
{"event": "weights_published", "t": 1791402373.7092106, "generation": 51, "child_sha256": "a762286d2b47fd258acc8146a290ae62c6a1c9ad1c31724df4be8367c58aad21"}
{"event": "generation_done", "t": 1791402373.7092657, "generation": 51, "parent_sha256": "a39ab56b8d18a70d3c1419c3ad225a02437c5d0f7e645e472a3f457c4100b76d", "child_sha256": "a762286d2b47fd258acc8146a290ae62c6a1c9ad1c31724df4be8367c58aad21", "record_hash": "d1c51a82bba561ad0c65aa59274997e40b568f04eecde690efe31bc8e2f3c643", "mean_reward": 0.80078125, "max_reward": 0.9375, "noop": false, "changed": 484249570, "applied_l2": 4.537754721793881, "requested_l2": 4.537013327139233, "wait_seconds": 137.66596988499805, "record_seconds": 0.007750069002213422, "update_seconds": 2.6193129239982227, "publish_seconds": 0.025136395001027267, "total_seconds": 140.3181692729995}
{"event": "generation_open", "t": 1791402373.719618, "generation": 52, "parent_sha256": "a762286d2b47fd258acc8146a290ae62c6a1c9ad1c31724df4be8367c58aad21", "candidates": 24}
{"event": "generation_complete", "t": 1791402511.9924448, "generation": 52}
{"event": "update_recorded", "t": 1791402511.9973552, "generation": 52, "record_hash": "bee524204fcb57c3202bde922e0cdd220b770cd5ff1a8c01066cd7babaef2dc5"}
{"event": "update_applied", "t": 1791402514.6598713, "generation": 52, "child_sha256": "55a4dc3f662c9b87bf94e79bbf674124b5ccd9b9b77a378db82e56a4886d2572", "noop": false, "changed": 484251447, "applied_l2": 4.537722457652847}
{"event": "weights_pruned", "t": 1791402514.6618917, "removed": ["d6728afce2c44d6e13b9b73a6c9aa63098972d42f85058f1782308fbfdd6930d"], "kept": ["a39ab56b8d18a70d3c1419c3ad225a02437c5d0f7e645e472a3f457c4100b76d", "a762286d2b47fd258acc8146a290ae62c6a1c9ad1c31724df4be8367c58aad21", "55a4dc3f662c9b87bf94e79bbf674124b5ccd9b9b77a378db82e56a4886d2572"]}
{"event": "weights_published", "t": 1791402514.6619222, "generation": 52, "child_sha256": "55a4dc3f662c9b87bf94e79bbf674124b5ccd9b9b77a378db82e56a4886d2572"}
{"event": "generation_done", "t": 1791402514.6619623, "generation": 52, "parent_sha256": "a762286d2b47fd258acc8146a290ae62c6a1c9ad1c31724df4be8367c58aad21", "child_sha256": "55a4dc3f662c9b87bf94e79bbf674124b5ccd9b9b77a378db82e56a4886d2572", "record_hash": "bee524204fcb57c3202bde922e0cdd220b770cd5ff1a8c01066cd7babaef2dc5", "mean_reward": 0.8248697916666666, "max_reward": 0.921875, "noop": false, "changed": 484251447, "applied_l2": 4.537722457652847, "requested_l2": 4.536973778164851, "wait_seconds": 138.28294528699917, "record_seconds": 0.005067290003353264, "update_seconds": 2.6625514469997142, "publish_seconds": 0.0020528319946606643, "total_seconds": 140.9526168559969}
{"event": "generation_open", "t": 1791402514.6651344, "generation": 53, "parent_sha256": "55a4dc3f662c9b87bf94e79bbf674124b5ccd9b9b77a378db82e56a4886d2572", "candidates": 24}
{"event": "generation_complete", "t": 1791402655.9622157, "generation": 53}
{"event": "update_recorded", "t": 1791402655.9704962, "generation": 53, "record_hash": "02c672b097c3b2613748f4a59ed9c1e0cb506629da0f01b60bdb8c2414bee1db"}
{"event": "update_applied", "t": 1791402658.750396, "generation": 53, "child_sha256": "24281afacade4ccf27de7ce8863c37733c5e1e6c99eacb4568ea1ba7d8faba84", "noop": false, "changed": 484249896, "applied_l2": 4.537638825341411}
{"event": "weights_pruned", "t": 1791402658.7531614, "removed": ["a39ab56b8d18a70d3c1419c3ad225a02437c5d0f7e645e472a3f457c4100b76d"], "kept": ["a762286d2b47fd258acc8146a290ae62c6a1c9ad1c31724df4be8367c58aad21", "55a4dc3f662c9b87bf94e79bbf674124b5ccd9b9b77a378db82e56a4886d2572", "24281afacade4ccf27de7ce8863c37733c5e1e6c99eacb4568ea1ba7d8faba84"]}
{"event": "weights_published", "t": 1791402658.753186, "generation": 53, "child_sha256": "24281afacade4ccf27de7ce8863c37733c5e1e6c99eacb4568ea1ba7d8faba84"}
{"event": "generation_done", "t": 1791402658.7532265, "generation": 53, "parent_sha256": "55a4dc3f662c9b87bf94e79bbf674124b5ccd9b9b77a378db82e56a4886d2572", "child_sha256": "24281afacade4ccf27de7ce8863c37733c5e1e6c99eacb4568ea1ba7d8faba84", "record_hash": "02c672b097c3b2613748f4a59ed9c1e0cb506629da0f01b60bdb8c2414bee1db", "mean_reward": 0.81640625, "max_reward": 0.890625, "noop": false, "changed": 484249896, "applied_l2": 4.537638825341411, "requested_l2": 4.536894994872794, "wait_seconds": 141.3000924020016, "record_seconds": 0.008365970003069378, "update_seconds": 2.779937223000161, "publish_seconds": 0.0027918889973079786, "total_seconds": 144.09118748400215}
{"event": "generation_open", "t": 1791402658.7582617, "generation": 54, "parent_sha256": "24281afacade4ccf27de7ce8863c37733c5e1e6c99eacb4568ea1ba7d8faba84", "candidates": 24}
{"event": "generation_complete", "t": 1791402794.3993828, "generation": 54}
{"event": "update_recorded", "t": 1791402794.4039874, "generation": 54, "record_hash": "ac9db2877a28b5abf7d1d4fe3fe76dc22e133dd7d46ec4a255a2d2ad68469387"}
{"event": "update_applied", "t": 1791402797.0812855, "generation": 54, "child_sha256": "cdcd51d4c9196a73627b314eb8145d164c808c5efeee622a5c5325b2ded5a61e", "noop": false, "changed": 484246095, "applied_l2": 4.537943321132727}
{"event": "weights_pruned", "t": 1791402797.0962272, "removed": ["a762286d2b47fd258acc8146a290ae62c6a1c9ad1c31724df4be8367c58aad21"], "kept": ["55a4dc3f662c9b87bf94e79bbf674124b5ccd9b9b77a378db82e56a4886d2572", "24281afacade4ccf27de7ce8863c37733c5e1e6c99eacb4568ea1ba7d8faba84", "cdcd51d4c9196a73627b314eb8145d164c808c5efeee622a5c5325b2ded5a61e"]}
{"event": "weights_published", "t": 1791402797.0962543, "generation": 54, "child_sha256": "cdcd51d4c9196a73627b314eb8145d164c808c5efeee622a5c5325b2ded5a61e"}
{"event": "generation_done", "t": 1791402797.0962985, "generation": 54, "parent_sha256": "24281afacade4ccf27de7ce8863c37733c5e1e6c99eacb4568ea1ba7d8faba84", "child_sha256": "cdcd51d4c9196a73627b314eb8145d164c808c5efeee622a5c5325b2ded5a61e", "record_hash": "ac9db2877a28b5abf7d1d4fe3fe76dc22e133dd7d46ec4a255a2d2ad68469387", "mean_reward": 0.8059895833333334, "max_reward": 0.875, "noop": false, "changed": 484246095, "applied_l2": 4.537943321132727, "requested_l2": 4.537199247478852, "wait_seconds": 135.64599383000314, "record_seconds": 0.004687428998295218, "update_seconds": 2.677328220997879, "publish_seconds": 0.014976044003560673, "total_seconds": 138.34298552400287}
{"event": "generation_open", "t": 1791402797.1018798, "generation": 55, "parent_sha256": "cdcd51d4c9196a73627b314eb8145d164c808c5efeee622a5c5325b2ded5a61e", "candidates": 24}
{"event": "generation_complete", "t": 1791402928.592907, "generation": 55}
{"event": "update_recorded", "t": 1791402928.6012094, "generation": 55, "record_hash": "bf2c4414cf138091e8812faf762be2f2a454f7b7d1bd6fecab1db35f808bb512"}
{"event": "update_applied", "t": 1791402931.3724303, "generation": 55, "child_sha256": "51828e0648d3ab622e8184bd46045a69db22cfab13580962a8a7a121f10c147e", "noop": false, "changed": 484243032, "applied_l2": 4.537714245779311}
{"event": "weights_pruned", "t": 1791402931.3743231, "removed": ["55a4dc3f662c9b87bf94e79bbf674124b5ccd9b9b77a378db82e56a4886d2572"], "kept": ["24281afacade4ccf27de7ce8863c37733c5e1e6c99eacb4568ea1ba7d8faba84", "cdcd51d4c9196a73627b314eb8145d164c808c5efeee622a5c5325b2ded5a61e", "51828e0648d3ab622e8184bd46045a69db22cfab13580962a8a7a121f10c147e"]}
{"event": "weights_published", "t": 1791402931.374344, "generation": 55, "child_sha256": "51828e0648d3ab622e8184bd46045a69db22cfab13580962a8a7a121f10c147e"}
{"event": "generation_done", "t": 1791402931.3743842, "generation": 55, "parent_sha256": "cdcd51d4c9196a73627b314eb8145d164c808c5efeee622a5c5325b2ded5a61e", "child_sha256": "51828e0648d3ab622e8184bd46045a69db22cfab13580962a8a7a121f10c147e", "record_hash": "bf2c4414cf138091e8812faf762be2f2a454f7b7d1bd6fecab1db35f808bb512", "mean_reward": 0.802734375, "max_reward": 0.890625, "noop": false, "changed": 484243032, "applied_l2": 4.537714245779311, "requested_l2": 4.5369768711373375, "wait_seconds": 131.49644301800436, "record_seconds": 0.00839527999778511, "update_seconds": 2.7712527149997186, "publish_seconds": 0.0019158169961883686, "total_seconds": 134.27800682999805}
{"event": "generation_open", "t": 1791402931.379401, "generation": 56, "parent_sha256": "51828e0648d3ab622e8184bd46045a69db22cfab13580962a8a7a121f10c147e", "candidates": 24}
{"event": "generation_complete", "t": 1791403058.5263784, "generation": 56}
{"event": "update_recorded", "t": 1791403058.6007457, "generation": 56, "record_hash": "6a563915a84417c692fbd006b42c369ec7bca40b500eca16fb5deff77d8bc92d"}
{"event": "update_applied", "t": 1791403060.9978728, "generation": 56, "child_sha256": "e704daa6a43e32e1722d4cc3ae8386565148eab0be3395edc384e14294162ef8", "noop": false, "changed": 484240446, "applied_l2": 4.537852690716799}
{"event": "weights_pruned", "t": 1791403061.0185814, "removed": ["24281afacade4ccf27de7ce8863c37733c5e1e6c99eacb4568ea1ba7d8faba84"], "kept": ["cdcd51d4c9196a73627b314eb8145d164c808c5efeee622a5c5325b2ded5a61e", "51828e0648d3ab622e8184bd46045a69db22cfab13580962a8a7a121f10c147e", "e704daa6a43e32e1722d4cc3ae8386565148eab0be3395edc384e14294162ef8"]}
{"event": "weights_published", "t": 1791403061.0186064, "generation": 56, "child_sha256": "e704daa6a43e32e1722d4cc3ae8386565148eab0be3395edc384e14294162ef8"}
{"event": "generation_done", "t": 1791403061.0186503, "generation": 56, "parent_sha256": "51828e0648d3ab622e8184bd46045a69db22cfab13580962a8a7a121f10c147e", "child_sha256": "e704daa6a43e32e1722d4cc3ae8386565148eab0be3395edc384e14294162ef8", "record_hash": "6a563915a84417c692fbd006b42c369ec7bca40b500eca16fb5deff77d8bc92d", "mean_reward": 0.8287760416666666, "max_reward": 0.90625, "noop": false, "changed": 484240446, "applied_l2": 4.537852690716799, "requested_l2": 4.5371125467965125, "wait_seconds": 127.15182244199968, "record_seconds": 0.07443755999702262, "update_seconds": 2.3971876400028123, "publish_seconds": 0.020736016995215323, "total_seconds": 129.64418365899473}
{"event": "generation_open", "t": 1791403061.1081965, "generation": 57, "parent_sha256": "e704daa6a43e32e1722d4cc3ae8386565148eab0be3395edc384e14294162ef8", "candidates": 24}
{"event": "generation_complete", "t": 1791403172.118938, "generation": 57}
{"event": "update_recorded", "t": 1791403172.124832, "generation": 57, "record_hash": "63d77ed1393cc316966fa2ecb6c6ecd2e107f0b041d4331a8fb51bf78d0014f7"}
{"event": "update_applied", "t": 1791403174.489154, "generation": 57, "child_sha256": "1ea8d58d5b2c896454a5aa145e6508d823f7cd911071c1f0fdc8d35a1ff85180", "noop": false, "changed": 484248546, "applied_l2": 4.53769140404398}
{"event": "weights_pruned", "t": 1791403174.4919548, "removed": ["cdcd51d4c9196a73627b314eb8145d164c808c5efeee622a5c5325b2ded5a61e"], "kept": ["51828e0648d3ab622e8184bd46045a69db22cfab13580962a8a7a121f10c147e", "e704daa6a43e32e1722d4cc3ae8386565148eab0be3395edc384e14294162ef8", "1ea8d58d5b2c896454a5aa145e6508d823f7cd911071c1f0fdc8d35a1ff85180"]}
{"event": "weights_published", "t": 1791403174.4919782, "generation": 57, "child_sha256": "1ea8d58d5b2c896454a5aa145e6508d823f7cd911071c1f0fdc8d35a1ff85180"}
{"event": "generation_done", "t": 1791403174.4920232, "generation": 57, "parent_sha256": "e704daa6a43e32e1722d4cc3ae8386565148eab0be3395edc384e14294162ef8", "child_sha256": "1ea8d58d5b2c896454a5aa145e6508d823f7cd911071c1f0fdc8d35a1ff85180", "record_hash": "63d77ed1393cc316966fa2ecb6c6ecd2e107f0b041d4331a8fb51bf78d0014f7", "mean_reward": 0.833984375, "max_reward": 0.90625, "noop": false, "changed": 484248546, "applied_l2": 4.53769140404398, "requested_l2": 4.536955379201389, "wait_seconds": 111.10012088399526, "record_seconds": 0.005984936004097108, "update_seconds": 2.3643535699957283, "publish_seconds": 0.002825996001774911, "total_seconds": 113.47328538599686}
{"event": "generation_open", "t": 1791403174.4960878, "generation": 58, "parent_sha256": "1ea8d58d5b2c896454a5aa145e6508d823f7cd911071c1f0fdc8d35a1ff85180", "candidates": 24}
{"event": "generation_complete", "t": 1791403294.3697238, "generation": 58}
{"event": "update_recorded", "t": 1791403294.3752031, "generation": 58, "record_hash": "30700941f2353e82a828cc3783ba02c0161691c3b397c5370eaa9d382cf25699"}
{"event": "update_applied", "t": 1791403297.0287125, "generation": 58, "child_sha256": "119863297b0a916e988dc720eda80449c820e6c6b7373b73d971cca4e8fe425c", "noop": false, "changed": 484235954, "applied_l2": 4.537736969733314}
{"event": "weights_pruned", "t": 1791403297.0427864, "removed": ["51828e0648d3ab622e8184bd46045a69db22cfab13580962a8a7a121f10c147e"], "kept": ["e704daa6a43e32e1722d4cc3ae8386565148eab0be3395edc384e14294162ef8", "1ea8d58d5b2c896454a5aa145e6508d823f7cd911071c1f0fdc8d35a1ff85180", "119863297b0a916e988dc720eda80449c820e6c6b7373b73d971cca4e8fe425c"]}
{"event": "weights_published", "t": 1791403297.0428116, "generation": 58, "child_sha256": "119863297b0a916e988dc720eda80449c820e6c6b7373b73d971cca4e8fe425c"}
{"event": "generation_done", "t": 1791403297.0428574, "generation": 58, "parent_sha256": "1ea8d58d5b2c896454a5aa145e6508d823f7cd911071c1f0fdc8d35a1ff85180", "child_sha256": "119863297b0a916e988dc720eda80449c820e6c6b7373b73d971cca4e8fe425c", "record_hash": "30700941f2353e82a828cc3783ba02c0161691c3b397c5370eaa9d382cf25699", "mean_reward": 0.8229166666666666, "max_reward": 0.90625, "noop": false, "changed": 484235954, "applied_l2": 4.537736969733314, "requested_l2": 4.536996857458525, "wait_seconds": 119.8775259719987, "record_seconds": 0.0055816899985075, "update_seconds": 2.6535360010020668, "publish_seconds": 0.014106126996921375, "total_seconds": 122.55074978999619}
{"event": "generation_open", "t": 1791403297.0487158, "generation": 59, "parent_sha256": "119863297b0a916e988dc720eda80449c820e6c6b7373b73d971cca4e8fe425c", "candidates": 24}
{"event": "generation_complete", "t": 1791403431.4292657, "generation": 59}
{"event": "update_recorded", "t": 1791403431.4369617, "generation": 59, "record_hash": "f33b4527f3807acf405dc8b02f4207a9a2648c02b038d577d3280b9d9e7088f1"}
{"event": "update_applied", "t": 1791403434.0860355, "generation": 59, "child_sha256": "9ae6db27bd476c47ff4ff2611efacb06c3b5965824205ad9c9472eeb40669d05", "noop": false, "changed": 484243440, "applied_l2": 4.537618999270412}
{"event": "weights_pruned", "t": 1791403434.105431, "removed": ["e704daa6a43e32e1722d4cc3ae8386565148eab0be3395edc384e14294162ef8"], "kept": ["1ea8d58d5b2c896454a5aa145e6508d823f7cd911071c1f0fdc8d35a1ff85180", "119863297b0a916e988dc720eda80449c820e6c6b7373b73d971cca4e8fe425c", "9ae6db27bd476c47ff4ff2611efacb06c3b5965824205ad9c9472eeb40669d05"]}
{"event": "weights_published", "t": 1791403434.1054595, "generation": 59, "child_sha256": "9ae6db27bd476c47ff4ff2611efacb06c3b5965824205ad9c9472eeb40669d05"}
{"event": "generation_done", "t": 1791403434.1055102, "generation": 59, "parent_sha256": "119863297b0a916e988dc720eda80449c820e6c6b7373b73d971cca4e8fe425c", "child_sha256": "9ae6db27bd476c47ff4ff2611efacb06c3b5965824205ad9c9472eeb40669d05", "record_hash": "f33b4527f3807acf405dc8b02f4207a9a2648c02b038d577d3280b9d9e7088f1", "mean_reward": 0.8177083333333334, "max_reward": 0.90625, "noop": false, "changed": 484243440, "applied_l2": 4.537618999270412, "requested_l2": 4.536881909471182, "wait_seconds": 134.38625017299637, "record_seconds": 0.007776343001751229, "update_seconds": 2.649109215999488, "publish_seconds": 0.019425746002525557, "total_seconds": 137.06256147800013}
{"event": "generation_open", "t": 1791403434.1118965, "generation": 60, "parent_sha256": "9ae6db27bd476c47ff4ff2611efacb06c3b5965824205ad9c9472eeb40669d05", "candidates": 24}
{"event": "generation_complete", "t": 1791403563.737223, "generation": 60}
{"event": "update_recorded", "t": 1791403563.7459836, "generation": 60, "record_hash": "79d6435696b3c21f518ff95a8d6e6099040c406313622c5ead8e8344aa1408f1"}
{"event": "update_applied", "t": 1791403566.5175812, "generation": 60, "child_sha256": "36e19931e95458dcd1823af26a8e9fccc3afaddb9fc1a1db3113381c75f7c74d", "noop": false, "changed": 484241056, "applied_l2": 4.537838959092719}
{"event": "weights_pruned", "t": 1791403566.537258, "removed": ["1ea8d58d5b2c896454a5aa145e6508d823f7cd911071c1f0fdc8d35a1ff85180"], "kept": ["119863297b0a916e988dc720eda80449c820e6c6b7373b73d971cca4e8fe425c", "9ae6db27bd476c47ff4ff2611efacb06c3b5965824205ad9c9472eeb40669d05", "36e19931e95458dcd1823af26a8e9fccc3afaddb9fc1a1db3113381c75f7c74d"]}
{"event": "weights_published", "t": 1791403566.537285, "generation": 60, "child_sha256": "36e19931e95458dcd1823af26a8e9fccc3afaddb9fc1a1db3113381c75f7c74d"}
{"event": "generation_done", "t": 1791403566.5373325, "generation": 60, "parent_sha256": "9ae6db27bd476c47ff4ff2611efacb06c3b5965824205ad9c9472eeb40669d05", "child_sha256": "36e19931e95458dcd1823af26a8e9fccc3afaddb9fc1a1db3113381c75f7c74d", "record_hash": "79d6435696b3c21f518ff95a8d6e6099040c406313622c5ead8e8344aa1408f1", "mean_reward": 0.8248697916666666, "max_reward": 0.890625, "noop": false, "changed": 484241056, "applied_l2": 4.537838959092719, "requested_l2": 4.537091740334739, "wait_seconds": 129.6315496669995, "record_seconds": 0.008849240999552421, "update_seconds": 2.7716288970041205, "publish_seconds": 0.019705685997905675, "total_seconds": 132.43173349100107}
{"event": "generation_open", "t": 1791403566.5420506, "generation": 61, "parent_sha256": "36e19931e95458dcd1823af26a8e9fccc3afaddb9fc1a1db3113381c75f7c74d", "candidates": 24}
{"event": "generation_complete", "t": 1791403699.3219495, "generation": 61}
{"event": "update_recorded", "t": 1791403699.325916, "generation": 61, "record_hash": "9abfb5f0e0fe9d6e291585d72b5006655de46b9e2f9131e1985a75b49270e7e2"}
{"event": "update_applied", "t": 1791403701.9905531, "generation": 61, "child_sha256": "09ad65a4d5224f2f70b4c3d132bee42e7da2f0ae9f71e62174cf25576bbac596", "noop": false, "changed": 484241430, "applied_l2": 4.537558982566324}
{"event": "weights_pruned", "t": 1791403702.0095997, "removed": ["119863297b0a916e988dc720eda80449c820e6c6b7373b73d971cca4e8fe425c"], "kept": ["9ae6db27bd476c47ff4ff2611efacb06c3b5965824205ad9c9472eeb40669d05", "36e19931e95458dcd1823af26a8e9fccc3afaddb9fc1a1db3113381c75f7c74d", "09ad65a4d5224f2f70b4c3d132bee42e7da2f0ae9f71e62174cf25576bbac596"]}
{"event": "weights_published", "t": 1791403702.0096376, "generation": 61, "child_sha256": "09ad65a4d5224f2f70b4c3d132bee42e7da2f0ae9f71e62174cf25576bbac596"}
{"event": "generation_done", "t": 1791403702.0096927, "generation": 61, "parent_sha256": "36e19931e95458dcd1823af26a8e9fccc3afaddb9fc1a1db3113381c75f7c74d", "child_sha256": "09ad65a4d5224f2f70b4c3d132bee42e7da2f0ae9f71e62174cf25576bbac596", "record_hash": "9abfb5f0e0fe9d6e291585d72b5006655de46b9e2f9131e1985a75b49270e7e2", "mean_reward": 0.802734375, "max_reward": 0.890625, "noop": false, "changed": 484241430, "applied_l2": 4.537558982566324, "requested_l2": 4.5368205146961005, "wait_seconds": 132.78444512099668, "record_seconds": 0.004056170000694692, "update_seconds": 2.66467739300424, "publish_seconds": 0.0190858499991009, "total_seconds": 135.47226453400071}
{"event": "generation_open", "t": 1791403702.0137274, "generation": 62, "parent_sha256": "09ad65a4d5224f2f70b4c3d132bee42e7da2f0ae9f71e62174cf25576bbac596", "candidates": 24}
{"event": "generation_complete", "t": 1791403833.2487268, "generation": 62}
{"event": "update_recorded", "t": 1791403833.2546766, "generation": 62, "record_hash": "2ed2dd1f2748ca27ca0a371fb8b8df85f093249c1703a333ee20a9be98f01f80"}
{"event": "update_applied", "t": 1791403835.9105203, "generation": 62, "child_sha256": "b1a63fd45e9dcbdb015afcf5a6df5b378876ec8eef1478f2ef2fd6f9cef521fe", "noop": false, "changed": 484243560, "applied_l2": 4.537691992404782}
{"event": "weights_pruned", "t": 1791403835.9158304, "removed": ["9ae6db27bd476c47ff4ff2611efacb06c3b5965824205ad9c9472eeb40669d05"], "kept": ["36e19931e95458dcd1823af26a8e9fccc3afaddb9fc1a1db3113381c75f7c74d", "09ad65a4d5224f2f70b4c3d132bee42e7da2f0ae9f71e62174cf25576bbac596", "b1a63fd45e9dcbdb015afcf5a6df5b378876ec8eef1478f2ef2fd6f9cef521fe"]}
{"event": "weights_published", "t": 1791403835.9158547, "generation": 62, "child_sha256": "b1a63fd45e9dcbdb015afcf5a6df5b378876ec8eef1478f2ef2fd6f9cef521fe"}
{"event": "generation_done", "t": 1791403835.9159086, "generation": 62, "parent_sha256": "09ad65a4d5224f2f70b4c3d132bee42e7da2f0ae9f71e62174cf25576bbac596", "child_sha256": "b1a63fd45e9dcbdb015afcf5a6df5b378876ec8eef1478f2ef2fd6f9cef521fe", "record_hash": "2ed2dd1f2748ca27ca0a371fb8b8df85f093249c1703a333ee20a9be98f01f80", "mean_reward": 0.8131510416666666, "max_reward": 0.90625, "noop": false, "changed": 484243560, "applied_l2": 4.537691992404782, "requested_l2": 4.536952208986082, "wait_seconds": 131.2384939380063, "record_seconds": 0.0064171609992627054, "update_seconds": 2.6558746209921082, "publish_seconds": 0.00533606500539463, "total_seconds": 133.90612178500305}
{"event": "generation_open", "t": 1791403835.9218051, "generation": 63, "parent_sha256": "b1a63fd45e9dcbdb015afcf5a6df5b378876ec8eef1478f2ef2fd6f9cef521fe", "candidates": 24}
{"event": "generation_complete", "t": 1791403972.4614906, "generation": 63}
{"event": "update_recorded", "t": 1791403972.465384, "generation": 63, "record_hash": "7204d39e21f2f91a64665224888532b575a924382d3eb71985df5f036f518347"}
{"event": "update_applied", "t": 1791403975.100598, "generation": 63, "child_sha256": "06588710738d617ed903fc68285193d8063c7de4838d54839f692d5bee05a8b3", "noop": false, "changed": 484241451, "applied_l2": 4.5377962744420985}
{"event": "weights_pruned", "t": 1791403975.1191707, "removed": ["36e19931e95458dcd1823af26a8e9fccc3afaddb9fc1a1db3113381c75f7c74d"], "kept": ["09ad65a4d5224f2f70b4c3d132bee42e7da2f0ae9f71e62174cf25576bbac596", "b1a63fd45e9dcbdb015afcf5a6df5b378876ec8eef1478f2ef2fd6f9cef521fe", "06588710738d617ed903fc68285193d8063c7de4838d54839f692d5bee05a8b3"]}
{"event": "weights_published", "t": 1791403975.1191962, "generation": 63, "child_sha256": "06588710738d617ed903fc68285193d8063c7de4838d54839f692d5bee05a8b3"}
{"event": "generation_done", "t": 1791403975.1192415, "generation": 63, "parent_sha256": "b1a63fd45e9dcbdb015afcf5a6df5b378876ec8eef1478f2ef2fd6f9cef521fe", "child_sha256": "06588710738d617ed903fc68285193d8063c7de4838d54839f692d5bee05a8b3", "record_hash": "7204d39e21f2f91a64665224888532b575a924382d3eb71985df5f036f518347", "mean_reward": 0.8326822916666666, "max_reward": 0.890625, "noop": false, "changed": 484241451, "applied_l2": 4.5377962744420985, "requested_l2": 4.537054047773204, "wait_seconds": 136.54541319901182, "record_seconds": 0.003985003000707366, "update_seconds": 2.6352460969937965, "publish_seconds": 0.018599930001073517, "total_seconds": 139.2032442290074}
{"event": "generation_open", "t": 1791403975.123451, "generation": 64, "parent_sha256": "06588710738d617ed903fc68285193d8063c7de4838d54839f692d5bee05a8b3", "candidates": 24}
{"event": "generation_complete", "t": 1791404105.4631221, "generation": 64}
{"event": "update_recorded", "t": 1791404105.4653096, "generation": 64, "record_hash": "3bb899df14ee1f061b3b4804fefe49c5eb514cd46c70b5babcf1796a96d34548"}
{"event": "update_applied", "t": 1791404108.078455, "generation": 64, "child_sha256": "35b0973a6f6a346b5571c7d5a04925a8f9645db1d1b5da6b43a396273b779c28", "noop": false, "changed": 484244036, "applied_l2": 4.53784029638442}
{"event": "weights_pruned", "t": 1791404108.0984662, "removed": ["09ad65a4d5224f2f70b4c3d132bee42e7da2f0ae9f71e62174cf25576bbac596"], "kept": ["b1a63fd45e9dcbdb015afcf5a6df5b378876ec8eef1478f2ef2fd6f9cef521fe", "06588710738d617ed903fc68285193d8063c7de4838d54839f692d5bee05a8b3", "35b0973a6f6a346b5571c7d5a04925a8f9645db1d1b5da6b43a396273b779c28"]}
{"event": "weights_published", "t": 1791404108.0984993, "generation": 64, "child_sha256": "35b0973a6f6a346b5571c7d5a04925a8f9645db1d1b5da6b43a396273b779c28"}
{"event": "generation_done", "t": 1791404108.098546, "generation": 64, "parent_sha256": "06588710738d617ed903fc68285193d8063c7de4838d54839f692d5bee05a8b3", "child_sha256": "35b0973a6f6a346b5571c7d5a04925a8f9645db1d1b5da6b43a396273b779c28", "record_hash": "3bb899df14ee1f061b3b4804fefe49c5eb514cd46c70b5babcf1796a96d34548", "mean_reward": 0.8059895833333334, "max_reward": 0.890625, "noop": false, "changed": 484244036, "applied_l2": 4.53784029638442, "requested_l2": 4.53710364347229, "wait_seconds": 130.34371396199276, "record_seconds": 0.0022737340041203424, "update_seconds": 2.6131816569977673, "publish_seconds": 0.020045690005645156, "total_seconds": 132.9792150430003}
{"event": "generation_open", "t": 1791404108.1027188, "generation": 65, "parent_sha256": "35b0973a6f6a346b5571c7d5a04925a8f9645db1d1b5da6b43a396273b779c28", "candidates": 24}
{"event": "generation_complete", "t": 1791404243.056497, "generation": 65}
{"event": "update_recorded", "t": 1791404243.0613296, "generation": 65, "record_hash": "38380a8c1160729f34c7ca349828da5b2c033c7bfba9eb20cbdb592d1e94cb6c"}
{"event": "update_applied", "t": 1791404245.6425571, "generation": 65, "child_sha256": "5dcdb6953b819caa488b9fb7caafc447ccb254244bd419cdabc4e1acfb2b35db", "noop": false, "changed": 484237976, "applied_l2": 4.537830351141256}
{"event": "weights_pruned", "t": 1791404245.668762, "removed": ["b1a63fd45e9dcbdb015afcf5a6df5b378876ec8eef1478f2ef2fd6f9cef521fe"], "kept": ["06588710738d617ed903fc68285193d8063c7de4838d54839f692d5bee05a8b3", "35b0973a6f6a346b5571c7d5a04925a8f9645db1d1b5da6b43a396273b779c28", "5dcdb6953b819caa488b9fb7caafc447ccb254244bd419cdabc4e1acfb2b35db"]}
{"event": "weights_published", "t": 1791404245.6687908, "generation": 65, "child_sha256": "5dcdb6953b819caa488b9fb7caafc447ccb254244bd419cdabc4e1acfb2b35db"}
{"event": "generation_done", "t": 1791404245.6688447, "generation": 65, "parent_sha256": "35b0973a6f6a346b5571c7d5a04925a8f9645db1d1b5da6b43a396273b779c28", "child_sha256": "5dcdb6953b819caa488b9fb7caafc447ccb254244bd419cdabc4e1acfb2b35db", "record_hash": "38380a8c1160729f34c7ca349828da5b2c033c7bfba9eb20cbdb592d1e94cb6c", "mean_reward": 0.8268229166666666, "max_reward": 0.90625, "noop": false, "changed": 484237976, "applied_l2": 4.537830351141256, "requested_l2": 4.537093796580914, "wait_seconds": 134.95771222301119, "record_seconds": 0.004996169998776168, "update_seconds": 2.5812548190006055, "publish_seconds": 0.02624260999436956, "total_seconds": 137.57020582200494}
{"event": "generation_open", "t": 1791404245.67714, "generation": 66, "parent_sha256": "5dcdb6953b819caa488b9fb7caafc447ccb254244bd419cdabc4e1acfb2b35db", "candidates": 24}
{"event": "generation_complete", "t": 1791404324.934585, "generation": 66}
{"event": "update_recorded", "t": 1791404324.9439204, "generation": 66, "record_hash": "8611351f5d93dec3df1b41b7a1a37cbdb5c6d8c6d2ec1e4e671ecb5704ad8b15"}
{"event": "update_applied", "t": 1791404327.311101, "generation": 66, "child_sha256": "11e0f8497422b2465432ba54dc16b78b1a2c0c13c11b3c1b9efa67a6422cdb4a", "noop": false, "changed": 484238681, "applied_l2": 4.5376418628649935}
{"event": "weights_pruned", "t": 1791404327.3318124, "removed": ["06588710738d617ed903fc68285193d8063c7de4838d54839f692d5bee05a8b3"], "kept": ["35b0973a6f6a346b5571c7d5a04925a8f9645db1d1b5da6b43a396273b779c28", "5dcdb6953b819caa488b9fb7caafc447ccb254244bd419cdabc4e1acfb2b35db", "11e0f8497422b2465432ba54dc16b78b1a2c0c13c11b3c1b9efa67a6422cdb4a"]}
{"event": "weights_published", "t": 1791404327.3318415, "generation": 66, "child_sha256": "11e0f8497422b2465432ba54dc16b78b1a2c0c13c11b3c1b9efa67a6422cdb4a"}
{"event": "generation_done", "t": 1791404327.3318906, "generation": 66, "parent_sha256": "5dcdb6953b819caa488b9fb7caafc447ccb254244bd419cdabc4e1acfb2b35db", "child_sha256": "11e0f8497422b2465432ba54dc16b78b1a2c0c13c11b3c1b9efa67a6422cdb4a", "record_hash": "8611351f5d93dec3df1b41b7a1a37cbdb5c6d8c6d2ec1e4e671ecb5704ad8b15", "mean_reward": 0.8138020833333334, "max_reward": 0.890625, "noop": false, "changed": 484238681, "applied_l2": 4.5376418628649935, "requested_l2": 4.536907985662339, "wait_seconds": 79.26557717600372, "record_seconds": 0.009416682994924486, "update_seconds": 2.367219063002267, "publish_seconds": 0.020742330001667142, "total_seconds": 81.66295525200258}
{"event": "generation_open", "t": 1791404327.336462, "generation": 67, "parent_sha256": "11e0f8497422b2465432ba54dc16b78b1a2c0c13c11b3c1b9efa67a6422cdb4a", "candidates": 24}
{"event": "generation_complete", "t": 1791404410.1100757, "generation": 67}
{"event": "update_recorded", "t": 1791404410.1128197, "generation": 67, "record_hash": "6abc12c57c8260388498be9eb0eb83175d2ca9b767fdb2ceae5e6a7f37be5e5d"}
{"event": "update_applied", "t": 1791404412.4886925, "generation": 67, "child_sha256": "4422399a96e5ec8ee4524bcf97609c33ab9c611c11994c66633cfa8fa4b84365", "noop": false, "changed": 484237304, "applied_l2": 4.537849330702021}
{"event": "weights_pruned", "t": 1791404412.490468, "removed": ["35b0973a6f6a346b5571c7d5a04925a8f9645db1d1b5da6b43a396273b779c28"], "kept": ["5dcdb6953b819caa488b9fb7caafc447ccb254244bd419cdabc4e1acfb2b35db", "11e0f8497422b2465432ba54dc16b78b1a2c0c13c11b3c1b9efa67a6422cdb4a", "4422399a96e5ec8ee4524bcf97609c33ab9c611c11994c66633cfa8fa4b84365"]}
{"event": "weights_published", "t": 1791404412.4904854, "generation": 67, "child_sha256": "4422399a96e5ec8ee4524bcf97609c33ab9c611c11994c66633cfa8fa4b84365"}
{"event": "generation_done", "t": 1791404412.490529, "generation": 67, "parent_sha256": "11e0f8497422b2465432ba54dc16b78b1a2c0c13c11b3c1b9efa67a6422cdb4a", "child_sha256": "4422399a96e5ec8ee4524bcf97609c33ab9c611c11994c66633cfa8fa4b84365", "record_hash": "6abc12c57c8260388498be9eb0eb83175d2ca9b767fdb2ceae5e6a7f37be5e5d", "mean_reward": 0.8294270833333334, "max_reward": 0.90625, "noop": false, "changed": 484237304, "applied_l2": 4.537849330702021, "requested_l2": 4.537114202168138, "wait_seconds": 82.77802084399445, "record_seconds": 0.0028289750043768436, "update_seconds": 2.3759047469939105, "publish_seconds": 0.0017949390021385625, "total_seconds": 85.15854950499488}
{"event": "generation_open", "t": 1791404412.493165, "generation": 68, "parent_sha256": "4422399a96e5ec8ee4524bcf97609c33ab9c611c11994c66633cfa8fa4b84365", "candidates": 24}
{"event": "generation_complete", "t": 1791404497.7806432, "generation": 68}
{"event": "update_recorded", "t": 1791404497.7891214, "generation": 68, "record_hash": "0a3367dfeca46d5b7bcabebf64417a676539bc86e96be9a41e7fe4f5abbd752e"}
{"event": "update_applied", "t": 1791404500.1924362, "generation": 68, "child_sha256": "edd3ddaf2a771f873101f6ef8f980ef7e401dec694059fb01b0144bc9bedfb7b", "noop": false, "changed": 484236111, "applied_l2": 4.537728576744443}
{"event": "weights_pruned", "t": 1791404500.215313, "removed": ["5dcdb6953b819caa488b9fb7caafc447ccb254244bd419cdabc4e1acfb2b35db"], "kept": ["11e0f8497422b2465432ba54dc16b78b1a2c0c13c11b3c1b9efa67a6422cdb4a", "4422399a96e5ec8ee4524bcf97609c33ab9c611c11994c66633cfa8fa4b84365", "edd3ddaf2a771f873101f6ef8f980ef7e401dec694059fb01b0144bc9bedfb7b"]}
{"event": "weights_published", "t": 1791404500.215342, "generation": 68, "child_sha256": "edd3ddaf2a771f873101f6ef8f980ef7e401dec694059fb01b0144bc9bedfb7b"}
{"event": "generation_done", "t": 1791404500.2153845, "generation": 68, "parent_sha256": "4422399a96e5ec8ee4524bcf97609c33ab9c611c11994c66633cfa8fa4b84365", "child_sha256": "edd3ddaf2a771f873101f6ef8f980ef7e401dec694059fb01b0144bc9bedfb7b", "record_hash": "0a3367dfeca46d5b7bcabebf64417a676539bc86e96be9a41e7fe4f5abbd752e", "mean_reward": 0.8372395833333334, "max_reward": 0.90625, "noop": false, "changed": 484236111, "applied_l2": 4.537728576744443, "requested_l2": 4.5369830592742595, "wait_seconds": 85.2898853259976, "record_seconds": 0.008635595004307106, "update_seconds": 2.4033462990046246, "publish_seconds": 0.022907416001544334, "total_seconds": 87.72477463600808}
{"event": "generation_open", "t": 1791404500.2245426, "generation": 69, "parent_sha256": "edd3ddaf2a771f873101f6ef8f980ef7e401dec694059fb01b0144bc9bedfb7b", "candidates": 24}
{"event": "generation_complete", "t": 1791404580.3318775, "generation": 69}
{"event": "update_recorded", "t": 1791404580.3368025, "generation": 69, "record_hash": "2121b009fa2f8356e67b01ebf8e463bfcf8ac4d78f23085fa2fe4f80c540a5c2"}
{"event": "update_applied", "t": 1791404582.738389, "generation": 69, "child_sha256": "e6a8672a79d4f853f4c6985a345828125d22c4923aac8cf37931eeae266f5215", "noop": false, "changed": 484232974, "applied_l2": 4.537646767097658}
{"event": "weights_pruned", "t": 1791404582.7642517, "removed": ["11e0f8497422b2465432ba54dc16b78b1a2c0c13c11b3c1b9efa67a6422cdb4a"], "kept": ["4422399a96e5ec8ee4524bcf97609c33ab9c611c11994c66633cfa8fa4b84365", "edd3ddaf2a771f873101f6ef8f980ef7e401dec694059fb01b0144bc9bedfb7b", "e6a8672a79d4f853f4c6985a345828125d22c4923aac8cf37931eeae266f5215"]}
{"event": "weights_published", "t": 1791404582.764283, "generation": 69, "child_sha256": "e6a8672a79d4f853f4c6985a345828125d22c4923aac8cf37931eeae266f5215"}
{"event": "generation_done", "t": 1791404582.7643294, "generation": 69, "parent_sha256": "edd3ddaf2a771f873101f6ef8f980ef7e401dec694059fb01b0144bc9bedfb7b", "child_sha256": "e6a8672a79d4f853f4c6985a345828125d22c4923aac8cf37931eeae266f5215", "record_hash": "2121b009fa2f8356e67b01ebf8e463bfcf8ac4d78f23085fa2fe4f80c540a5c2", "mean_reward": 0.8203125, "max_reward": 0.90625, "noop": false, "changed": 484232974, "applied_l2": 4.537646767097658, "requested_l2": 4.5369061364435606, "wait_seconds": 80.11626370900194, "record_seconds": 0.005064665005193092, "update_seconds": 2.4016338329965947, "publish_seconds": 0.025895551007124595, "total_seconds": 82.54885775801085}
{"event": "generation_open", "t": 1791404582.773303, "generation": 70, "parent_sha256": "e6a8672a79d4f853f4c6985a345828125d22c4923aac8cf37931eeae266f5215", "candidates": 24}
{"event": "generation_complete", "t": 1791404658.3166373, "generation": 70}
{"event": "update_recorded", "t": 1791404658.325011, "generation": 70, "record_hash": "347a6600c58a41eb81fe23537f6e8a89b2b82e1eef91517ea71c275f562dd1df"}
{"event": "update_applied", "t": 1791404660.7202308, "generation": 70, "child_sha256": "e3a10f52a3d82c217bff0e29233714c3f4c3b2b771369b6e3372d689577f4b31", "noop": false, "changed": 484232328, "applied_l2": 4.537576480418129}
{"event": "weights_pruned", "t": 1791404660.7434685, "removed": ["4422399a96e5ec8ee4524bcf97609c33ab9c611c11994c66633cfa8fa4b84365"], "kept": ["edd3ddaf2a771f873101f6ef8f980ef7e401dec694059fb01b0144bc9bedfb7b", "e6a8672a79d4f853f4c6985a345828125d22c4923aac8cf37931eeae266f5215", "e3a10f52a3d82c217bff0e29233714c3f4c3b2b771369b6e3372d689577f4b31"]}
{"event": "weights_published", "t": 1791404660.743494, "generation": 70, "child_sha256": "e3a10f52a3d82c217bff0e29233714c3f4c3b2b771369b6e3372d689577f4b31"}
{"event": "generation_done", "t": 1791404660.7435412, "generation": 70, "parent_sha256": "e6a8672a79d4f853f4c6985a345828125d22c4923aac8cf37931eeae266f5215", "child_sha256": "e3a10f52a3d82c217bff0e29233714c3f4c3b2b771369b6e3372d689577f4b31", "record_hash": "347a6600c58a41eb81fe23537f6e8a89b2b82e1eef91517ea71c275f562dd1df", "mean_reward": 0.8274739583333334, "max_reward": 0.921875, "noop": false, "changed": 484232328, "applied_l2": 4.537576480418129, "requested_l2": 4.536831433537309, "wait_seconds": 75.55214759400405, "record_seconds": 0.008458051990601234, "update_seconds": 2.395251283000107, "publish_seconds": 0.023265235009603202, "total_seconds": 77.97912216400437}
{"event": "generation_open", "t": 1791404660.747847, "generation": 71, "parent_sha256": "e3a10f52a3d82c217bff0e29233714c3f4c3b2b771369b6e3372d689577f4b31", "candidates": 24}
{"event": "generation_complete", "t": 1791404733.05392, "generation": 71}
{"event": "update_recorded", "t": 1791404734.5385315, "generation": 71, "record_hash": "559c0c075662529228e85839507ccefa17aa6a3b4d6926708d4ca7e3dc99b66d"}
{"event": "update_applied", "t": 1791404737.4684627, "generation": 71, "child_sha256": "112b7dd6dc0afecdbd148a95a3b2194341b68281e8f29d838c2e9c5d2437f8f2", "noop": false, "changed": 484233919, "applied_l2": 4.5376940717703205}
{"event": "weights_pruned", "t": 1791404737.9781182, "removed": ["edd3ddaf2a771f873101f6ef8f980ef7e401dec694059fb01b0144bc9bedfb7b"], "kept": ["e6a8672a79d4f853f4c6985a345828125d22c4923aac8cf37931eeae266f5215", "e3a10f52a3d82c217bff0e29233714c3f4c3b2b771369b6e3372d689577f4b31", "112b7dd6dc0afecdbd148a95a3b2194341b68281e8f29d838c2e9c5d2437f8f2"]}
{"event": "weights_published", "t": 1791404737.9781504, "generation": 71, "child_sha256": "112b7dd6dc0afecdbd148a95a3b2194341b68281e8f29d838c2e9c5d2437f8f2"}
{"event": "generation_done", "t": 1791404737.9782076, "generation": 71, "parent_sha256": "e3a10f52a3d82c217bff0e29233714c3f4c3b2b771369b6e3372d689577f4b31", "child_sha256": "112b7dd6dc0afecdbd148a95a3b2194341b68281e8f29d838c2e9c5d2437f8f2", "record_hash": "559c0c075662529228e85839507ccefa17aa6a3b4d6926708d4ca7e3dc99b66d", "mean_reward": 0.837890625, "max_reward": 0.921875, "noop": false, "changed": 484233919, "applied_l2": 4.5376940717703205, "requested_l2": 4.536957858083621, "wait_seconds": 72.3097756299976, "record_seconds": 1.4851106029964285, "update_seconds": 2.929989537005895, "publish_seconds": 0.5096912199951475, "total_seconds": 77.23456698999507}
{"event": "generation_open", "t": 1791404739.6075082, "generation": 72, "parent_sha256": "112b7dd6dc0afecdbd148a95a3b2194341b68281e8f29d838c2e9c5d2437f8f2", "candidates": 24}
{"event": "generation_complete", "t": 1791404817.908622, "generation": 72}
{"event": "update_recorded", "t": 1791404817.9178753, "generation": 72, "record_hash": "88e7932213c6fafebda570bb827690f15f5cf7f7707b9a37fc65993d8e38ebcb"}
{"event": "update_applied", "t": 1791404820.3380353, "generation": 72, "child_sha256": "fef7e9687328558c482156e8277c9eef66534634bfa053875df05487a71afc53", "noop": false, "changed": 484234947, "applied_l2": 4.537670996767591}
{"event": "weights_pruned", "t": 1791404820.3465207, "removed": ["e6a8672a79d4f853f4c6985a345828125d22c4923aac8cf37931eeae266f5215"], "kept": ["e3a10f52a3d82c217bff0e29233714c3f4c3b2b771369b6e3372d689577f4b31", "112b7dd6dc0afecdbd148a95a3b2194341b68281e8f29d838c2e9c5d2437f8f2", "fef7e9687328558c482156e8277c9eef66534634bfa053875df05487a71afc53"]}
{"event": "weights_published", "t": 1791404820.346545, "generation": 72, "child_sha256": "fef7e9687328558c482156e8277c9eef66534634bfa053875df05487a71afc53"}
{"event": "generation_done", "t": 1791404820.3465862, "generation": 72, "parent_sha256": "112b7dd6dc0afecdbd148a95a3b2194341b68281e8f29d838c2e9c5d2437f8f2", "child_sha256": "fef7e9687328558c482156e8277c9eef66534634bfa053875df05487a71afc53", "record_hash": "88e7932213c6fafebda570bb827690f15f5cf7f7707b9a37fc65993d8e38ebcb", "mean_reward": 0.8313802083333334, "max_reward": 0.90625, "noop": false, "changed": 484234947, "applied_l2": 4.537670996767591, "requested_l2": 4.536939949363606, "wait_seconds": 79.93025491401204, "record_seconds": 0.009341040000435896, "update_seconds": 2.4201814219995867, "publish_seconds": 0.008521572992322035, "total_seconds": 82.36829894900438}
{"event": "generation_open", "t": 1791404820.3534155, "generation": 73, "parent_sha256": "fef7e9687328558c482156e8277c9eef66534634bfa053875df05487a71afc53", "candidates": 24}
{"event": "generation_complete", "t": 1791404898.9414759, "generation": 73}
{"event": "update_recorded", "t": 1791404898.9497366, "generation": 73, "record_hash": "01be59c8a72d60954d7eacbbff08cb66e5833a5c0cb468a772c953734eb358c1"}
{"event": "update_applied", "t": 1791404901.341572, "generation": 73, "child_sha256": "5e5453dcc3636d8f4bfb5e036e8926f8017a885ba1f11e261c6bf1c088348bca", "noop": false, "changed": 484238923, "applied_l2": 4.5377629512700945}
{"event": "weights_pruned", "t": 1791404901.3654788, "removed": ["e3a10f52a3d82c217bff0e29233714c3f4c3b2b771369b6e3372d689577f4b31"], "kept": ["112b7dd6dc0afecdbd148a95a3b2194341b68281e8f29d838c2e9c5d2437f8f2", "fef7e9687328558c482156e8277c9eef66534634bfa053875df05487a71afc53", "5e5453dcc3636d8f4bfb5e036e8926f8017a885ba1f11e261c6bf1c088348bca"]}
{"event": "weights_published", "t": 1791404901.3655105, "generation": 73, "child_sha256": "5e5453dcc3636d8f4bfb5e036e8926f8017a885ba1f11e261c6bf1c088348bca"}
{"event": "generation_done", "t": 1791404901.3655562, "generation": 73, "parent_sha256": "fef7e9687328558c482156e8277c9eef66534634bfa053875df05487a71afc53", "child_sha256": "5e5453dcc3636d8f4bfb5e036e8926f8017a885ba1f11e261c6bf1c088348bca", "record_hash": "01be59c8a72d60954d7eacbbff08cb66e5833a5c0cb468a772c953734eb358c1", "mean_reward": 0.7890625, "max_reward": 0.90625, "noop": false, "changed": 484238923, "applied_l2": 4.5377629512700945, "requested_l2": 4.537015429678861, "wait_seconds": 78.59469421798713, "record_seconds": 0.008380098006455228, "update_seconds": 2.3918670540006133, "publish_seconds": 0.023940130005939864, "total_seconds": 81.01888150000013}
{"event": "generation_open", "t": 1791404901.373042, "generation": 74, "parent_sha256": "5e5453dcc3636d8f4bfb5e036e8926f8017a885ba1f11e261c6bf1c088348bca", "candidates": 24}
{"event": "generation_complete", "t": 1791404976.9237351, "generation": 74}
{"event": "update_recorded", "t": 1791404976.9321623, "generation": 74, "record_hash": "5c07c98677d03c41c0ffcb061604112554cd716253973a72f16e54721740a461"}
{"event": "update_applied", "t": 1791404979.34201, "generation": 74, "child_sha256": "314de9135082fe658d7de431d99e4f95a94b7d754c0370238ee2878b298b66b6", "noop": false, "changed": 484232064, "applied_l2": 4.537717120393782}
{"event": "weights_pruned", "t": 1791404979.3676665, "removed": ["112b7dd6dc0afecdbd148a95a3b2194341b68281e8f29d838c2e9c5d2437f8f2"], "kept": ["fef7e9687328558c482156e8277c9eef66534634bfa053875df05487a71afc53", "5e5453dcc3636d8f4bfb5e036e8926f8017a885ba1f11e261c6bf1c088348bca", "314de9135082fe658d7de431d99e4f95a94b7d754c0370238ee2878b298b66b6"]}
{"event": "weights_published", "t": 1791404979.367698, "generation": 74, "child_sha256": "314de9135082fe658d7de431d99e4f95a94b7d754c0370238ee2878b298b66b6"}
{"event": "generation_done", "t": 1791404979.367746, "generation": 74, "parent_sha256": "5e5453dcc3636d8f4bfb5e036e8926f8017a885ba1f11e261c6bf1c088348bca", "child_sha256": "314de9135082fe658d7de431d99e4f95a94b7d754c0370238ee2878b298b66b6", "record_hash": "5c07c98677d03c41c0ffcb061604112554cd716253973a72f16e54721740a461", "mean_reward": 0.8157552083333334, "max_reward": 0.890625, "noop": false, "changed": 484232064, "applied_l2": 4.537717120393782, "requested_l2": 4.536974963595276, "wait_seconds": 75.55798513699847, "record_seconds": 0.00854798499494791, "update_seconds": 2.4098794810124673, "publish_seconds": 0.025689639995107427, "total_seconds": 78.00210224300099}
{"event": "generation_open", "t": 1791404979.377068, "generation": 75, "parent_sha256": "314de9135082fe658d7de431d99e4f95a94b7d754c0370238ee2878b298b66b6", "candidates": 24}
{"event": "generation_complete", "t": 1791405061.403846, "generation": 75}
{"event": "update_recorded", "t": 1791405061.41078, "generation": 75, "record_hash": "e63cf1866fc1f8499fe0cc02f6e2348edfdf749c228fb74fa876bd71176eb043"}
{"event": "update_applied", "t": 1791405063.815194, "generation": 75, "child_sha256": "5b280dff39fb3195ffce7448c6c8502491dc3e12bab7d5ca8c98af0e59986850", "noop": false, "changed": 484229533, "applied_l2": 4.537546087094541}
{"event": "weights_pruned", "t": 1791405063.8382878, "removed": ["fef7e9687328558c482156e8277c9eef66534634bfa053875df05487a71afc53"], "kept": ["5e5453dcc3636d8f4bfb5e036e8926f8017a885ba1f11e261c6bf1c088348bca", "314de9135082fe658d7de431d99e4f95a94b7d754c0370238ee2878b298b66b6", "5b280dff39fb3195ffce7448c6c8502491dc3e12bab7d5ca8c98af0e59986850"]}
{"event": "weights_published", "t": 1791405063.8383198, "generation": 75, "child_sha256": "5b280dff39fb3195ffce7448c6c8502491dc3e12bab7d5ca8c98af0e59986850"}
{"event": "generation_done", "t": 1791405063.8383658, "generation": 75, "parent_sha256": "314de9135082fe658d7de431d99e4f95a94b7d754c0370238ee2878b298b66b6", "child_sha256": "5b280dff39fb3195ffce7448c6c8502491dc3e12bab7d5ca8c98af0e59986850", "record_hash": "e63cf1866fc1f8499fe0cc02f6e2348edfdf749c228fb74fa876bd71176eb043", "mean_reward": 0.828125, "max_reward": 0.875, "noop": false, "changed": 484229533, "applied_l2": 4.537546087094541, "requested_l2": 4.536804574140248, "wait_seconds": 82.03594032200635, "record_seconds": 0.007019911994575523, "update_seconds": 2.404445420994307, "publish_seconds": 0.02312857699871529, "total_seconds": 84.47053423199395}
{"event": "generation_open", "t": 1791405063.8426182, "generation": 76, "parent_sha256": "5b280dff39fb3195ffce7448c6c8502491dc3e12bab7d5ca8c98af0e59986850", "candidates": 24}
{"event": "generation_complete", "t": 1791405139.5219653, "generation": 76}
{"event": "update_recorded", "t": 1791405139.5263286, "generation": 76, "record_hash": "27048f90a6de950908ff03abab457af4acff75aa7a18053d4a48e17824769b8b"}
{"event": "update_applied", "t": 1791405141.890618, "generation": 76, "child_sha256": "ede2c430e41322283f37c053f94169c5ea99e9ac4353193298f4a46877dd7f14", "noop": false, "changed": 484228146, "applied_l2": 4.537767056996393}
{"event": "weights_pruned", "t": 1791405141.9142165, "removed": ["5e5453dcc3636d8f4bfb5e036e8926f8017a885ba1f11e261c6bf1c088348bca"], "kept": ["314de9135082fe658d7de431d99e4f95a94b7d754c0370238ee2878b298b66b6", "5b280dff39fb3195ffce7448c6c8502491dc3e12bab7d5ca8c98af0e59986850", "ede2c430e41322283f37c053f94169c5ea99e9ac4353193298f4a46877dd7f14"]}
{"event": "weights_published", "t": 1791405141.9142418, "generation": 76, "child_sha256": "ede2c430e41322283f37c053f94169c5ea99e9ac4353193298f4a46877dd7f14"}
{"event": "generation_done", "t": 1791405141.914286, "generation": 76, "parent_sha256": "5b280dff39fb3195ffce7448c6c8502491dc3e12bab7d5ca8c98af0e59986850", "child_sha256": "ede2c430e41322283f37c053f94169c5ea99e9ac4353193298f4a46877dd7f14", "record_hash": "27048f90a6de950908ff03abab457af4acff75aa7a18053d4a48e17824769b8b", "mean_reward": 0.8248697916666666, "max_reward": 0.921875, "noop": false, "changed": 484228146, "applied_l2": 4.537767056996393, "requested_l2": 4.537024989989695, "wait_seconds": 75.68342418799875, "record_seconds": 0.004461012009414844, "update_seconds": 2.3643238410004415, "publish_seconds": 0.023625432993867435, "total_seconds": 78.07583447400248}
{"event": "generation_open", "t": 1791405141.9222424, "generation": 77, "parent_sha256": "ede2c430e41322283f37c053f94169c5ea99e9ac4353193298f4a46877dd7f14", "candidates": 24}
{"event": "generation_complete", "t": 1791405217.3516212, "generation": 77}
{"event": "update_recorded", "t": 1791405217.355833, "generation": 77, "record_hash": "8bb8e12078e218e9839891004ff5403f0203d76942bd31db14083e1d0479819e"}
{"event": "update_applied", "t": 1791405219.7535443, "generation": 77, "child_sha256": "823eee225dc9db97acbc5cedbb9b58fe6028726d68363b4828a1fdd44e288012", "noop": false, "changed": 484236037, "applied_l2": 4.537833885764349}
{"event": "weights_pruned", "t": 1791405219.755164, "removed": ["314de9135082fe658d7de431d99e4f95a94b7d754c0370238ee2878b298b66b6"], "kept": ["5b280dff39fb3195ffce7448c6c8502491dc3e12bab7d5ca8c98af0e59986850", "ede2c430e41322283f37c053f94169c5ea99e9ac4353193298f4a46877dd7f14", "823eee225dc9db97acbc5cedbb9b58fe6028726d68363b4828a1fdd44e288012"]}
{"event": "weights_published", "t": 1791405219.7551887, "generation": 77, "child_sha256": "823eee225dc9db97acbc5cedbb9b58fe6028726d68363b4828a1fdd44e288012"}
{"event": "generation_done", "t": 1791405219.7552328, "generation": 77, "parent_sha256": "ede2c430e41322283f37c053f94169c5ea99e9ac4353193298f4a46877dd7f14", "child_sha256": "823eee225dc9db97acbc5cedbb9b58fe6028726d68363b4828a1fdd44e288012", "record_hash": "8bb8e12078e218e9839891004ff5403f0203d76942bd31db14083e1d0479819e", "mean_reward": 0.8444010416666666, "max_reward": 0.90625, "noop": false, "changed": 484236037, "applied_l2": 4.537833885764349, "requested_l2": 4.5370919790682125, "wait_seconds": 75.43717415099673, "record_seconds": 0.004299123000237159, "update_seconds": 2.3977447119978024, "publish_seconds": 0.00164633100212086, "total_seconds": 77.84086431699689}
{"event": "generation_open", "t": 1791405219.757591, "generation": 78, "parent_sha256": "823eee225dc9db97acbc5cedbb9b58fe6028726d68363b4828a1fdd44e288012", "candidates": 24}
{"event": "generation_complete", "t": 1791405305.844573, "generation": 78}
{"event": "update_recorded", "t": 1791405305.8490777, "generation": 78, "record_hash": "3c07d125ba04bf1e90cf8a85fffe9e854964f8a8913b788ea832513b15537c6b"}
{"event": "update_applied", "t": 1791405308.2462766, "generation": 78, "child_sha256": "671c9ad8fda1506d0758c269fb0366bf48115a291342e38b94fbe32c28c20579", "noop": false, "changed": 484232223, "applied_l2": 4.537789258385131}
{"event": "weights_pruned", "t": 1791405308.2664986, "removed": ["5b280dff39fb3195ffce7448c6c8502491dc3e12bab7d5ca8c98af0e59986850"], "kept": ["ede2c430e41322283f37c053f94169c5ea99e9ac4353193298f4a46877dd7f14", "823eee225dc9db97acbc5cedbb9b58fe6028726d68363b4828a1fdd44e288012", "671c9ad8fda1506d0758c269fb0366bf48115a291342e38b94fbe32c28c20579"]}
{"event": "weights_published", "t": 1791405308.2665257, "generation": 78, "child_sha256": "671c9ad8fda1506d0758c269fb0366bf48115a291342e38b94fbe32c28c20579"}
{"event": "generation_done", "t": 1791405308.2665706, "generation": 78, "parent_sha256": "823eee225dc9db97acbc5cedbb9b58fe6028726d68363b4828a1fdd44e288012", "child_sha256": "671c9ad8fda1506d0758c269fb0366bf48115a291342e38b94fbe32c28c20579", "record_hash": "3c07d125ba04bf1e90cf8a85fffe9e854964f8a8913b788ea832513b15537c6b", "mean_reward": 0.8450520833333334, "max_reward": 0.9375, "noop": false, "changed": 484232223, "applied_l2": 4.537789258385131, "requested_l2": 4.537046178106545, "wait_seconds": 86.08917493899935, "record_seconds": 0.0045924239966552705, "update_seconds": 2.3972319600143237, "publish_seconds": 0.020250585992471315, "total_seconds": 88.5112499090028}
{"event": "generation_open", "t": 1791405308.2715003, "generation": 79, "parent_sha256": "671c9ad8fda1506d0758c269fb0366bf48115a291342e38b94fbe32c28c20579", "candidates": 24}
{"event": "generation_complete", "t": 1791405395.1679175, "generation": 79}
{"event": "update_recorded", "t": 1791405395.1727445, "generation": 79, "record_hash": "ca9195fd8ce2f21fb630291ac0694806ca2af32711026da56736f18169fd88f1"}
{"event": "update_applied", "t": 1791405397.5790179, "generation": 79, "child_sha256": "6a4be647ef854c6b104c5e08bc21bd47ecab7b27c0447ef0c5d0e0f799f835b9", "noop": false, "changed": 484225598, "applied_l2": 4.537709044889298}
{"event": "weights_pruned", "t": 1791405397.602344, "removed": ["ede2c430e41322283f37c053f94169c5ea99e9ac4353193298f4a46877dd7f14"], "kept": ["823eee225dc9db97acbc5cedbb9b58fe6028726d68363b4828a1fdd44e288012", "671c9ad8fda1506d0758c269fb0366bf48115a291342e38b94fbe32c28c20579", "6a4be647ef854c6b104c5e08bc21bd47ecab7b27c0447ef0c5d0e0f799f835b9"]}
{"event": "weights_published", "t": 1791405397.6023722, "generation": 79, "child_sha256": "6a4be647ef854c6b104c5e08bc21bd47ecab7b27c0447ef0c5d0e0f799f835b9"}
{"event": "generation_done", "t": 1791405397.602424, "generation": 79, "parent_sha256": "671c9ad8fda1506d0758c269fb0366bf48115a291342e38b94fbe32c28c20579", "child_sha256": "6a4be647ef854c6b104c5e08bc21bd47ecab7b27c0447ef0c5d0e0f799f835b9", "record_hash": "ca9195fd8ce2f21fb630291ac0694806ca2af32711026da56736f18169fd88f1", "mean_reward": 0.8307291666666666, "max_reward": 0.90625, "noop": false, "changed": 484225598, "applied_l2": 4.537709044889298, "requested_l2": 4.5369661680569875, "wait_seconds": 86.90111310800421, "record_seconds": 0.004984022991266102, "update_seconds": 2.406306864999351, "publish_seconds": 0.023356148012680933, "total_seconds": 89.33576014400751}
{"event": "generation_open", "t": 1791405397.612461, "generation": 80, "parent_sha256": "6a4be647ef854c6b104c5e08bc21bd47ecab7b27c0447ef0c5d0e0f799f835b9", "candidates": 24}
{"event": "generation_complete", "t": 1791405473.1903636, "generation": 80}
{"event": "update_recorded", "t": 1791405473.1969492, "generation": 80, "record_hash": "c74431a81e004c7871717aa2b306a34a39b0e0b8596b77d6e7cea512d041cbd1"}
{"event": "update_applied", "t": 1791405475.5883763, "generation": 80, "child_sha256": "d1e9486e0524923945f4fdf2dc1e791ec63042c6f605d8f370079ac982599385", "noop": false, "changed": 484228168, "applied_l2": 4.537888502186412}
{"event": "weights_pruned", "t": 1791405475.6146429, "removed": ["823eee225dc9db97acbc5cedbb9b58fe6028726d68363b4828a1fdd44e288012"], "kept": ["671c9ad8fda1506d0758c269fb0366bf48115a291342e38b94fbe32c28c20579", "6a4be647ef854c6b104c5e08bc21bd47ecab7b27c0447ef0c5d0e0f799f835b9", "d1e9486e0524923945f4fdf2dc1e791ec63042c6f605d8f370079ac982599385"]}
{"event": "weights_published", "t": 1791405475.61467, "generation": 80, "child_sha256": "d1e9486e0524923945f4fdf2dc1e791ec63042c6f605d8f370079ac982599385"}
{"event": "generation_done", "t": 1791405475.6147196, "generation": 80, "parent_sha256": "6a4be647ef854c6b104c5e08bc21bd47ecab7b27c0447ef0c5d0e0f799f835b9", "child_sha256": "d1e9486e0524923945f4fdf2dc1e791ec63042c6f605d8f370079ac982599385", "record_hash": "c74431a81e004c7871717aa2b306a34a39b0e0b8596b77d6e7cea512d041cbd1", "mean_reward": 0.8352864583333334, "max_reward": 0.890625, "noop": false, "changed": 484228168, "applied_l2": 4.537888502186412, "requested_l2": 4.537156731223182, "wait_seconds": 75.58777870598715, "record_seconds": 0.00667157000862062, "update_seconds": 2.391460571991047, "publish_seconds": 0.02629560801142361, "total_seconds": 78.01220645599824}
{"event": "generation_open", "t": 1791405475.6242707, "generation": 81, "parent_sha256": "d1e9486e0524923945f4fdf2dc1e791ec63042c6f605d8f370079ac982599385", "candidates": 24}
{"event": "generation_complete", "t": 1791405554.3153331, "generation": 81}
{"event": "update_recorded", "t": 1791405554.3234618, "generation": 81, "record_hash": "dc834bd03751341edcb19eec02b5d71d1a069973e02458bcb5471e61e9a94f31"}
{"event": "update_applied", "t": 1791405556.7186873, "generation": 81, "child_sha256": "05b89b7c40c4281d9a20d737694c7d0885b510dfbe72f847aab4e8f1a86601e3", "noop": false, "changed": 484223195, "applied_l2": 4.537583909822538}
{"event": "weights_pruned", "t": 1791405556.739603, "removed": ["671c9ad8fda1506d0758c269fb0366bf48115a291342e38b94fbe32c28c20579"], "kept": ["6a4be647ef854c6b104c5e08bc21bd47ecab7b27c0447ef0c5d0e0f799f835b9", "d1e9486e0524923945f4fdf2dc1e791ec63042c6f605d8f370079ac982599385", "05b89b7c40c4281d9a20d737694c7d0885b510dfbe72f847aab4e8f1a86601e3"]}
{"event": "weights_published", "t": 1791405556.7396293, "generation": 81, "child_sha256": "05b89b7c40c4281d9a20d737694c7d0885b510dfbe72f847aab4e8f1a86601e3"}
{"event": "generation_done", "t": 1791405556.7396731, "generation": 81, "parent_sha256": "d1e9486e0524923945f4fdf2dc1e791ec63042c6f605d8f370079ac982599385", "child_sha256": "05b89b7c40c4281d9a20d737694c7d0885b510dfbe72f847aab4e8f1a86601e3", "record_hash": "dc834bd03751341edcb19eec02b5d71d1a069973e02458bcb5471e61e9a94f31", "mean_reward": 0.8170572916666666, "max_reward": 0.890625, "noop": false, "changed": 484223195, "applied_l2": 4.537583909822538, "requested_l2": 4.536838500421297, "wait_seconds": 78.7004507729871, "record_seconds": 0.008213692010031082, "update_seconds": 2.395261262994609, "publish_seconds": 0.020943975003319792, "total_seconds": 81.12486970299506}
{"event": "generation_open", "t": 1791405556.744075, "generation": 82, "parent_sha256": "05b89b7c40c4281d9a20d737694c7d0885b510dfbe72f847aab4e8f1a86601e3", "candidates": 24}
{"event": "generation_complete", "t": 1791405633.2268665, "generation": 82}
{"event": "update_recorded", "t": 1791405633.2312324, "generation": 82, "record_hash": "f4a2efa2aca08b4146c68efe0ee63b28b87835d7d0395c23a93827b148705573"}
{"event": "update_applied", "t": 1791405635.5823846, "generation": 82, "child_sha256": "94aa02588d42a3d75efe20e6e36151f0cc8903a435599be70b3dadc54c44fcb4", "noop": false, "changed": 484231006, "applied_l2": 4.537838977078524}
{"event": "weights_pruned", "t": 1791405635.5840654, "removed": ["6a4be647ef854c6b104c5e08bc21bd47ecab7b27c0447ef0c5d0e0f799f835b9"], "kept": ["d1e9486e0524923945f4fdf2dc1e791ec63042c6f605d8f370079ac982599385", "05b89b7c40c4281d9a20d737694c7d0885b510dfbe72f847aab4e8f1a86601e3", "94aa02588d42a3d75efe20e6e36151f0cc8903a435599be70b3dadc54c44fcb4"]}
{"event": "weights_published", "t": 1791405635.5840878, "generation": 82, "child_sha256": "94aa02588d42a3d75efe20e6e36151f0cc8903a435599be70b3dadc54c44fcb4"}
{"event": "generation_done", "t": 1791405635.5841272, "generation": 82, "parent_sha256": "05b89b7c40c4281d9a20d737694c7d0885b510dfbe72f847aab4e8f1a86601e3", "child_sha256": "94aa02588d42a3d75efe20e6e36151f0cc8903a435599be70b3dadc54c44fcb4", "record_hash": "f4a2efa2aca08b4146c68efe0ee63b28b87835d7d0395c23a93827b148705573", "mean_reward": 0.7975260416666666, "max_reward": 0.90625, "noop": false, "changed": 484231006, "applied_l2": 4.537838977078524, "requested_l2": 4.537096591973069, "wait_seconds": 76.486959182992, "record_seconds": 0.004526352000539191, "update_seconds": 2.351182341008098, "publish_seconds": 0.0017053139890776947, "total_seconds": 78.84437318998971}
{"event": "generation_open", "t": 1791405635.586404, "generation": 83, "parent_sha256": "94aa02588d42a3d75efe20e6e36151f0cc8903a435599be70b3dadc54c44fcb4", "candidates": 24}
{"event": "generation_complete", "t": 1791405706.8993695, "generation": 83}
{"event": "update_recorded", "t": 1791405706.9050424, "generation": 83, "record_hash": "055aa19b3caced1d9ce93108d8bb68ed5ce7e138ff9865209e5cc7051cc9e07e"}
{"event": "update_applied", "t": 1791405709.301931, "generation": 83, "child_sha256": "e89beb9866e167612dab5ee32448c18cb272612de856ab7e39ff83122d7f0486", "noop": false, "changed": 484226096, "applied_l2": 4.537716256041058}
{"event": "weights_pruned", "t": 1791405709.326034, "removed": ["d1e9486e0524923945f4fdf2dc1e791ec63042c6f605d8f370079ac982599385"], "kept": ["05b89b7c40c4281d9a20d737694c7d0885b510dfbe72f847aab4e8f1a86601e3", "94aa02588d42a3d75efe20e6e36151f0cc8903a435599be70b3dadc54c44fcb4", "e89beb9866e167612dab5ee32448c18cb272612de856ab7e39ff83122d7f0486"]}
{"event": "weights_published", "t": 1791405709.326062, "generation": 83, "child_sha256": "e89beb9866e167612dab5ee32448c18cb272612de856ab7e39ff83122d7f0486"}
{"event": "generation_done", "t": 1791405709.32611, "generation": 83, "parent_sha256": "94aa02588d42a3d75efe20e6e36151f0cc8903a435599be70b3dadc54c44fcb4", "child_sha256": "e89beb9866e167612dab5ee32448c18cb272612de856ab7e39ff83122d7f0486", "record_hash": "055aa19b3caced1d9ce93108d8bb68ed5ce7e138ff9865209e5cc7051cc9e07e", "mean_reward": 0.8255208333333334, "max_reward": 0.90625, "noop": false, "changed": 484226096, "applied_l2": 4.537716256041058, "requested_l2": 4.536968146312099, "wait_seconds": 71.31508421000035, "record_seconds": 0.005760216008638963, "update_seconds": 2.3969199729908723, "publish_seconds": 0.024132667007506825, "total_seconds": 73.74189706600737}
{"event": "generation_open", "t": 1791405709.336274, "generation": 84, "parent_sha256": "e89beb9866e167612dab5ee32448c18cb272612de856ab7e39ff83122d7f0486", "candidates": 24}
{"event": "generation_complete", "t": 1791405787.645531, "generation": 84}
{"event": "update_recorded", "t": 1791405787.654649, "generation": 84, "record_hash": "85a97be96bcf8b887f034e4c442c0e3a946ac8bfeb125d31d68b39a9da79a6ca"}
{"event": "update_applied", "t": 1791405790.0453877, "generation": 84, "child_sha256": "6f376c2d15a9428f51ef275f2c968e47a96d4e4da8e4d701e288387542e79d1c", "noop": false, "changed": 484222090, "applied_l2": 4.537781842413844}
{"event": "weights_pruned", "t": 1791405790.0707765, "removed": ["05b89b7c40c4281d9a20d737694c7d0885b510dfbe72f847aab4e8f1a86601e3"], "kept": ["94aa02588d42a3d75efe20e6e36151f0cc8903a435599be70b3dadc54c44fcb4", "e89beb9866e167612dab5ee32448c18cb272612de856ab7e39ff83122d7f0486", "6f376c2d15a9428f51ef275f2c968e47a96d4e4da8e4d701e288387542e79d1c"]}
{"event": "weights_published", "t": 1791405790.0708039, "generation": 84, "child_sha256": "6f376c2d15a9428f51ef275f2c968e47a96d4e4da8e4d701e288387542e79d1c"}
{"event": "generation_done", "t": 1791405790.070856, "generation": 84, "parent_sha256": "e89beb9866e167612dab5ee32448c18cb272612de856ab7e39ff83122d7f0486", "child_sha256": "6f376c2d15a9428f51ef275f2c968e47a96d4e4da8e4d701e288387542e79d1c", "record_hash": "85a97be96bcf8b887f034e4c442c0e3a946ac8bfeb125d31d68b39a9da79a6ca", "mean_reward": 0.8307291666666666, "max_reward": 0.90625, "noop": false, "changed": 484222090, "applied_l2": 4.537781842413844, "requested_l2": 4.53704727116436, "wait_seconds": 78.31918732600752, "record_seconds": 0.009277580989873968, "update_seconds": 2.3907657420058968, "publish_seconds": 0.02542524499585852, "total_seconds": 80.74465589399915}
{"event": "generation_open", "t": 1791405790.0829465, "generation": 85, "parent_sha256": "6f376c2d15a9428f51ef275f2c968e47a96d4e4da8e4d701e288387542e79d1c", "candidates": 24}
{"event": "generation_complete", "t": 1791405862.0101304, "generation": 85}
{"event": "update_recorded", "t": 1791405862.0181975, "generation": 85, "record_hash": "b9fc507934e91f4a6371fa59bbf5a8661f5fce4faf5250fa87246000aad9d7ce"}
{"event": "update_applied", "t": 1791405864.3802435, "generation": 85, "child_sha256": "22f24a76774d86093566d0960b92bdf17375c43b3f918233a53d459cd9db4c8c", "noop": false, "changed": 484225758, "applied_l2": 4.53774799679859}
{"event": "weights_pruned", "t": 1791405864.4053895, "removed": ["94aa02588d42a3d75efe20e6e36151f0cc8903a435599be70b3dadc54c44fcb4"], "kept": ["e89beb9866e167612dab5ee32448c18cb272612de856ab7e39ff83122d7f0486", "6f376c2d15a9428f51ef275f2c968e47a96d4e4da8e4d701e288387542e79d1c", "22f24a76774d86093566d0960b92bdf17375c43b3f918233a53d459cd9db4c8c"]}
{"event": "weights_published", "t": 1791405864.4054182, "generation": 85, "child_sha256": "22f24a76774d86093566d0960b92bdf17375c43b3f918233a53d459cd9db4c8c"}
{"event": "generation_done", "t": 1791405864.4054635, "generation": 85, "parent_sha256": "6f376c2d15a9428f51ef275f2c968e47a96d4e4da8e4d701e288387542e79d1c", "child_sha256": "22f24a76774d86093566d0960b92bdf17375c43b3f918233a53d459cd9db4c8c", "record_hash": "b9fc507934e91f4a6371fa59bbf5a8661f5fce4faf5250fa87246000aad9d7ce", "mean_reward": 0.8274739583333334, "max_reward": 0.890625, "noop": false, "changed": 484225758, "applied_l2": 4.53774799679859, "requested_l2": 4.5370061892311995, "wait_seconds": 71.93903902999591, "record_seconds": 0.008221066003898159, "update_seconds": 2.3620773069997085, "publish_seconds": 0.025176802999339998, "total_seconds": 74.33451420599886}
{"event": "generation_open", "t": 1791405864.4154508, "generation": 86, "parent_sha256": "22f24a76774d86093566d0960b92bdf17375c43b3f918233a53d459cd9db4c8c", "candidates": 24}
{"event": "generation_complete", "t": 1791405931.790676, "generation": 86}
{"event": "update_recorded", "t": 1791405931.797093, "generation": 86, "record_hash": "3be366a4148195d81605466c047b728715bf9d074fa6558e4e20d415f94776f7"}
{"event": "update_applied", "t": 1791405934.1945117, "generation": 86, "child_sha256": "08ca4e40a34d73c07d965ebb01a1e5672a9cc775f99bf6ed935831bd76637404", "noop": false, "changed": 484226116, "applied_l2": 4.537673655074044}
{"event": "weights_pruned", "t": 1791405934.2160919, "removed": ["e89beb9866e167612dab5ee32448c18cb272612de856ab7e39ff83122d7f0486"], "kept": ["6f376c2d15a9428f51ef275f2c968e47a96d4e4da8e4d701e288387542e79d1c", "22f24a76774d86093566d0960b92bdf17375c43b3f918233a53d459cd9db4c8c", "08ca4e40a34d73c07d965ebb01a1e5672a9cc775f99bf6ed935831bd76637404"]}
{"event": "weights_published", "t": 1791405934.216123, "generation": 86, "child_sha256": "08ca4e40a34d73c07d965ebb01a1e5672a9cc775f99bf6ed935831bd76637404"}
{"event": "generation_done", "t": 1791405934.2161674, "generation": 86, "parent_sha256": "22f24a76774d86093566d0960b92bdf17375c43b3f918233a53d459cd9db4c8c", "child_sha256": "08ca4e40a34d73c07d965ebb01a1e5672a9cc775f99bf6ed935831bd76637404", "record_hash": "3be366a4148195d81605466c047b728715bf9d074fa6558e4e20d415f94776f7", "mean_reward": 0.8411458333333334, "max_reward": 0.921875, "noop": false, "changed": 484226116, "applied_l2": 4.537673655074044, "requested_l2": 4.53693932941196, "wait_seconds": 67.38498161899042, "record_seconds": 0.006468386010965332, "update_seconds": 2.3975566199951572, "publish_seconds": 0.02161326300119981, "total_seconds": 69.81061988799775}
{"event": "generation_open", "t": 1791405934.2229004, "generation": 87, "parent_sha256": "08ca4e40a34d73c07d965ebb01a1e5672a9cc775f99bf6ed935831bd76637404", "candidates": 24}
{"event": "generation_complete", "t": 1791406006.613232, "generation": 87}
{"event": "update_recorded", "t": 1791406006.6207087, "generation": 87, "record_hash": "c775e675782a041585bb561fe8c5c58724a4d89204073c80164403b149c1f2e6"}
{"event": "update_applied", "t": 1791406009.0331655, "generation": 87, "child_sha256": "7c3f81abbc6200e1198b396d23acd5e8f4e6332f29b49c7c0cba9247a4ea6544", "noop": false, "changed": 484222674, "applied_l2": 4.538119853823985}
{"event": "weights_pruned", "t": 1791406009.0349429, "removed": ["6f376c2d15a9428f51ef275f2c968e47a96d4e4da8e4d701e288387542e79d1c"], "kept": ["22f24a76774d86093566d0960b92bdf17375c43b3f918233a53d459cd9db4c8c", "08ca4e40a34d73c07d965ebb01a1e5672a9cc775f99bf6ed935831bd76637404", "7c3f81abbc6200e1198b396d23acd5e8f4e6332f29b49c7c0cba9247a4ea6544"]}
{"event": "weights_published", "t": 1791406009.0349672, "generation": 87, "child_sha256": "7c3f81abbc6200e1198b396d23acd5e8f4e6332f29b49c7c0cba9247a4ea6544"}
{"event": "generation_done", "t": 1791406009.03501, "generation": 87, "parent_sha256": "08ca4e40a34d73c07d965ebb01a1e5672a9cc775f99bf6ed935831bd76637404", "child_sha256": "7c3f81abbc6200e1198b396d23acd5e8f4e6332f29b49c7c0cba9247a4ea6544", "record_hash": "c775e675782a041585bb561fe8c5c58724a4d89204073c80164403b149c1f2e6", "mean_reward": 0.830078125, "max_reward": 0.90625, "noop": false, "changed": 484222674, "applied_l2": 4.538119853823985, "requested_l2": 4.537371508883024, "wait_seconds": 72.39676157898793, "record_seconds": 0.0075795660086441785, "update_seconds": 2.4124735060031526, "publish_seconds": 0.001803885999834165, "total_seconds": 74.81861853699957}
{"event": "generation_open", "t": 1791406009.0377107, "generation": 88, "parent_sha256": "7c3f81abbc6200e1198b396d23acd5e8f4e6332f29b49c7c0cba9247a4ea6544", "candidates": 24}
{"event": "generation_complete", "t": 1791406081.929915, "generation": 88}
{"event": "update_recorded", "t": 1791406081.9345233, "generation": 88, "record_hash": "e7eb0c6ca92b866ebcfe1219b2f3d55339544738f7c2d2eec5a5658c9d1c1bc7"}
{"event": "update_applied", "t": 1791406084.3413603, "generation": 88, "child_sha256": "67339ed78d4c035829beeff2d418dd22ada90b35dfa8c41f9ae98e67f5ed6821", "noop": false, "changed": 484223369, "applied_l2": 4.5377466610583115}
{"event": "weights_pruned", "t": 1791406084.360783, "removed": ["22f24a76774d86093566d0960b92bdf17375c43b3f918233a53d459cd9db4c8c"], "kept": ["08ca4e40a34d73c07d965ebb01a1e5672a9cc775f99bf6ed935831bd76637404", "7c3f81abbc6200e1198b396d23acd5e8f4e6332f29b49c7c0cba9247a4ea6544", "67339ed78d4c035829beeff2d418dd22ada90b35dfa8c41f9ae98e67f5ed6821"]}
{"event": "weights_published", "t": 1791406084.36081, "generation": 88, "child_sha256": "67339ed78d4c035829beeff2d418dd22ada90b35dfa8c41f9ae98e67f5ed6821"}
{"event": "generation_done", "t": 1791406084.3608608, "generation": 88, "parent_sha256": "7c3f81abbc6200e1198b396d23acd5e8f4e6332f29b49c7c0cba9247a4ea6544", "child_sha256": "67339ed78d4c035829beeff2d418dd22ada90b35dfa8c41f9ae98e67f5ed6821", "record_hash": "e7eb0c6ca92b866ebcfe1219b2f3d55339544738f7c2d2eec5a5658c9d1c1bc7", "mean_reward": 0.83203125, "max_reward": 0.90625, "noop": false, "changed": 484223369, "applied_l2": 4.5377466610583115, "requested_l2": 4.537011740536005, "wait_seconds": 72.89467752500786, "record_seconds": 0.0047440140042454, "update_seconds": 2.4068815349892247, "publish_seconds": 0.019453642002190463, "total_seconds": 75.32575671600353}
{"event": "generation_open", "t": 1791406084.3647819, "generation": 89, "parent_sha256": "67339ed78d4c035829beeff2d418dd22ada90b35dfa8c41f9ae98e67f5ed6821", "candidates": 24}
{"event": "generation_complete", "t": 1791406157.5711546, "generation": 89}
{"event": "update_recorded", "t": 1791406157.578646, "generation": 89, "record_hash": "63cebd6cbbb4bad31db5b43881cd84efd6abb2ccb5efcc790137b4b2eb001f7a"}
{"event": "update_applied", "t": 1791406159.9663835, "generation": 89, "child_sha256": "d332f02f3c717554dcbd774f3476b7eabc72dc8164313a0ea6bedcee5146ea4e", "noop": false, "changed": 484220688, "applied_l2": 4.53787641850389}
{"event": "weights_pruned", "t": 1791406159.9890587, "removed": ["08ca4e40a34d73c07d965ebb01a1e5672a9cc775f99bf6ed935831bd76637404"], "kept": ["7c3f81abbc6200e1198b396d23acd5e8f4e6332f29b49c7c0cba9247a4ea6544", "67339ed78d4c035829beeff2d418dd22ada90b35dfa8c41f9ae98e67f5ed6821", "d332f02f3c717554dcbd774f3476b7eabc72dc8164313a0ea6bedcee5146ea4e"]}
{"event": "weights_published", "t": 1791406159.9890873, "generation": 89, "child_sha256": "d332f02f3c717554dcbd774f3476b7eabc72dc8164313a0ea6bedcee5146ea4e"}
{"event": "generation_done", "t": 1791406159.9891355, "generation": 89, "parent_sha256": "67339ed78d4c035829beeff2d418dd22ada90b35dfa8c41f9ae98e67f5ed6821", "child_sha256": "d332f02f3c717554dcbd774f3476b7eabc72dc8164313a0ea6bedcee5146ea4e", "record_hash": "63cebd6cbbb4bad31db5b43881cd84efd6abb2ccb5efcc790137b4b2eb001f7a", "mean_reward": 0.8372395833333334, "max_reward": 0.96875, "noop": false, "changed": 484220688, "applied_l2": 4.53787641850389, "requested_l2": 4.537141996467116, "wait_seconds": 73.21012298199639, "record_seconds": 0.007579231998533942, "update_seconds": 2.387770952002029, "publish_seconds": 0.022705128008965403, "total_seconds": 75.62817829400592}
{"event": "generation_open", "t": 1791406159.993026, "generation": 90, "parent_sha256": "d332f02f3c717554dcbd774f3476b7eabc72dc8164313a0ea6bedcee5146ea4e", "candidates": 24}
{"event": "generation_complete", "t": 1791406232.0015726, "generation": 90}
{"event": "update_recorded", "t": 1791406232.0072455, "generation": 90, "record_hash": "77793ba7e0a953ca21f1d0a74a1339bff9031baeed51512fdaa060f99d30317d"}
{"event": "update_applied", "t": 1791406234.4303398, "generation": 90, "child_sha256": "564aed1461d4e62663585060fc31f73ef1de56dc1b1595b68161875db49bccba", "noop": false, "changed": 484226703, "applied_l2": 4.537639560344067}
{"event": "weights_pruned", "t": 1791406234.4637003, "removed": ["7c3f81abbc6200e1198b396d23acd5e8f4e6332f29b49c7c0cba9247a4ea6544"], "kept": ["67339ed78d4c035829beeff2d418dd22ada90b35dfa8c41f9ae98e67f5ed6821", "d332f02f3c717554dcbd774f3476b7eabc72dc8164313a0ea6bedcee5146ea4e", "564aed1461d4e62663585060fc31f73ef1de56dc1b1595b68161875db49bccba"]}
{"event": "weights_published", "t": 1791406234.463732, "generation": 90, "child_sha256": "564aed1461d4e62663585060fc31f73ef1de56dc1b1595b68161875db49bccba"}
{"event": "generation_done", "t": 1791406234.4637823, "generation": 90, "parent_sha256": "d332f02f3c717554dcbd774f3476b7eabc72dc8164313a0ea6bedcee5146ea4e", "child_sha256": "564aed1461d4e62663585060fc31f73ef1de56dc1b1595b68161875db49bccba", "record_hash": "77793ba7e0a953ca21f1d0a74a1339bff9031baeed51512fdaa060f99d30317d", "mean_reward": 0.8196614583333334, "max_reward": 0.90625, "noop": false, "changed": 484226703, "applied_l2": 4.537639560344067, "requested_l2": 4.536898995739869, "wait_seconds": 72.01227654899412, "record_seconds": 0.0057387280103284866, "update_seconds": 2.4231465229968308, "publish_seconds": 0.0333935999951791, "total_seconds": 74.47455539999646}
{"event": "generation_open", "t": 1791406234.4745593, "generation": 91, "parent_sha256": "564aed1461d4e62663585060fc31f73ef1de56dc1b1595b68161875db49bccba", "candidates": 24}
{"event": "generation_complete", "t": 1791406311.2095182, "generation": 91}
{"event": "update_recorded", "t": 1791406311.2143397, "generation": 91, "record_hash": "02549202c4e604db4d7d121d25ff5738aa80f02a4524539b15dd5dad9d438d67"}
{"event": "update_applied", "t": 1791406313.6269724, "generation": 91, "child_sha256": "f93143f7a2fa563d7dcc88a7ab826b0303f5a58c1232b615a51cdd2e977e39a2", "noop": false, "changed": 484226594, "applied_l2": 4.538099514284496}
{"event": "weights_pruned", "t": 1791406313.6520896, "removed": ["67339ed78d4c035829beeff2d418dd22ada90b35dfa8c41f9ae98e67f5ed6821"], "kept": ["d332f02f3c717554dcbd774f3476b7eabc72dc8164313a0ea6bedcee5146ea4e", "564aed1461d4e62663585060fc31f73ef1de56dc1b1595b68161875db49bccba", "f93143f7a2fa563d7dcc88a7ab826b0303f5a58c1232b615a51cdd2e977e39a2"]}
{"event": "weights_published", "t": 1791406313.6521199, "generation": 91, "child_sha256": "f93143f7a2fa563d7dcc88a7ab826b0303f5a58c1232b615a51cdd2e977e39a2"}
{"event": "generation_done", "t": 1791406313.652167, "generation": 91, "parent_sha256": "564aed1461d4e62663585060fc31f73ef1de56dc1b1595b68161875db49bccba", "child_sha256": "f93143f7a2fa563d7dcc88a7ab826b0303f5a58c1232b615a51cdd2e977e39a2", "record_hash": "02549202c4e604db4d7d121d25ff5738aa80f02a4524539b15dd5dad9d438d67", "mean_reward": 0.8268229166666666, "max_reward": 0.875, "noop": false, "changed": 484226594, "applied_l2": 4.538099514284496, "requested_l2": 4.537355062763523, "wait_seconds": 76.74549329798901, "record_seconds": 0.00498658099968452, "update_seconds": 2.4126644380012294, "publish_seconds": 0.025148934000753798, "total_seconds": 79.18829325099068}
{"event": "generation_open", "t": 1791406313.6660428, "generation": 92, "parent_sha256": "f93143f7a2fa563d7dcc88a7ab826b0303f5a58c1232b615a51cdd2e977e39a2", "candidates": 24}
{"event": "generation_complete", "t": 1791406392.213145, "generation": 92}
{"event": "update_recorded", "t": 1791406392.2256877, "generation": 92, "record_hash": "6049b0326f989cd057fb6c13e6be4de42234a9fac3a4616e15b1f891388167fd"}
{"event": "update_applied", "t": 1791406394.6544213, "generation": 92, "child_sha256": "37dc6e44f74b0cd790daca5fc7cd9ddcc9f49504fdcb6f13a3f7114d7e85cd19", "noop": false, "changed": 484222036, "applied_l2": 4.537739908801844}
{"event": "weights_pruned", "t": 1791406394.6587217, "removed": ["d332f02f3c717554dcbd774f3476b7eabc72dc8164313a0ea6bedcee5146ea4e"], "kept": ["564aed1461d4e62663585060fc31f73ef1de56dc1b1595b68161875db49bccba", "f93143f7a2fa563d7dcc88a7ab826b0303f5a58c1232b615a51cdd2e977e39a2", "37dc6e44f74b0cd790daca5fc7cd9ddcc9f49504fdcb6f13a3f7114d7e85cd19"]}
{"event": "weights_published", "t": 1791406394.6587484, "generation": 92, "child_sha256": "37dc6e44f74b0cd790daca5fc7cd9ddcc9f49504fdcb6f13a3f7114d7e85cd19"}
{"event": "generation_done", "t": 1791406394.6587894, "generation": 92, "parent_sha256": "f93143f7a2fa563d7dcc88a7ab826b0303f5a58c1232b615a51cdd2e977e39a2", "child_sha256": "37dc6e44f74b0cd790daca5fc7cd9ddcc9f49504fdcb6f13a3f7114d7e85cd19", "record_hash": "6049b0326f989cd057fb6c13e6be4de42234a9fac3a4616e15b1f891388167fd", "mean_reward": 0.8359375, "max_reward": 0.890625, "noop": false, "changed": 484222036, "applied_l2": 4.537739908801844, "requested_l2": 4.536998911488581, "wait_seconds": 78.56082150699513, "record_seconds": 0.012626142997760326, "update_seconds": 2.428765172997373, "publish_seconds": 0.004329425006289966, "total_seconds": 81.00654224799655}
{"event": "generation_open", "t": 1791406394.66489, "generation": 93, "parent_sha256": "37dc6e44f74b0cd790daca5fc7cd9ddcc9f49504fdcb6f13a3f7114d7e85cd19", "candidates": 24}
{"event": "generation_complete", "t": 1791406470.5247118, "generation": 93}
{"event": "update_recorded", "t": 1791406470.5754056, "generation": 93, "record_hash": "e0ab42824abf4b6a060079e9ee8b523bcb229105a68ce38b26c30244a6192842"}
{"event": "update_applied", "t": 1791406472.9981027, "generation": 93, "child_sha256": "22009bf77be074b4c4da8ad144d5ab285b0e9a76a11e77d927b693c30c6f4980", "noop": false, "changed": 484217998, "applied_l2": 4.53786086622127}
{"event": "weights_pruned", "t": 1791406473.0253744, "removed": ["564aed1461d4e62663585060fc31f73ef1de56dc1b1595b68161875db49bccba"], "kept": ["f93143f7a2fa563d7dcc88a7ab826b0303f5a58c1232b615a51cdd2e977e39a2", "37dc6e44f74b0cd790daca5fc7cd9ddcc9f49504fdcb6f13a3f7114d7e85cd19", "22009bf77be074b4c4da8ad144d5ab285b0e9a76a11e77d927b693c30c6f4980"]}
{"event": "weights_published", "t": 1791406473.0254025, "generation": 93, "child_sha256": "22009bf77be074b4c4da8ad144d5ab285b0e9a76a11e77d927b693c30c6f4980"}
{"event": "generation_done", "t": 1791406473.0254576, "generation": 93, "parent_sha256": "37dc6e44f74b0cd790daca5fc7cd9ddcc9f49504fdcb6f13a3f7114d7e85cd19", "child_sha256": "22009bf77be074b4c4da8ad144d5ab285b0e9a76a11e77d927b693c30c6f4980", "record_hash": "e0ab42824abf4b6a060079e9ee8b523bcb229105a68ce38b26c30244a6192842", "mean_reward": 0.8190104166666666, "max_reward": 0.90625, "noop": false, "changed": 484217998, "applied_l2": 4.53786086622127, "requested_l2": 4.537116795420322, "wait_seconds": 75.86576499199145, "record_seconds": 0.05076327901042532, "update_seconds": 2.42274567700224, "publish_seconds": 0.027301885987981223, "total_seconds": 78.3665758339921}
{"event": "generation_open", "t": 1791406473.124262, "generation": 94, "parent_sha256": "22009bf77be074b4c4da8ad144d5ab285b0e9a76a11e77d927b693c30c6f4980", "candidates": 24}
{"event": "generation_complete", "t": 1791406548.3903763, "generation": 94}
{"event": "update_recorded", "t": 1791406548.852395, "generation": 94, "record_hash": "1823a43313e215ac69182e1369a7537dabc2fa1d68fcb02eb4fb4def6b6bc9eb"}
{"event": "update_applied", "t": 1791406551.5375183, "generation": 94, "child_sha256": "71fd82b357860122a5c2193e48cdd4e3b4b7b34709c08dc112cabec111a2cf77", "noop": false, "changed": 484222961, "applied_l2": 4.5377162221787195}
{"event": "weights_pruned", "t": 1791406551.898631, "removed": ["f93143f7a2fa563d7dcc88a7ab826b0303f5a58c1232b615a51cdd2e977e39a2"], "kept": ["37dc6e44f74b0cd790daca5fc7cd9ddcc9f49504fdcb6f13a3f7114d7e85cd19", "22009bf77be074b4c4da8ad144d5ab285b0e9a76a11e77d927b693c30c6f4980", "71fd82b357860122a5c2193e48cdd4e3b4b7b34709c08dc112cabec111a2cf77"]}
{"event": "weights_published", "t": 1791406551.8986704, "generation": 94, "child_sha256": "71fd82b357860122a5c2193e48cdd4e3b4b7b34709c08dc112cabec111a2cf77"}
{"event": "generation_done", "t": 1791406551.8987298, "generation": 94, "parent_sha256": "22009bf77be074b4c4da8ad144d5ab285b0e9a76a11e77d927b693c30c6f4980", "child_sha256": "71fd82b357860122a5c2193e48cdd4e3b4b7b34709c08dc112cabec111a2cf77", "record_hash": "1823a43313e215ac69182e1369a7537dabc2fa1d68fcb02eb4fb4def6b6bc9eb", "mean_reward": 0.8307291666666666, "max_reward": 0.90625, "noop": false, "changed": 484222961, "applied_l2": 4.5377162221787195, "requested_l2": 4.5369692489619435, "wait_seconds": 75.36475403199438, "record_seconds": 0.46207085299829487, "update_seconds": 2.685191950004082, "publish_seconds": 0.36115439400600735, "total_seconds": 78.87317122900276}
{"event": "generation_open", "t": 1791406552.0275445, "generation": 95, "parent_sha256": "71fd82b357860122a5c2193e48cdd4e3b4b7b34709c08dc112cabec111a2cf77", "candidates": 24}
{"event": "generation_complete", "t": 1791406624.7817457, "generation": 95}
{"event": "update_recorded", "t": 1791406624.789777, "generation": 95, "record_hash": "307259cad3d788855190d45a2a8af5459b294e216f807265eef7e1ac5771555f"}
{"event": "update_applied", "t": 1791406627.1919012, "generation": 95, "child_sha256": "2af59daeb01a987b63ddc53ea54d1e4c823441ad693d8aaab28670b905aee7dc", "noop": false, "changed": 484215462, "applied_l2": 4.537559820885045}
{"event": "weights_pruned", "t": 1791406627.2173364, "removed": ["37dc6e44f74b0cd790daca5fc7cd9ddcc9f49504fdcb6f13a3f7114d7e85cd19"], "kept": ["22009bf77be074b4c4da8ad144d5ab285b0e9a76a11e77d927b693c30c6f4980", "71fd82b357860122a5c2193e48cdd4e3b4b7b34709c08dc112cabec111a2cf77", "2af59daeb01a987b63ddc53ea54d1e4c823441ad693d8aaab28670b905aee7dc"]}
{"event": "weights_published", "t": 1791406627.2173648, "generation": 95, "child_sha256": "2af59daeb01a987b63ddc53ea54d1e4c823441ad693d8aaab28670b905aee7dc"}
{"event": "generation_done", "t": 1791406627.2174115, "generation": 95, "parent_sha256": "71fd82b357860122a5c2193e48cdd4e3b4b7b34709c08dc112cabec111a2cf77", "child_sha256": "2af59daeb01a987b63ddc53ea54d1e4c823441ad693d8aaab28670b905aee7dc", "record_hash": "307259cad3d788855190d45a2a8af5459b294e216f807265eef7e1ac5771555f", "mean_reward": 0.8411458333333334, "max_reward": 0.90625, "noop": false, "changed": 484215462, "applied_l2": 4.537559820885045, "requested_l2": 4.536825233845472, "wait_seconds": 72.88284477499838, "record_seconds": 0.008123320993036032, "update_seconds": 2.4021557600062806, "publish_seconds": 0.02546528600214515, "total_seconds": 75.31858914199984}
{"event": "generation_open", "t": 1791406627.2386327, "generation": 96, "parent_sha256": "2af59daeb01a987b63ddc53ea54d1e4c823441ad693d8aaab28670b905aee7dc", "candidates": 24}
{"event": "generation_complete", "t": 1791406696.3313322, "generation": 96}
{"event": "update_recorded", "t": 1791406696.3444715, "generation": 96, "record_hash": "eeb7a10a1d65bb91f7cf9bfd540ae3516a0ce44cf9b2c7b774ffec7707f3e180"}
{"event": "update_applied", "t": 1791406698.716787, "generation": 96, "child_sha256": "6f33ed22c7f5700f9de402d687d421f80d891cc3dcfdb82261044bbe775cbd38", "noop": false, "changed": 484221348, "applied_l2": 4.537658393745841}
{"event": "weights_pruned", "t": 1791406698.7404702, "removed": ["22009bf77be074b4c4da8ad144d5ab285b0e9a76a11e77d927b693c30c6f4980"], "kept": ["71fd82b357860122a5c2193e48cdd4e3b4b7b34709c08dc112cabec111a2cf77", "2af59daeb01a987b63ddc53ea54d1e4c823441ad693d8aaab28670b905aee7dc", "6f33ed22c7f5700f9de402d687d421f80d891cc3dcfdb82261044bbe775cbd38"]}
{"event": "weights_published", "t": 1791406698.7405002, "generation": 96, "child_sha256": "6f33ed22c7f5700f9de402d687d421f80d891cc3dcfdb82261044bbe775cbd38"}
{"event": "generation_done", "t": 1791406698.7405486, "generation": 96, "parent_sha256": "2af59daeb01a987b63ddc53ea54d1e4c823441ad693d8aaab28670b905aee7dc", "child_sha256": "6f33ed22c7f5700f9de402d687d421f80d891cc3dcfdb82261044bbe775cbd38", "record_hash": "eeb7a10a1d65bb91f7cf9bfd540ae3516a0ce44cf9b2c7b774ffec7707f3e180", "mean_reward": 0.8385416666666666, "max_reward": 0.890625, "noop": false, "changed": 484221348, "applied_l2": 4.537658393745841, "requested_l2": 4.5369140117682445, "wait_seconds": 69.11375838601089, "record_seconds": 0.013215144994319417, "update_seconds": 2.372348613993381, "publish_seconds": 0.023722229001577944, "total_seconds": 71.52304437400016}
{"event": "generation_open", "t": 1791406698.8064694, "generation": 97, "parent_sha256": "6f33ed22c7f5700f9de402d687d421f80d891cc3dcfdb82261044bbe775cbd38", "candidates": 24}
{"event": "generation_complete", "t": 1791406770.7793818, "generation": 97}
{"event": "update_recorded", "t": 1791406770.7866497, "generation": 97, "record_hash": "80e4e9f96ddbfe799c4f4ee470167617eb0ae2e38aaa55253039aeb930f5054f"}
{"event": "update_applied", "t": 1791406773.1550384, "generation": 97, "child_sha256": "1bb9383e89f7394e02b2b0cef1754178cca30788a5425e95f8fc12abc1c196d9", "noop": false, "changed": 484219701, "applied_l2": 4.537849986493188}
{"event": "weights_pruned", "t": 1791406773.1601868, "removed": ["71fd82b357860122a5c2193e48cdd4e3b4b7b34709c08dc112cabec111a2cf77"], "kept": ["2af59daeb01a987b63ddc53ea54d1e4c823441ad693d8aaab28670b905aee7dc", "6f33ed22c7f5700f9de402d687d421f80d891cc3dcfdb82261044bbe775cbd38", "1bb9383e89f7394e02b2b0cef1754178cca30788a5425e95f8fc12abc1c196d9"]}
{"event": "weights_published", "t": 1791406773.160208, "generation": 97, "child_sha256": "1bb9383e89f7394e02b2b0cef1754178cca30788a5425e95f8fc12abc1c196d9"}
{"event": "generation_done", "t": 1791406773.1602547, "generation": 97, "parent_sha256": "6f33ed22c7f5700f9de402d687d421f80d891cc3dcfdb82261044bbe775cbd38", "child_sha256": "1bb9383e89f7394e02b2b0cef1754178cca30788a5425e95f8fc12abc1c196d9", "record_hash": "80e4e9f96ddbfe799c4f4ee470167617eb0ae2e38aaa55253039aeb930f5054f", "mean_reward": 0.830078125, "max_reward": 0.90625, "noop": false, "changed": 484219701, "applied_l2": 4.537849986493188, "requested_l2": 4.537104913152731, "wait_seconds": 72.03867169399746, "record_seconds": 0.007353926994255744, "update_seconds": 2.368421068007592, "publish_seconds": 0.005171589000383392, "total_seconds": 74.41961827799969}
{"event": "generation_open", "t": 1791406773.166308, "generation": 98, "parent_sha256": "1bb9383e89f7394e02b2b0cef1754178cca30788a5425e95f8fc12abc1c196d9", "candidates": 24}
{"event": "generation_complete", "t": 1791406846.036027, "generation": 98}
{"event": "update_recorded", "t": 1791406846.0446162, "generation": 98, "record_hash": "def8e35915ad8dd3146acdc5904cb518f8fdd4ebf6f31ff81d99b3955204466f"}
{"event": "update_applied", "t": 1791406848.4539623, "generation": 98, "child_sha256": "34d07de2d92a87848843f0ebb967e4b83af3a5fd10b90dff42ac65c5a3883dd7", "noop": false, "changed": 484220269, "applied_l2": 4.537833666608452}
{"event": "weights_pruned", "t": 1791406848.4757726, "removed": ["2af59daeb01a987b63ddc53ea54d1e4c823441ad693d8aaab28670b905aee7dc"], "kept": ["6f33ed22c7f5700f9de402d687d421f80d891cc3dcfdb82261044bbe775cbd38", "1bb9383e89f7394e02b2b0cef1754178cca30788a5425e95f8fc12abc1c196d9", "34d07de2d92a87848843f0ebb967e4b83af3a5fd10b90dff42ac65c5a3883dd7"]}
{"event": "weights_published", "t": 1791406848.4757996, "generation": 98, "child_sha256": "34d07de2d92a87848843f0ebb967e4b83af3a5fd10b90dff42ac65c5a3883dd7"}
{"event": "generation_done", "t": 1791406848.4758446, "generation": 98, "parent_sha256": "1bb9383e89f7394e02b2b0cef1754178cca30788a5425e95f8fc12abc1c196d9", "child_sha256": "34d07de2d92a87848843f0ebb967e4b83af3a5fd10b90dff42ac65c5a3883dd7", "record_hash": "def8e35915ad8dd3146acdc5904cb518f8fdd4ebf6f31ff81d99b3955204466f", "mean_reward": 0.8248697916666666, "max_reward": 0.921875, "noop": false, "changed": 484220269, "applied_l2": 4.537833666608452, "requested_l2": 4.537090883472631, "wait_seconds": 72.87560422600654, "record_seconds": 0.008677391000674106, "update_seconds": 2.4093769589962903, "publish_seconds": 0.0218395209958544, "total_seconds": 75.31549809699936}
{"event": "generation_open", "t": 1791406848.4811702, "generation": 99, "parent_sha256": "34d07de2d92a87848843f0ebb967e4b83af3a5fd10b90dff42ac65c5a3883dd7", "candidates": 24}
{"event": "generation_complete", "t": 1791406921.9188356, "generation": 99}
{"event": "update_recorded", "t": 1791406921.9399543, "generation": 99, "record_hash": "b5c54d82dc3ee73ecb4b2428e6d3441430e1d6b2d596914079555d322a5d58ba"}
{"event": "update_applied", "t": 1791406924.357413, "generation": 99, "child_sha256": "5aabc231cda279b1a4a3c358d4df02117235f87e93c1633e3dde7e733890889c", "noop": false, "changed": 484216250, "applied_l2": 4.537862567451656}
{"event": "weights_pruned", "t": 1791406924.3836076, "removed": ["6f33ed22c7f5700f9de402d687d421f80d891cc3dcfdb82261044bbe775cbd38"], "kept": ["1bb9383e89f7394e02b2b0cef1754178cca30788a5425e95f8fc12abc1c196d9", "34d07de2d92a87848843f0ebb967e4b83af3a5fd10b90dff42ac65c5a3883dd7", "5aabc231cda279b1a4a3c358d4df02117235f87e93c1633e3dde7e733890889c"]}
{"event": "weights_published", "t": 1791406924.3836422, "generation": 99, "child_sha256": "5aabc231cda279b1a4a3c358d4df02117235f87e93c1633e3dde7e733890889c"}
{"event": "generation_done", "t": 1791406924.3836904, "generation": 99, "parent_sha256": "34d07de2d92a87848843f0ebb967e4b83af3a5fd10b90dff42ac65c5a3883dd7", "child_sha256": "5aabc231cda279b1a4a3c358d4df02117235f87e93c1633e3dde7e733890889c", "record_hash": "b5c54d82dc3ee73ecb4b2428e6d3441430e1d6b2d596914079555d322a5d58ba", "mean_reward": 0.841796875, "max_reward": 0.953125, "noop": false, "changed": 484216250, "applied_l2": 4.537862567451656, "requested_l2": 4.537121854339916, "wait_seconds": 73.4427588910039, "record_seconds": 0.021278749001794495, "update_seconds": 2.4174901520018466, "publish_seconds": 0.026230477000353858, "total_seconds": 75.9077582690079}
wrote artifacts/experiments/2026-10-07-learning-runtime/runB/coordinator/summary.json: ok
