Loading weights:   0%|          | 0/290 [00:00<?, ?it/s]Loading weights: 100%|██████████| 290/290 [00:00<00:00, 7153.47it/s]
{"event": "coordinator_start", "t": 1791386725.3026016, "environment": {"hostname": "5070ti", "platform": "Linux-7.0.0-38-generic-x86_64-with-glibc2.43", "python": "3.12.14", "torch": "2.13.0+cu132", "torch_cuda": "13.2", "numpy": "2.5.3", "transformers": "5.17.0", "device": "cuda", "gpu_name": "NVIDIA GeForce RTX 5070 Ti", "gpu_capability": [12, 0], "gpu_total_memory_bytes": 16611278848, "nvidia_driver": "595.91.07"}, "code": {"git_commit": "7e04b3bdee348f0b7691611ac69d6891dd3aad62", "git_dirty": true}, "args": {"model_path": "/home/pc5070ti/.cache/huggingface/hub/models--Qwen--Qwen2.5-0.5B-Instruct/snapshots/7ae557604adf67be50417f59c2c2f167def9a775", "out_dir": "artifacts/experiments/2026-10-07-learning-runtime/runA/coordinator", "weights_dir": "/home/pc5070ti/.cache/heteroes/learn-scratch/lrtA/published", "experiment_id": "lrtA", "candidates": 24, "generations": 100, "alpha": 0.001, "sigma": 0.001, "chunk_elements": null, "noise_engine": "cuda", "workload": "cot_l3_q64", "eval_dtype": "float32", "policy": "tail", "speed_prior": ["worker-1660s=19.19567544400372", "worker-5070ti=4.528053429003631", "worker-5070ti-2=4.528053429003631"], "tail_margin": 1.0, "quota": [], "admit": null, "wave_size": 2, "lease_seconds": 60.0, "stall_seconds": null, "resume": false, "allow_unauthenticated": true, "noise_threads": null, "max_attempts": 3, "failed_grace_seconds": 60.0, "timeout_seconds": 1200.0, "linger_seconds": 10.0, "host": "10.10.10.1", "port": 8765, "token_env": "HETEROES_TOKEN", "device": null}, "recipe_hash": "29ce8461e50acb035b92251d5d956ef71fa54af2f2602dd812c67ee7b5d66fa9", "recipe": {"manifest_version": 1, "model": {"id": "Qwen/Qwen2.5-0.5B-Instruct", "revision": "7ae557604adf67be50417f59c2c2f167def9a775", "tokenizer_revision": "7ae557604adf67be50417f59c2c2f167def9a775", "dtype": "torch.float16", "schema_hash": "0b21250e331398a266785dc473da3a8b8f5e8f98fa15e9044637d742eb7845ec"}, "noise": {"engine_version": "torch_cuda_philox_chunked_f32_to_f16_v1", "chunk_elements": 22528, "fingerprint": "9492a49ab70efe98e2b710e9a9e927f54be658489eae4b549c0cbf7340b9ffaf"}, "perturbation": {"sigma": 0.001, "sigma_float32": 0.0010000000474974513}, "update": {"epsilon": "canonical_fp16_upcast_fp32", "accumulation_dtype": "float32", "reward_standardization": "population_std_float64_zero_below_eta", "candidate_order": "listed_order", "reward_eta": 1e-09}, "workload": {"hash": "9049518d5d51ccfffe2687cc2fa4b731f03590b7e2a2a78de71c5952aa4adc35", "generation_config_sha256": "b55cff86f578c8340c5d24f380d97989b021618b79a30df0a802c0362b7a0346", "eval_dtype": "float32", "name": "cot_l3_q64"}}, "noise_selftest_seconds": 0.007915898000646848, "engine_selftest_seconds": 0.015306377994420473}
{"event": "listening", "t": 1791386725.8574433, "url": "http://10.10.10.1:8765", "initial_weights_sha256": "c9118c8a4903c0a84700deeaf7b1929c354dfcf6d6805c08d9afb22cfd5d22c7"}
{"event": "generation_open", "t": 1791386726.500435, "generation": 0, "parent_sha256": "c9118c8a4903c0a84700deeaf7b1929c354dfcf6d6805c08d9afb22cfd5d22c7", "candidates": 24}
{"event": "generation_complete", "t": 1791386813.9011774, "generation": 0}
{"event": "update_recorded", "t": 1791386813.9087172, "generation": 0, "record_hash": "73404083c75db3802306206a5968e196457801fdcda71b54086c7751ade69e9a"}
{"event": "update_applied", "t": 1791386816.3512158, "generation": 0, "child_sha256": "106b91ea7c485a17e167e8cf617ea7db003a3fe23c29e9738cb937411da276e6", "noop": false, "changed": 484292787, "applied_l2": 4.5376285728185035}
{"event": "weights_published", "t": 1791386816.356875, "generation": 0, "child_sha256": "106b91ea7c485a17e167e8cf617ea7db003a3fe23c29e9738cb937411da276e6"}
{"event": "generation_done", "t": 1791386816.3569577, "generation": 0, "parent_sha256": "c9118c8a4903c0a84700deeaf7b1929c354dfcf6d6805c08d9afb22cfd5d22c7", "child_sha256": "106b91ea7c485a17e167e8cf617ea7db003a3fe23c29e9738cb937411da276e6", "record_hash": "73404083c75db3802306206a5968e196457801fdcda71b54086c7751ade69e9a", "mean_reward": 0.6334635416666666, "max_reward": 0.8125, "noop": false, "changed": 484292787, "applied_l2": 4.5376285728185035, "requested_l2": 4.536895382063806, "wait_seconds": 88.04351489999681, "record_seconds": 0.007624028003192507, "update_seconds": 2.4425312019957346, "publish_seconds": 0.005660507005813997, "total_seconds": 90.49933063700155}
{"event": "generation_open", "t": 1791386816.3632598, "generation": 1, "parent_sha256": "106b91ea7c485a17e167e8cf617ea7db003a3fe23c29e9738cb937411da276e6", "candidates": 24}
{"event": "generation_complete", "t": 1791386902.0049727, "generation": 1}
{"event": "update_recorded", "t": 1791386902.013047, "generation": 1, "record_hash": "395733b963ab9b62c3488dfce2841c672c0722a4ea338c1f513821cf9d924de7"}
{"event": "update_applied", "t": 1791386904.394426, "generation": 1, "child_sha256": "83fe5d35d38e1b3805abe1abbc5698d2d2d58e7f2523873ed2d7c834dfbbd640", "noop": false, "changed": 484286243, "applied_l2": 4.5376345596804475}
{"event": "weights_published", "t": 1791386904.3960426, "generation": 1, "child_sha256": "83fe5d35d38e1b3805abe1abbc5698d2d2d58e7f2523873ed2d7c834dfbbd640"}
{"event": "generation_done", "t": 1791386904.396091, "generation": 1, "parent_sha256": "106b91ea7c485a17e167e8cf617ea7db003a3fe23c29e9738cb937411da276e6", "child_sha256": "83fe5d35d38e1b3805abe1abbc5698d2d2d58e7f2523873ed2d7c834dfbbd640", "record_hash": "395733b963ab9b62c3488dfce2841c672c0722a4ea338c1f513821cf9d924de7", "mean_reward": 0.6744791666666666, "max_reward": 0.78125, "noop": false, "changed": 484286243, "applied_l2": 4.5376345596804475, "requested_l2": 4.536898771724448, "wait_seconds": 85.64782936200208, "record_seconds": 0.008180912998795975, "update_seconds": 2.3814130350001506, "publish_seconds": 0.0016181800019694492, "total_seconds": 88.039041490003}
{"event": "generation_open", "t": 1791386904.3983283, "generation": 2, "parent_sha256": "83fe5d35d38e1b3805abe1abbc5698d2d2d58e7f2523873ed2d7c834dfbbd640", "candidates": 24}
{"event": "generation_complete", "t": 1791386993.6468918, "generation": 2}
{"event": "update_recorded", "t": 1791386993.6549637, "generation": 2, "record_hash": "1a5f346bcb3f967239a01c94a06bff59a2ef16c396cdc313bef40392641cd488"}
{"event": "update_applied", "t": 1791386996.2121902, "generation": 2, "child_sha256": "1f08dea46d50b189cdb6aa786adf14a6a4dda651de96da8be096e2e0cfb92439", "noop": false, "changed": 484288401, "applied_l2": 4.538096302339642}
{"event": "weights_pruned", "t": 1791386996.2138717, "removed": ["c9118c8a4903c0a84700deeaf7b1929c354dfcf6d6805c08d9afb22cfd5d22c7"], "kept": ["106b91ea7c485a17e167e8cf617ea7db003a3fe23c29e9738cb937411da276e6", "83fe5d35d38e1b3805abe1abbc5698d2d2d58e7f2523873ed2d7c834dfbbd640", "1f08dea46d50b189cdb6aa786adf14a6a4dda651de96da8be096e2e0cfb92439"]}
{"event": "weights_published", "t": 1791386996.21389, "generation": 2, "child_sha256": "1f08dea46d50b189cdb6aa786adf14a6a4dda651de96da8be096e2e0cfb92439"}
{"event": "generation_done", "t": 1791386996.2139337, "generation": 2, "parent_sha256": "83fe5d35d38e1b3805abe1abbc5698d2d2d58e7f2523873ed2d7c834dfbbd640", "child_sha256": "1f08dea46d50b189cdb6aa786adf14a6a4dda651de96da8be096e2e0cfb92439", "record_hash": "1a5f346bcb3f967239a01c94a06bff59a2ef16c396cdc313bef40392641cd488", "mean_reward": 0.6640625, "max_reward": 0.78125, "noop": false, "changed": 484288401, "applied_l2": 4.538096302339642, "requested_l2": 4.537365682463689, "wait_seconds": 89.25064659100462, "record_seconds": 0.008155477000400424, "update_seconds": 2.5572573649988044, "publish_seconds": 0.0017017319987644441, "total_seconds": 91.8177611650026}
{"event": "generation_open", "t": 1791386996.2162883, "generation": 3, "parent_sha256": "1f08dea46d50b189cdb6aa786adf14a6a4dda651de96da8be096e2e0cfb92439", "candidates": 24}
{"event": "generation_complete", "t": 1791387086.8773904, "generation": 3}
{"event": "update_recorded", "t": 1791387086.8856237, "generation": 3, "record_hash": "3fd469bd9ef913ba9345c4e429c27103be879dc7eafa7bee3a735158cc8417f9"}
{"event": "update_applied", "t": 1791387089.2477717, "generation": 3, "child_sha256": "56abb7fbb023ac7cc7b7fa12367eb645a125315b9036e896e84a1b7fd9c817c9", "noop": false, "changed": 484283035, "applied_l2": 4.53774309447136}
{"event": "weights_pruned", "t": 1791387089.2675045, "removed": ["106b91ea7c485a17e167e8cf617ea7db003a3fe23c29e9738cb937411da276e6"], "kept": ["83fe5d35d38e1b3805abe1abbc5698d2d2d58e7f2523873ed2d7c834dfbbd640", "1f08dea46d50b189cdb6aa786adf14a6a4dda651de96da8be096e2e0cfb92439", "56abb7fbb023ac7cc7b7fa12367eb645a125315b9036e896e84a1b7fd9c817c9"]}
{"event": "weights_published", "t": 1791387089.2675326, "generation": 3, "child_sha256": "56abb7fbb023ac7cc7b7fa12367eb645a125315b9036e896e84a1b7fd9c817c9"}
{"event": "generation_done", "t": 1791387089.267579, "generation": 3, "parent_sha256": "1f08dea46d50b189cdb6aa786adf14a6a4dda651de96da8be096e2e0cfb92439", "child_sha256": "56abb7fbb023ac7cc7b7fa12367eb645a125315b9036e896e84a1b7fd9c817c9", "record_hash": "3fd469bd9ef913ba9345c4e429c27103be879dc7eafa7bee3a735158cc8417f9", "mean_reward": 0.7220052083333334, "max_reward": 0.796875, "noop": false, "changed": 484283035, "applied_l2": 4.53774309447136, "requested_l2": 4.537013954495238, "wait_seconds": 90.66330905899667, "record_seconds": 0.008311876001243945, "update_seconds": 2.3621798910025973, "publish_seconds": 0.019762793999689166, "total_seconds": 93.0535636200002}
{"event": "generation_open", "t": 1791387089.2707646, "generation": 4, "parent_sha256": "56abb7fbb023ac7cc7b7fa12367eb645a125315b9036e896e84a1b7fd9c817c9", "candidates": 24}
{"event": "generation_complete", "t": 1791387175.9416316, "generation": 4}
{"event": "update_recorded", "t": 1791387175.9467685, "generation": 4, "record_hash": "2bd2a2f77890661e1a56eebe3d3903e4c2428c2aaff20108232d7d60bb62071d"}
{"event": "update_applied", "t": 1791387178.313418, "generation": 4, "child_sha256": "48296739d4ff0eff1c38836d49eef7844cd452127ed4196dc494207658f0d513", "noop": false, "changed": 484282977, "applied_l2": 4.537694596111628}
{"event": "weights_pruned", "t": 1791387178.3326263, "removed": ["83fe5d35d38e1b3805abe1abbc5698d2d2d58e7f2523873ed2d7c834dfbbd640"], "kept": ["1f08dea46d50b189cdb6aa786adf14a6a4dda651de96da8be096e2e0cfb92439", "56abb7fbb023ac7cc7b7fa12367eb645a125315b9036e896e84a1b7fd9c817c9", "48296739d4ff0eff1c38836d49eef7844cd452127ed4196dc494207658f0d513"]}
{"event": "weights_published", "t": 1791387178.3326533, "generation": 4, "child_sha256": "48296739d4ff0eff1c38836d49eef7844cd452127ed4196dc494207658f0d513"}
{"event": "generation_done", "t": 1791387178.3326957, "generation": 4, "parent_sha256": "56abb7fbb023ac7cc7b7fa12367eb645a125315b9036e896e84a1b7fd9c817c9", "child_sha256": "48296739d4ff0eff1c38836d49eef7844cd452127ed4196dc494207658f0d513", "record_hash": "2bd2a2f77890661e1a56eebe3d3903e4c2428c2aaff20108232d7d60bb62071d", "mean_reward": 0.703125, "max_reward": 0.90625, "noop": false, "changed": 484282977, "applied_l2": 4.537694596111628, "requested_l2": 4.536968369695253, "wait_seconds": 86.67382500499662, "record_seconds": 0.005289906002872158, "update_seconds": 2.3666828509958577, "publish_seconds": 0.01923680500476621, "total_seconds": 89.06503456700011}
{"event": "generation_open", "t": 1791387178.3362195, "generation": 5, "parent_sha256": "48296739d4ff0eff1c38836d49eef7844cd452127ed4196dc494207658f0d513", "candidates": 24}
{"event": "generation_complete", "t": 1791387258.8479912, "generation": 5}
{"event": "update_recorded", "t": 1791387258.8524046, "generation": 5, "record_hash": "0d1a6ae491fbd30ee2ab61151d64d68db3dd91c7030327fe9a8a9462aa32020b"}
{"event": "update_applied", "t": 1791387261.2212143, "generation": 5, "child_sha256": "738f710c61a6e5837ab978e907224b5b383170e75d3c1a6e048ff0516f19d168", "noop": false, "changed": 484279573, "applied_l2": 4.537891627896732}
{"event": "weights_pruned", "t": 1791387261.2408736, "removed": ["1f08dea46d50b189cdb6aa786adf14a6a4dda651de96da8be096e2e0cfb92439"], "kept": ["56abb7fbb023ac7cc7b7fa12367eb645a125315b9036e896e84a1b7fd9c817c9", "48296739d4ff0eff1c38836d49eef7844cd452127ed4196dc494207658f0d513", "738f710c61a6e5837ab978e907224b5b383170e75d3c1a6e048ff0516f19d168"]}
{"event": "weights_published", "t": 1791387261.2409093, "generation": 5, "child_sha256": "738f710c61a6e5837ab978e907224b5b383170e75d3c1a6e048ff0516f19d168"}
{"event": "generation_done", "t": 1791387261.240956, "generation": 5, "parent_sha256": "48296739d4ff0eff1c38836d49eef7844cd452127ed4196dc494207658f0d513", "child_sha256": "738f710c61a6e5837ab978e907224b5b383170e75d3c1a6e048ff0516f19d168", "record_hash": "0d1a6ae491fbd30ee2ab61151d64d68db3dd91c7030327fe9a8a9462aa32020b", "mean_reward": 0.6881510416666666, "max_reward": 0.796875, "noop": false, "changed": 484279573, "applied_l2": 4.537891627896732, "requested_l2": 4.537156945064148, "wait_seconds": 80.51514167700225, "record_seconds": 0.004495900997426361, "update_seconds": 2.3688433279967285, "publish_seconds": 0.0196964620045037, "total_seconds": 82.9081773680009}
{"event": "generation_open", "t": 1791387261.2442634, "generation": 6, "parent_sha256": "738f710c61a6e5837ab978e907224b5b383170e75d3c1a6e048ff0516f19d168", "candidates": 24}
{"event": "generation_complete", "t": 1791387349.189323, "generation": 6}
{"event": "update_recorded", "t": 1791387349.194232, "generation": 6, "record_hash": "6c1cef594fb18174d039798a9c0a28b1d7cb283504f81d9285f2e111ffdcbb7f"}
{"event": "update_applied", "t": 1791387351.587576, "generation": 6, "child_sha256": "1d7058a1f7db03470c77a627eec3849f51248e005869c5fd5933563b2ce6073f", "noop": false, "changed": 484276446, "applied_l2": 4.537772962089799}
{"event": "weights_pruned", "t": 1791387351.6052244, "removed": ["56abb7fbb023ac7cc7b7fa12367eb645a125315b9036e896e84a1b7fd9c817c9"], "kept": ["48296739d4ff0eff1c38836d49eef7844cd452127ed4196dc494207658f0d513", "738f710c61a6e5837ab978e907224b5b383170e75d3c1a6e048ff0516f19d168", "1d7058a1f7db03470c77a627eec3849f51248e005869c5fd5933563b2ce6073f"]}
{"event": "weights_published", "t": 1791387351.6052523, "generation": 6, "child_sha256": "1d7058a1f7db03470c77a627eec3849f51248e005869c5fd5933563b2ce6073f"}
{"event": "generation_done", "t": 1791387351.6052961, "generation": 6, "parent_sha256": "738f710c61a6e5837ab978e907224b5b383170e75d3c1a6e048ff0516f19d168", "child_sha256": "1d7058a1f7db03470c77a627eec3849f51248e005869c5fd5933563b2ce6073f", "record_hash": "6c1cef594fb18174d039798a9c0a28b1d7cb283504f81d9285f2e111ffdcbb7f", "mean_reward": 0.7037760416666666, "max_reward": 0.828125, "noop": false, "changed": 484276446, "applied_l2": 4.537772962089799, "requested_l2": 4.537033973224838, "wait_seconds": 87.94821036299982, "record_seconds": 0.004995145995053463, "update_seconds": 2.3933753490055096, "publish_seconds": 0.017678418997093104, "total_seconds": 90.36425927699747}
{"event": "generation_open", "t": 1791387351.6096337, "generation": 7, "parent_sha256": "1d7058a1f7db03470c77a627eec3849f51248e005869c5fd5933563b2ce6073f", "candidates": 24}
{"event": "generation_complete", "t": 1791387448.4049702, "generation": 7}
{"event": "update_recorded", "t": 1791387448.4130871, "generation": 7, "record_hash": "fde21b5b52ff0cd2c11f050b2cd8c4591736a17cd485a95b3150f2af8bd524f0"}
{"event": "update_applied", "t": 1791387450.7946448, "generation": 7, "child_sha256": "c19f14fb19ba66c319de5264b80d0c3afa388549ca2c049aaad81ca2f0c2d713", "noop": false, "changed": 484276729, "applied_l2": 4.53757068296305}
{"event": "weights_pruned", "t": 1791387450.7969716, "removed": ["48296739d4ff0eff1c38836d49eef7844cd452127ed4196dc494207658f0d513"], "kept": ["738f710c61a6e5837ab978e907224b5b383170e75d3c1a6e048ff0516f19d168", "1d7058a1f7db03470c77a627eec3849f51248e005869c5fd5933563b2ce6073f", "c19f14fb19ba66c319de5264b80d0c3afa388549ca2c049aaad81ca2f0c2d713"]}
{"event": "weights_published", "t": 1791387450.796995, "generation": 7, "child_sha256": "c19f14fb19ba66c319de5264b80d0c3afa388549ca2c049aaad81ca2f0c2d713"}
{"event": "generation_done", "t": 1791387450.7970357, "generation": 7, "parent_sha256": "1d7058a1f7db03470c77a627eec3849f51248e005869c5fd5933563b2ce6073f", "child_sha256": "c19f14fb19ba66c319de5264b80d0c3afa388549ca2c049aaad81ca2f0c2d713", "record_hash": "fde21b5b52ff0cd2c11f050b2cd8c4591736a17cd485a95b3150f2af8bd524f0", "mean_reward": 0.6803385416666666, "max_reward": 0.84375, "noop": false, "changed": 484276729, "applied_l2": 4.53757068296305, "requested_l2": 4.5368342520421, "wait_seconds": 96.79944073299703, "record_seconds": 0.008274068997707218, "update_seconds": 2.3815818420043797, "publish_seconds": 0.0023598939951625653, "total_seconds": 99.19165653799428}
{"event": "generation_open", "t": 1791387450.7995043, "generation": 8, "parent_sha256": "c19f14fb19ba66c319de5264b80d0c3afa388549ca2c049aaad81ca2f0c2d713", "candidates": 24}
{"event": "generation_complete", "t": 1791387538.3924878, "generation": 8}
{"event": "update_recorded", "t": 1791387538.399828, "generation": 8, "record_hash": "2f9dcde7c840ac64dd168162b2dfb864e83a1152a7af0a5a83ff5c090ecb2ca5"}
{"event": "update_applied", "t": 1791387540.7610297, "generation": 8, "child_sha256": "9d7ab93ce6918e8be90a830cb8f7c038b13684c4998081eaf3236c153901c0e1", "noop": false, "changed": 484279970, "applied_l2": 4.53798626742351}
{"event": "weights_pruned", "t": 1791387540.7811894, "removed": ["738f710c61a6e5837ab978e907224b5b383170e75d3c1a6e048ff0516f19d168"], "kept": ["1d7058a1f7db03470c77a627eec3849f51248e005869c5fd5933563b2ce6073f", "c19f14fb19ba66c319de5264b80d0c3afa388549ca2c049aaad81ca2f0c2d713", "9d7ab93ce6918e8be90a830cb8f7c038b13684c4998081eaf3236c153901c0e1"]}
{"event": "weights_published", "t": 1791387540.781216, "generation": 8, "child_sha256": "9d7ab93ce6918e8be90a830cb8f7c038b13684c4998081eaf3236c153901c0e1"}
{"event": "generation_done", "t": 1791387540.7812595, "generation": 8, "parent_sha256": "c19f14fb19ba66c319de5264b80d0c3afa388549ca2c049aaad81ca2f0c2d713", "child_sha256": "9d7ab93ce6918e8be90a830cb8f7c038b13684c4998081eaf3236c153901c0e1", "record_hash": "2f9dcde7c840ac64dd168162b2dfb864e83a1152a7af0a5a83ff5c090ecb2ca5", "mean_reward": 0.6959635416666666, "max_reward": 0.828125, "noop": false, "changed": 484279970, "applied_l2": 4.53798626742351, "requested_l2": 4.537256021923532, "wait_seconds": 87.59529435200238, "record_seconds": 0.00742442200134974, "update_seconds": 2.3612334489953355, "publish_seconds": 0.020188050002616365, "total_seconds": 89.98414027300169}
{"event": "generation_open", "t": 1791387540.784302, "generation": 9, "parent_sha256": "9d7ab93ce6918e8be90a830cb8f7c038b13684c4998081eaf3236c153901c0e1", "candidates": 24}
{"event": "generation_complete", "t": 1791387628.3584285, "generation": 9}
{"event": "update_recorded", "t": 1791387628.3631308, "generation": 9, "record_hash": "dc0d37fdb6429601fbcd67006d9d0d92979aac8c454b65abfb3d318e6f4be3f7"}
{"event": "update_applied", "t": 1791387630.733909, "generation": 9, "child_sha256": "86e3ec22295fcf97532b49518eca76b3ba63b2d81a495018f668c9279a3eca3a", "noop": false, "changed": 484277560, "applied_l2": 4.537818670943794}
{"event": "weights_pruned", "t": 1791387630.7539053, "removed": ["1d7058a1f7db03470c77a627eec3849f51248e005869c5fd5933563b2ce6073f"], "kept": ["c19f14fb19ba66c319de5264b80d0c3afa388549ca2c049aaad81ca2f0c2d713", "9d7ab93ce6918e8be90a830cb8f7c038b13684c4998081eaf3236c153901c0e1", "86e3ec22295fcf97532b49518eca76b3ba63b2d81a495018f668c9279a3eca3a"]}
{"event": "weights_published", "t": 1791387630.753931, "generation": 9, "child_sha256": "86e3ec22295fcf97532b49518eca76b3ba63b2d81a495018f668c9279a3eca3a"}
{"event": "generation_done", "t": 1791387630.75398, "generation": 9, "parent_sha256": "9d7ab93ce6918e8be90a830cb8f7c038b13684c4998081eaf3236c153901c0e1", "child_sha256": "86e3ec22295fcf97532b49518eca76b3ba63b2d81a495018f668c9279a3eca3a", "record_hash": "dc0d37fdb6429601fbcd67006d9d0d92979aac8c454b65abfb3d318e6f4be3f7", "mean_reward": 0.7063802083333334, "max_reward": 0.84375, "noop": false, "changed": 484277560, "applied_l2": 4.537818670943794, "requested_l2": 4.537084579914185, "wait_seconds": 87.57694120900123, "record_seconds": 0.004848460994253401, "update_seconds": 2.370819981006207, "publish_seconds": 0.02002389099652646, "total_seconds": 89.97263354199822}
{"event": "generation_open", "t": 1791387630.7572305, "generation": 10, "parent_sha256": "86e3ec22295fcf97532b49518eca76b3ba63b2d81a495018f668c9279a3eca3a", "candidates": 24}
{"event": "generation_complete", "t": 1791387719.9693596, "generation": 10}
{"event": "update_recorded", "t": 1791387719.9742777, "generation": 10, "record_hash": "879fbb64bf07fd8102327a9a4c3715655f9d11f3935cffb0506da3b87c5e6c62"}
{"event": "update_applied", "t": 1791387722.3488052, "generation": 10, "child_sha256": "9baf7b59346a3ea341ced783f602e17faf631990a92da84d5679b377923ee247", "noop": false, "changed": 484281149, "applied_l2": 4.537811881085955}
{"event": "weights_pruned", "t": 1791387722.3683226, "removed": ["c19f14fb19ba66c319de5264b80d0c3afa388549ca2c049aaad81ca2f0c2d713"], "kept": ["9d7ab93ce6918e8be90a830cb8f7c038b13684c4998081eaf3236c153901c0e1", "86e3ec22295fcf97532b49518eca76b3ba63b2d81a495018f668c9279a3eca3a", "9baf7b59346a3ea341ced783f602e17faf631990a92da84d5679b377923ee247"]}
{"event": "weights_published", "t": 1791387722.368347, "generation": 10, "child_sha256": "9baf7b59346a3ea341ced783f602e17faf631990a92da84d5679b377923ee247"}
{"event": "generation_done", "t": 1791387722.3683903, "generation": 10, "parent_sha256": "86e3ec22295fcf97532b49518eca76b3ba63b2d81a495018f668c9279a3eca3a", "child_sha256": "9baf7b59346a3ea341ced783f602e17faf631990a92da84d5679b377923ee247", "record_hash": "879fbb64bf07fd8102327a9a4c3715655f9d11f3935cffb0506da3b87c5e6c62", "mean_reward": 0.708984375, "max_reward": 0.828125, "noop": false, "changed": 484281149, "applied_l2": 4.537811881085955, "requested_l2": 4.537076029020239, "wait_seconds": 89.21519991400419, "record_seconds": 0.005015627997636329, "update_seconds": 2.3745651930003078, "publish_seconds": 0.0195436409994727, "total_seconds": 91.6143243760016}
{"event": "generation_open", "t": 1791387722.3721256, "generation": 11, "parent_sha256": "9baf7b59346a3ea341ced783f602e17faf631990a92da84d5679b377923ee247", "candidates": 24}
{"event": "generation_complete", "t": 1791387808.892559, "generation": 11}
{"event": "update_recorded", "t": 1791387808.8996503, "generation": 11, "record_hash": "08658b58abef8b9cba9bebcdc53515579b132905142d70e844574cf6542665dd"}
{"event": "update_applied", "t": 1791387811.2626925, "generation": 11, "child_sha256": "399b36e07b5f3a925c8cac19c8ef5e7f80b354a6cbb90f383e4948f83e4a30a7", "noop": false, "changed": 484276050, "applied_l2": 4.5378337769982116}
{"event": "weights_pruned", "t": 1791387811.281399, "removed": ["9d7ab93ce6918e8be90a830cb8f7c038b13684c4998081eaf3236c153901c0e1"], "kept": ["86e3ec22295fcf97532b49518eca76b3ba63b2d81a495018f668c9279a3eca3a", "9baf7b59346a3ea341ced783f602e17faf631990a92da84d5679b377923ee247", "399b36e07b5f3a925c8cac19c8ef5e7f80b354a6cbb90f383e4948f83e4a30a7"]}
{"event": "weights_published", "t": 1791387811.2814264, "generation": 11, "child_sha256": "399b36e07b5f3a925c8cac19c8ef5e7f80b354a6cbb90f383e4948f83e4a30a7"}
{"event": "generation_done", "t": 1791387811.2814722, "generation": 11, "parent_sha256": "9baf7b59346a3ea341ced783f602e17faf631990a92da84d5679b377923ee247", "child_sha256": "399b36e07b5f3a925c8cac19c8ef5e7f80b354a6cbb90f383e4948f83e4a30a7", "record_hash": "08658b58abef8b9cba9bebcdc53515579b132905142d70e844574cf6542665dd", "mean_reward": 0.7076822916666666, "max_reward": 0.8125, "noop": false, "changed": 484276050, "applied_l2": 4.5378337769982116, "requested_l2": 4.537099087322065, "wait_seconds": 86.52401159900182, "record_seconds": 0.0071847609942778945, "update_seconds": 2.3630632960048388, "publish_seconds": 0.018735805999313015, "total_seconds": 88.91299546200025}
{"event": "generation_open", "t": 1791387811.28607, "generation": 12, "parent_sha256": "399b36e07b5f3a925c8cac19c8ef5e7f80b354a6cbb90f383e4948f83e4a30a7", "candidates": 24}
{"event": "generation_complete", "t": 1791387901.2291157, "generation": 12}
{"event": "update_recorded", "t": 1791387901.2334251, "generation": 12, "record_hash": "9de2e50e1db6cee5497927cbe1b39ff1c8dd0ebeb97532ea98ad9a6cc9a0b6ae"}
{"event": "update_applied", "t": 1791387903.5692656, "generation": 12, "child_sha256": "0c1595ab2a9541b74bde59dd8f12a21ad4cbc208a0f0950454461346e366c155", "noop": false, "changed": 484274558, "applied_l2": 4.537850117287011}
{"event": "weights_pruned", "t": 1791387903.570927, "removed": ["86e3ec22295fcf97532b49518eca76b3ba63b2d81a495018f668c9279a3eca3a"], "kept": ["9baf7b59346a3ea341ced783f602e17faf631990a92da84d5679b377923ee247", "399b36e07b5f3a925c8cac19c8ef5e7f80b354a6cbb90f383e4948f83e4a30a7", "0c1595ab2a9541b74bde59dd8f12a21ad4cbc208a0f0950454461346e366c155"]}
{"event": "weights_published", "t": 1791387903.570945, "generation": 12, "child_sha256": "0c1595ab2a9541b74bde59dd8f12a21ad4cbc208a0f0950454461346e366c155"}
{"event": "generation_done", "t": 1791387903.5709846, "generation": 12, "parent_sha256": "399b36e07b5f3a925c8cac19c8ef5e7f80b354a6cbb90f383e4948f83e4a30a7", "child_sha256": "0c1595ab2a9541b74bde59dd8f12a21ad4cbc208a0f0950454461346e366c155", "record_hash": "9de2e50e1db6cee5497927cbe1b39ff1c8dd0ebeb97532ea98ad9a6cc9a0b6ae", "mean_reward": 0.74609375, "max_reward": 0.84375, "noop": false, "changed": 484274558, "applied_l2": 4.537850117287011, "requested_l2": 4.537126572196284, "wait_seconds": 89.94748937000259, "record_seconds": 0.004402477999974508, "update_seconds": 2.3358617710036924, "publish_seconds": 0.0016810229935799725, "total_seconds": 92.28943464199983}
{"event": "generation_open", "t": 1791387903.5731578, "generation": 13, "parent_sha256": "0c1595ab2a9541b74bde59dd8f12a21ad4cbc208a0f0950454461346e366c155", "candidates": 24}
{"event": "generation_complete", "t": 1791387990.5371103, "generation": 13}
{"event": "update_recorded", "t": 1791387990.542995, "generation": 13, "record_hash": "62f61d4850889b16192721ae8d9082839906a77587ced040f596374e36ce32fc"}
{"event": "update_applied", "t": 1791387992.92291, "generation": 13, "child_sha256": "1d7808a68165ce3948d56b2d511d38f9737665868e92a6d3892fb3f3f0e16e57", "noop": false, "changed": 484279227, "applied_l2": 4.5379381061839545}
{"event": "weights_pruned", "t": 1791387992.9437976, "removed": ["9baf7b59346a3ea341ced783f602e17faf631990a92da84d5679b377923ee247"], "kept": ["399b36e07b5f3a925c8cac19c8ef5e7f80b354a6cbb90f383e4948f83e4a30a7", "0c1595ab2a9541b74bde59dd8f12a21ad4cbc208a0f0950454461346e366c155", "1d7808a68165ce3948d56b2d511d38f9737665868e92a6d3892fb3f3f0e16e57"]}
{"event": "weights_published", "t": 1791387992.9438279, "generation": 13, "child_sha256": "1d7808a68165ce3948d56b2d511d38f9737665868e92a6d3892fb3f3f0e16e57"}
{"event": "generation_done", "t": 1791387992.943877, "generation": 13, "parent_sha256": "0c1595ab2a9541b74bde59dd8f12a21ad4cbc208a0f0950454461346e366c155", "child_sha256": "1d7808a68165ce3948d56b2d511d38f9737665868e92a6d3892fb3f3f0e16e57", "record_hash": "62f61d4850889b16192721ae8d9082839906a77587ced040f596374e36ce32fc", "mean_reward": 0.748046875, "max_reward": 0.859375, "noop": false, "changed": 484279227, "applied_l2": 4.5379381061839545, "requested_l2": 4.537199582502119, "wait_seconds": 86.96596659999341, "record_seconds": 0.0059844890056410804, "update_seconds": 2.3799330689944327, "publish_seconds": 0.020920288006891496, "total_seconds": 89.37280444600037}
{"event": "generation_open", "t": 1791387992.9568846, "generation": 14, "parent_sha256": "1d7808a68165ce3948d56b2d511d38f9737665868e92a6d3892fb3f3f0e16e57", "candidates": 24}
{"event": "generation_complete", "t": 1791388087.475185, "generation": 14}
{"event": "update_recorded", "t": 1791388087.4801562, "generation": 14, "record_hash": "36784fd61020abab843ed18e5f5bef86a6c618c5615f176ed213ef05c787e6c6"}
{"event": "update_applied", "t": 1791388089.8449037, "generation": 14, "child_sha256": "df747ca8d8c998ec9753771c57480c108b3dad02abde9fd846adfa817c628f3f", "noop": false, "changed": 484276146, "applied_l2": 4.537743351905487}
{"event": "weights_pruned", "t": 1791388089.8657176, "removed": ["399b36e07b5f3a925c8cac19c8ef5e7f80b354a6cbb90f383e4948f83e4a30a7"], "kept": ["0c1595ab2a9541b74bde59dd8f12a21ad4cbc208a0f0950454461346e366c155", "1d7808a68165ce3948d56b2d511d38f9737665868e92a6d3892fb3f3f0e16e57", "df747ca8d8c998ec9753771c57480c108b3dad02abde9fd846adfa817c628f3f"]}
{"event": "weights_published", "t": 1791388089.8657453, "generation": 14, "child_sha256": "df747ca8d8c998ec9753771c57480c108b3dad02abde9fd846adfa817c628f3f"}
{"event": "generation_done", "t": 1791388089.8657944, "generation": 14, "parent_sha256": "1d7808a68165ce3948d56b2d511d38f9737665868e92a6d3892fb3f3f0e16e57", "child_sha256": "df747ca8d8c998ec9753771c57480c108b3dad02abde9fd846adfa817c628f3f", "record_hash": "36784fd61020abab843ed18e5f5bef86a6c618c5615f176ed213ef05c787e6c6", "mean_reward": 0.73046875, "max_reward": 0.890625, "noop": false, "changed": 484276146, "applied_l2": 4.537743351905487, "requested_l2": 4.537003799238787, "wait_seconds": 94.5310617819996, "record_seconds": 0.005123244001879357, "update_seconds": 2.3647826919986983, "publish_seconds": 0.020843826998316217, "total_seconds": 96.92181154499849}
{"event": "generation_open", "t": 1791388089.8702285, "generation": 15, "parent_sha256": "df747ca8d8c998ec9753771c57480c108b3dad02abde9fd846adfa817c628f3f", "candidates": 24}
{"event": "generation_complete", "t": 1791388173.0367765, "generation": 15}
{"event": "update_recorded", "t": 1791388173.044416, "generation": 15, "record_hash": "113e41181f6da58f37f2536f471230e8dae9ad00c822d1ce61c38a74b73d8584"}
{"event": "update_applied", "t": 1791388175.4115071, "generation": 15, "child_sha256": "f70d6883a787f28dfba6b81710c2922a1457a820559f8ce193b12a68a44c03fa", "noop": false, "changed": 484270881, "applied_l2": 4.537751097700071}
{"event": "weights_pruned", "t": 1791388175.4313974, "removed": ["0c1595ab2a9541b74bde59dd8f12a21ad4cbc208a0f0950454461346e366c155"], "kept": ["1d7808a68165ce3948d56b2d511d38f9737665868e92a6d3892fb3f3f0e16e57", "df747ca8d8c998ec9753771c57480c108b3dad02abde9fd846adfa817c628f3f", "f70d6883a787f28dfba6b81710c2922a1457a820559f8ce193b12a68a44c03fa"]}
{"event": "weights_published", "t": 1791388175.431424, "generation": 15, "child_sha256": "f70d6883a787f28dfba6b81710c2922a1457a820559f8ce193b12a68a44c03fa"}
{"event": "generation_done", "t": 1791388175.4314702, "generation": 15, "parent_sha256": "df747ca8d8c998ec9753771c57480c108b3dad02abde9fd846adfa817c628f3f", "child_sha256": "f70d6883a787f28dfba6b81710c2922a1457a820559f8ce193b12a68a44c03fa", "record_hash": "113e41181f6da58f37f2536f471230e8dae9ad00c822d1ce61c38a74b73d8584", "mean_reward": 0.7578125, "max_reward": 0.8125, "noop": false, "changed": 484270881, "applied_l2": 4.537751097700071, "requested_l2": 4.537006133585876, "wait_seconds": 83.17082087600284, "record_seconds": 0.007745317998342216, "update_seconds": 2.367106113000773, "publish_seconds": 0.019918480997148436, "total_seconds": 85.5655907879991}
{"event": "generation_open", "t": 1791388175.4355042, "generation": 16, "parent_sha256": "f70d6883a787f28dfba6b81710c2922a1457a820559f8ce193b12a68a44c03fa", "candidates": 24}
{"event": "generation_complete", "t": 1791388259.5056539, "generation": 16}
{"event": "update_recorded", "t": 1791388259.5130024, "generation": 16, "record_hash": "163af53ae471ed2f68aa7d0eff24b175129a56b717e7ce141432284cde75c6d8"}
{"event": "update_applied", "t": 1791388261.8874667, "generation": 16, "child_sha256": "710f7d2178215745a35924ba46cd2cbded83ed822c5215e8c06a47e18a7e70cc", "noop": false, "changed": 484274048, "applied_l2": 4.5377650376323295}
{"event": "weights_pruned", "t": 1791388261.9071472, "removed": ["1d7808a68165ce3948d56b2d511d38f9737665868e92a6d3892fb3f3f0e16e57"], "kept": ["df747ca8d8c998ec9753771c57480c108b3dad02abde9fd846adfa817c628f3f", "f70d6883a787f28dfba6b81710c2922a1457a820559f8ce193b12a68a44c03fa", "710f7d2178215745a35924ba46cd2cbded83ed822c5215e8c06a47e18a7e70cc"]}
{"event": "weights_published", "t": 1791388261.9071767, "generation": 16, "child_sha256": "710f7d2178215745a35924ba46cd2cbded83ed822c5215e8c06a47e18a7e70cc"}
{"event": "generation_done", "t": 1791388261.9072223, "generation": 16, "parent_sha256": "f70d6883a787f28dfba6b81710c2922a1457a820559f8ce193b12a68a44c03fa", "child_sha256": "710f7d2178215745a35924ba46cd2cbded83ed822c5215e8c06a47e18a7e70cc", "record_hash": "163af53ae471ed2f68aa7d0eff24b175129a56b717e7ce141432284cde75c6d8", "mean_reward": 0.7415364583333334, "max_reward": 0.90625, "noop": false, "changed": 484274048, "applied_l2": 4.5377650376323295, "requested_l2": 4.537028106003829, "wait_seconds": 84.07402845299657, "record_seconds": 0.007433484999637585, "update_seconds": 2.374496502998227, "publish_seconds": 0.01971177300583804, "total_seconds": 86.47567021400027}
{"event": "generation_open", "t": 1791388261.9113784, "generation": 17, "parent_sha256": "710f7d2178215745a35924ba46cd2cbded83ed822c5215e8c06a47e18a7e70cc", "candidates": 24}
{"event": "generation_complete", "t": 1791388349.306075, "generation": 17}
{"event": "update_recorded", "t": 1791388349.314162, "generation": 17, "record_hash": "0e374446a47a8c9ab1cc4ec33744e0e3c974f59b43804227b1d1a7d948b6b05b"}
{"event": "update_applied", "t": 1791388351.6662617, "generation": 17, "child_sha256": "3cc2acc64caeb8d9b420675fd9209f43b90ab4152ebace3aa5e86236b13704d9", "noop": false, "changed": 484270752, "applied_l2": 4.5378704011058275}
{"event": "weights_pruned", "t": 1791388351.6721003, "removed": ["df747ca8d8c998ec9753771c57480c108b3dad02abde9fd846adfa817c628f3f"], "kept": ["f70d6883a787f28dfba6b81710c2922a1457a820559f8ce193b12a68a44c03fa", "710f7d2178215745a35924ba46cd2cbded83ed822c5215e8c06a47e18a7e70cc", "3cc2acc64caeb8d9b420675fd9209f43b90ab4152ebace3aa5e86236b13704d9"]}
{"event": "weights_published", "t": 1791388351.6721234, "generation": 17, "child_sha256": "3cc2acc64caeb8d9b420675fd9209f43b90ab4152ebace3aa5e86236b13704d9"}
{"event": "generation_done", "t": 1791388351.672165, "generation": 17, "parent_sha256": "710f7d2178215745a35924ba46cd2cbded83ed822c5215e8c06a47e18a7e70cc", "child_sha256": "3cc2acc64caeb8d9b420675fd9209f43b90ab4152ebace3aa5e86236b13704d9", "record_hash": "0e374446a47a8c9ab1cc4ec33744e0e3c974f59b43804227b1d1a7d948b6b05b", "mean_reward": 0.7604166666666666, "max_reward": 0.84375, "noop": false, "changed": 484270752, "applied_l2": 4.5378704011058275, "requested_l2": 4.537132438648201, "wait_seconds": 87.39868833599758, "record_seconds": 0.008175223003490828, "update_seconds": 2.3521310889991582, "publish_seconds": 0.00586382199981017, "total_seconds": 89.76485847000004}
{"event": "generation_open", "t": 1791388351.678078, "generation": 18, "parent_sha256": "3cc2acc64caeb8d9b420675fd9209f43b90ab4152ebace3aa5e86236b13704d9", "candidates": 24}
{"event": "generation_complete", "t": 1791388445.8577976, "generation": 18}
{"event": "update_recorded", "t": 1791388445.865988, "generation": 18, "record_hash": "56f94f544ccd90c94c0f96407c04db752c269d8bcf643848628d9fcfd9423780"}
{"event": "update_applied", "t": 1791388448.2909136, "generation": 18, "child_sha256": "0e31dbc0e59c223b6bab872db53a930fa613355ffcf9b8e0d348e91baf0cb6e6", "noop": false, "changed": 484272787, "applied_l2": 4.537733404129469}
{"event": "weights_pruned", "t": 1791388448.3108099, "removed": ["f70d6883a787f28dfba6b81710c2922a1457a820559f8ce193b12a68a44c03fa"], "kept": ["710f7d2178215745a35924ba46cd2cbded83ed822c5215e8c06a47e18a7e70cc", "3cc2acc64caeb8d9b420675fd9209f43b90ab4152ebace3aa5e86236b13704d9", "0e31dbc0e59c223b6bab872db53a930fa613355ffcf9b8e0d348e91baf0cb6e6"]}
{"event": "weights_published", "t": 1791388448.310837, "generation": 18, "child_sha256": "0e31dbc0e59c223b6bab872db53a930fa613355ffcf9b8e0d348e91baf0cb6e6"}
{"event": "generation_done", "t": 1791388448.3108873, "generation": 18, "parent_sha256": "3cc2acc64caeb8d9b420675fd9209f43b90ab4152ebace3aa5e86236b13704d9", "child_sha256": "0e31dbc0e59c223b6bab872db53a930fa613355ffcf9b8e0d348e91baf0cb6e6", "record_hash": "56f94f544ccd90c94c0f96407c04db752c269d8bcf643848628d9fcfd9423780", "mean_reward": 0.7493489583333334, "max_reward": 0.859375, "noop": false, "changed": 484272787, "applied_l2": 4.537733404129469, "requested_l2": 4.537002895690764, "wait_seconds": 94.18540503099939, "record_seconds": 0.008340501997736283, "update_seconds": 2.424959128999035, "publish_seconds": 0.019925710003008135, "total_seconds": 96.63863037199917}
{"event": "generation_open", "t": 1791388448.314808, "generation": 19, "parent_sha256": "0e31dbc0e59c223b6bab872db53a930fa613355ffcf9b8e0d348e91baf0cb6e6", "candidates": 24}
{"event": "generation_complete", "t": 1791388532.4087114, "generation": 19}
{"event": "update_recorded", "t": 1791388532.416328, "generation": 19, "record_hash": "2262dbd271a746afe1e28e2c0cf7bb1c7e7e0c86bcc9ce4c7b7ed4dba1a74f09"}
{"event": "update_applied", "t": 1791388534.758747, "generation": 19, "child_sha256": "d48d9266a0b90a8e183e0aa1a32e3cf17ad313714996b49f3ab0f13104418e23", "noop": false, "changed": 484276859, "applied_l2": 4.537842027665746}
{"event": "weights_pruned", "t": 1791388534.777969, "removed": ["710f7d2178215745a35924ba46cd2cbded83ed822c5215e8c06a47e18a7e70cc"], "kept": ["3cc2acc64caeb8d9b420675fd9209f43b90ab4152ebace3aa5e86236b13704d9", "0e31dbc0e59c223b6bab872db53a930fa613355ffcf9b8e0d348e91baf0cb6e6", "d48d9266a0b90a8e183e0aa1a32e3cf17ad313714996b49f3ab0f13104418e23"]}
{"event": "weights_published", "t": 1791388534.7779944, "generation": 19, "child_sha256": "d48d9266a0b90a8e183e0aa1a32e3cf17ad313714996b49f3ab0f13104418e23"}
{"event": "generation_done", "t": 1791388534.7780392, "generation": 19, "parent_sha256": "0e31dbc0e59c223b6bab872db53a930fa613355ffcf9b8e0d348e91baf0cb6e6", "child_sha256": "d48d9266a0b90a8e183e0aa1a32e3cf17ad313714996b49f3ab0f13104418e23", "record_hash": "2262dbd271a746afe1e28e2c0cf7bb1c7e7e0c86bcc9ce4c7b7ed4dba1a74f09", "mean_reward": 0.7571614583333334, "max_reward": 0.90625, "noop": false, "changed": 484276859, "applied_l2": 4.537842027665746, "requested_l2": 4.537103018061447, "wait_seconds": 84.09766033099731, "record_seconds": 0.007700873997237068, "update_seconds": 2.3424501010013046, "publish_seconds": 0.019249388002208434, "total_seconds": 86.46706069399806}
{"event": "generation_open", "t": 1791388534.7827504, "generation": 20, "parent_sha256": "d48d9266a0b90a8e183e0aa1a32e3cf17ad313714996b49f3ab0f13104418e23", "candidates": 24}
{"event": "generation_complete", "t": 1791388621.2770875, "generation": 20}
{"event": "update_recorded", "t": 1791388621.2816179, "generation": 20, "record_hash": "b9fc7e38fbbb7230a48f8dc3b310091d3df91eeaf150b780aafc5d3ef0e7af69"}
{"event": "update_applied", "t": 1791388623.6697161, "generation": 20, "child_sha256": "d92a2d75cf6bf836a1f5f001d2d99a543b313184bb823381019517e71ad68723", "noop": false, "changed": 484266660, "applied_l2": 4.537676593094623}
{"event": "weights_pruned", "t": 1791388623.6933858, "removed": ["3cc2acc64caeb8d9b420675fd9209f43b90ab4152ebace3aa5e86236b13704d9"], "kept": ["0e31dbc0e59c223b6bab872db53a930fa613355ffcf9b8e0d348e91baf0cb6e6", "d48d9266a0b90a8e183e0aa1a32e3cf17ad313714996b49f3ab0f13104418e23", "d92a2d75cf6bf836a1f5f001d2d99a543b313184bb823381019517e71ad68723"]}
{"event": "weights_published", "t": 1791388623.6934125, "generation": 20, "child_sha256": "d92a2d75cf6bf836a1f5f001d2d99a543b313184bb823381019517e71ad68723"}
{"event": "generation_done", "t": 1791388623.693461, "generation": 20, "parent_sha256": "d48d9266a0b90a8e183e0aa1a32e3cf17ad313714996b49f3ab0f13104418e23", "child_sha256": "d92a2d75cf6bf836a1f5f001d2d99a543b313184bb823381019517e71ad68723", "record_hash": "b9fc7e38fbbb7230a48f8dc3b310091d3df91eeaf150b780aafc5d3ef0e7af69", "mean_reward": 0.7845052083333334, "max_reward": 0.890625, "noop": false, "changed": 484266660, "applied_l2": 4.537676593094623, "requested_l2": 4.536938014599076, "wait_seconds": 86.49879755599977, "record_seconds": 0.004676664000726305, "update_seconds": 2.3881570790035767, "publish_seconds": 0.023698254000919405, "total_seconds": 88.915329553005}
{"event": "generation_open", "t": 1791388623.7024474, "generation": 21, "parent_sha256": "d92a2d75cf6bf836a1f5f001d2d99a543b313184bb823381019517e71ad68723", "candidates": 24}
{"event": "generation_complete", "t": 1791388708.9008307, "generation": 21}
{"event": "update_recorded", "t": 1791388708.9066622, "generation": 21, "record_hash": "0dfa8b5862a211fba3b0f0968bd8ddc0e7cabedb661058140f46db284fbe0eee"}
{"event": "update_applied", "t": 1791388711.2820926, "generation": 21, "child_sha256": "27e8d806b74f52b8cc5017fa9f54536e78ae3992d5ba3e8fd2279155fe081527", "noop": false, "changed": 484269119, "applied_l2": 4.537929159903127}
{"event": "weights_pruned", "t": 1791388711.2990315, "removed": ["0e31dbc0e59c223b6bab872db53a930fa613355ffcf9b8e0d348e91baf0cb6e6"], "kept": ["d48d9266a0b90a8e183e0aa1a32e3cf17ad313714996b49f3ab0f13104418e23", "d92a2d75cf6bf836a1f5f001d2d99a543b313184bb823381019517e71ad68723", "27e8d806b74f52b8cc5017fa9f54536e78ae3992d5ba3e8fd2279155fe081527"]}
{"event": "weights_published", "t": 1791388711.2990646, "generation": 21, "child_sha256": "27e8d806b74f52b8cc5017fa9f54536e78ae3992d5ba3e8fd2279155fe081527"}
{"event": "generation_done", "t": 1791388711.2991142, "generation": 21, "parent_sha256": "d92a2d75cf6bf836a1f5f001d2d99a543b313184bb823381019517e71ad68723", "child_sha256": "27e8d806b74f52b8cc5017fa9f54536e78ae3992d5ba3e8fd2279155fe081527", "record_hash": "0dfa8b5862a211fba3b0f0968bd8ddc0e7cabedb661058140f46db284fbe0eee", "mean_reward": 0.783203125, "max_reward": 0.875, "noop": false, "changed": 484269119, "applied_l2": 4.537929159903127, "requested_l2": 4.5371937398867646, "wait_seconds": 85.207210458997, "record_seconds": 0.005927169004280586, "update_seconds": 2.375452909996966, "publish_seconds": 0.016973477002466097, "total_seconds": 87.60556401500071}
{"event": "generation_open", "t": 1791388711.302739, "generation": 22, "parent_sha256": "27e8d806b74f52b8cc5017fa9f54536e78ae3992d5ba3e8fd2279155fe081527", "candidates": 24}
{"event": "generation_complete", "t": 1791388796.1031234, "generation": 22}
{"event": "update_recorded", "t": 1791388796.1106808, "generation": 22, "record_hash": "56d3367ce718d948666e02cb3a51f1e1b02c4d8a47745e90b710a04e20f3d929"}
{"event": "update_applied", "t": 1791388798.5126324, "generation": 22, "child_sha256": "446a05eedaaef5daf2d73c4f9868a9e72d237aaf8a2d73d8139716e8b45ccf94", "noop": false, "changed": 484270040, "applied_l2": 4.537572625540103}
{"event": "weights_pruned", "t": 1791388798.514433, "removed": ["d48d9266a0b90a8e183e0aa1a32e3cf17ad313714996b49f3ab0f13104418e23"], "kept": ["d92a2d75cf6bf836a1f5f001d2d99a543b313184bb823381019517e71ad68723", "27e8d806b74f52b8cc5017fa9f54536e78ae3992d5ba3e8fd2279155fe081527", "446a05eedaaef5daf2d73c4f9868a9e72d237aaf8a2d73d8139716e8b45ccf94"]}
{"event": "weights_published", "t": 1791388798.5144558, "generation": 22, "child_sha256": "446a05eedaaef5daf2d73c4f9868a9e72d237aaf8a2d73d8139716e8b45ccf94"}
{"event": "generation_done", "t": 1791388798.5144951, "generation": 22, "parent_sha256": "27e8d806b74f52b8cc5017fa9f54536e78ae3992d5ba3e8fd2279155fe081527", "child_sha256": "446a05eedaaef5daf2d73c4f9868a9e72d237aaf8a2d73d8139716e8b45ccf94", "record_hash": "56d3367ce718d948666e02cb3a51f1e1b02c4d8a47745e90b710a04e20f3d929", "mean_reward": 0.7845052083333334, "max_reward": 0.859375, "noop": false, "changed": 484270040, "applied_l2": 4.537572625540103, "requested_l2": 4.536845035519399, "wait_seconds": 84.80384973299806, "record_seconds": 0.007642812997801229, "update_seconds": 2.4019840879991534, "publish_seconds": 0.0018254850001540035, "total_seconds": 87.21530211899517}
{"event": "generation_open", "t": 1791388798.5167782, "generation": 23, "parent_sha256": "446a05eedaaef5daf2d73c4f9868a9e72d237aaf8a2d73d8139716e8b45ccf94", "candidates": 24}
{"event": "generation_complete", "t": 1791388885.9996822, "generation": 23}
{"event": "update_recorded", "t": 1791388886.0073428, "generation": 23, "record_hash": "64983d5c00ba05375fbe6a68f6addb495a5b0dadaa45896d5a4464146439427e"}
{"event": "update_applied", "t": 1791388888.3854446, "generation": 23, "child_sha256": "22217ee419ecdaa9096c5d13d2809c65c6153909a9a68d3475e202f19b671c68", "noop": false, "changed": 484268526, "applied_l2": 4.537649402909598}
{"event": "weights_pruned", "t": 1791388888.4082563, "removed": ["d92a2d75cf6bf836a1f5f001d2d99a543b313184bb823381019517e71ad68723"], "kept": ["27e8d806b74f52b8cc5017fa9f54536e78ae3992d5ba3e8fd2279155fe081527", "446a05eedaaef5daf2d73c4f9868a9e72d237aaf8a2d73d8139716e8b45ccf94", "22217ee419ecdaa9096c5d13d2809c65c6153909a9a68d3475e202f19b671c68"]}
{"event": "weights_published", "t": 1791388888.4082894, "generation": 23, "child_sha256": "22217ee419ecdaa9096c5d13d2809c65c6153909a9a68d3475e202f19b671c68"}
{"event": "generation_done", "t": 1791388888.4083364, "generation": 23, "parent_sha256": "446a05eedaaef5daf2d73c4f9868a9e72d237aaf8a2d73d8139716e8b45ccf94", "child_sha256": "22217ee419ecdaa9096c5d13d2809c65c6153909a9a68d3475e202f19b671c68", "record_hash": "64983d5c00ba05375fbe6a68f6addb495a5b0dadaa45896d5a4464146439427e", "mean_reward": 0.7779947916666666, "max_reward": 0.890625, "noop": false, "changed": 484268526, "applied_l2": 4.537649402909598, "requested_l2": 4.536914670444903, "wait_seconds": 87.48495447599998, "record_seconds": 0.007805483000993263, "update_seconds": 2.3781454150011996, "publish_seconds": 0.022846544998174068, "total_seconds": 89.89375191900035}
{"event": "generation_open", "t": 1791388888.417684, "generation": 24, "parent_sha256": "22217ee419ecdaa9096c5d13d2809c65c6153909a9a68d3475e202f19b671c68", "candidates": 24}
{"event": "generation_complete", "t": 1791388978.0637138, "generation": 24}
{"event": "update_recorded", "t": 1791388978.0712526, "generation": 24, "record_hash": "b52527da65dcfc8405035b034dcaa094ab4b6b5172802630b2cafea137e112dc"}
{"event": "update_applied", "t": 1791388980.4487112, "generation": 24, "child_sha256": "48b34e828ef29fafd5317e2992999f62b24d9a45938097941cbabe72c5245b45", "noop": false, "changed": 484272652, "applied_l2": 4.537668418576235}
{"event": "weights_pruned", "t": 1791388980.466714, "removed": ["27e8d806b74f52b8cc5017fa9f54536e78ae3992d5ba3e8fd2279155fe081527"], "kept": ["446a05eedaaef5daf2d73c4f9868a9e72d237aaf8a2d73d8139716e8b45ccf94", "22217ee419ecdaa9096c5d13d2809c65c6153909a9a68d3475e202f19b671c68", "48b34e828ef29fafd5317e2992999f62b24d9a45938097941cbabe72c5245b45"]}
{"event": "weights_published", "t": 1791388980.466744, "generation": 24, "child_sha256": "48b34e828ef29fafd5317e2992999f62b24d9a45938097941cbabe72c5245b45"}
{"event": "generation_done", "t": 1791388980.4667869, "generation": 24, "parent_sha256": "22217ee419ecdaa9096c5d13d2809c65c6153909a9a68d3475e202f19b671c68", "child_sha256": "48b34e828ef29fafd5317e2992999f62b24d9a45938097941cbabe72c5245b45", "record_hash": "b52527da65dcfc8405035b034dcaa094ab4b6b5172802630b2cafea137e112dc", "mean_reward": 0.7884114583333334, "max_reward": 0.890625, "noop": false, "changed": 484272652, "applied_l2": 4.537668418576235, "requested_l2": 4.5369336249941155, "wait_seconds": 89.65521266599535, "record_seconds": 0.007615485999849625, "update_seconds": 2.3775009630044224, "publish_seconds": 0.01803529999597231, "total_seconds": 92.0583644149956}
{"event": "generation_open", "t": 1791388980.4702892, "generation": 25, "parent_sha256": "48b34e828ef29fafd5317e2992999f62b24d9a45938097941cbabe72c5245b45", "candidates": 24}
{"event": "generation_complete", "t": 1791389072.4164212, "generation": 25}
{"event": "update_recorded", "t": 1791389072.4241402, "generation": 25, "record_hash": "4c2959b89795c2cb811c6c527553cb073d8a89eb56102bdaddea868ebfb4bfe5"}
{"event": "update_applied", "t": 1791389074.817317, "generation": 25, "child_sha256": "3f5008489e66e111bd53e621229b269f80db86b5c84a93e7b111b9be9f6a5b5e", "noop": false, "changed": 484271064, "applied_l2": 4.537649724972178}
{"event": "weights_pruned", "t": 1791389074.8403108, "removed": ["446a05eedaaef5daf2d73c4f9868a9e72d237aaf8a2d73d8139716e8b45ccf94"], "kept": ["22217ee419ecdaa9096c5d13d2809c65c6153909a9a68d3475e202f19b671c68", "48b34e828ef29fafd5317e2992999f62b24d9a45938097941cbabe72c5245b45", "3f5008489e66e111bd53e621229b269f80db86b5c84a93e7b111b9be9f6a5b5e"]}
{"event": "weights_published", "t": 1791389074.8403423, "generation": 25, "child_sha256": "3f5008489e66e111bd53e621229b269f80db86b5c84a93e7b111b9be9f6a5b5e"}
{"event": "generation_done", "t": 1791389074.8403916, "generation": 25, "parent_sha256": "48b34e828ef29fafd5317e2992999f62b24d9a45938097941cbabe72c5245b45", "child_sha256": "3f5008489e66e111bd53e621229b269f80db86b5c84a93e7b111b9be9f6a5b5e", "record_hash": "4c2959b89795c2cb811c6c527553cb073d8a89eb56102bdaddea868ebfb4bfe5", "mean_reward": 0.798828125, "max_reward": 0.890625, "noop": false, "changed": 484271064, "applied_l2": 4.537649724972178, "requested_l2": 4.536920688262282, "wait_seconds": 91.94944529700297, "record_seconds": 0.007826618995750323, "update_seconds": 2.3932163839999703, "publish_seconds": 0.02302726400375832, "total_seconds": 94.37351556400245}
{"event": "generation_open", "t": 1791389074.849053, "generation": 26, "parent_sha256": "3f5008489e66e111bd53e621229b269f80db86b5c84a93e7b111b9be9f6a5b5e", "candidates": 24}
{"event": "generation_complete", "t": 1791389159.8004982, "generation": 26}
{"event": "update_recorded", "t": 1791389159.8068416, "generation": 26, "record_hash": "60b127728fcbee41dacd40db0b0c5503b545a5515887995c61f25b9665b9fd29"}
{"event": "update_applied", "t": 1791389162.1395586, "generation": 26, "child_sha256": "2999c2c5efd8c86f759e2a5181cc994afd98b47028598ee7fc0eeb34d672b58d", "noop": false, "changed": 484268764, "applied_l2": 4.538047936124221}
{"event": "weights_pruned", "t": 1791389162.1571507, "removed": ["22217ee419ecdaa9096c5d13d2809c65c6153909a9a68d3475e202f19b671c68"], "kept": ["48b34e828ef29fafd5317e2992999f62b24d9a45938097941cbabe72c5245b45", "3f5008489e66e111bd53e621229b269f80db86b5c84a93e7b111b9be9f6a5b5e", "2999c2c5efd8c86f759e2a5181cc994afd98b47028598ee7fc0eeb34d672b58d"]}
{"event": "weights_published", "t": 1791389162.1571784, "generation": 26, "child_sha256": "2999c2c5efd8c86f759e2a5181cc994afd98b47028598ee7fc0eeb34d672b58d"}
{"event": "generation_done", "t": 1791389162.1572242, "generation": 26, "parent_sha256": "3f5008489e66e111bd53e621229b269f80db86b5c84a93e7b111b9be9f6a5b5e", "child_sha256": "2999c2c5efd8c86f759e2a5181cc994afd98b47028598ee7fc0eeb34d672b58d", "record_hash": "60b127728fcbee41dacd40db0b0c5503b545a5515887995c61f25b9665b9fd29", "mean_reward": 0.783203125, "max_reward": 0.875, "noop": false, "changed": 484268764, "applied_l2": 4.538047936124221, "requested_l2": 4.537315117982382, "wait_seconds": 84.95994316599536, "record_seconds": 0.006423208003980108, "update_seconds": 2.3327545220017782, "publish_seconds": 0.017621731996769086, "total_seconds": 87.31674262799788}
{"event": "generation_open", "t": 1791389162.1618903, "generation": 27, "parent_sha256": "2999c2c5efd8c86f759e2a5181cc994afd98b47028598ee7fc0eeb34d672b58d", "candidates": 24}
{"event": "generation_complete", "t": 1791389242.8402417, "generation": 27}
{"event": "update_recorded", "t": 1791389242.8443465, "generation": 27, "record_hash": "68c4aa8289f72981d60b4991bb0385561efffa98b0a9358ce137d7b7872dfef9"}
{"event": "update_applied", "t": 1791389245.2464, "generation": 27, "child_sha256": "11932452fca245cf73d214e0ad7cedc2f6fd9a8477ea4e8fa40bd8d30a43cb9d", "noop": false, "changed": 484264159, "applied_l2": 4.537704593455076}
{"event": "weights_pruned", "t": 1791389245.2522345, "removed": ["48b34e828ef29fafd5317e2992999f62b24d9a45938097941cbabe72c5245b45"], "kept": ["3f5008489e66e111bd53e621229b269f80db86b5c84a93e7b111b9be9f6a5b5e", "2999c2c5efd8c86f759e2a5181cc994afd98b47028598ee7fc0eeb34d672b58d", "11932452fca245cf73d214e0ad7cedc2f6fd9a8477ea4e8fa40bd8d30a43cb9d"]}
{"event": "weights_published", "t": 1791389245.2522573, "generation": 27, "child_sha256": "11932452fca245cf73d214e0ad7cedc2f6fd9a8477ea4e8fa40bd8d30a43cb9d"}
{"event": "generation_done", "t": 1791389245.2523234, "generation": 27, "parent_sha256": "2999c2c5efd8c86f759e2a5181cc994afd98b47028598ee7fc0eeb34d672b58d", "child_sha256": "11932452fca245cf73d214e0ad7cedc2f6fd9a8477ea4e8fa40bd8d30a43cb9d", "record_hash": "68c4aa8289f72981d60b4991bb0385561efffa98b0a9358ce137d7b7872dfef9", "mean_reward": 0.8033854166666666, "max_reward": 0.875, "noop": false, "changed": 484264159, "applied_l2": 4.537704593455076, "requested_l2": 4.536971737930583, "wait_seconds": 80.68286088800232, "record_seconds": 0.004188330996839795, "update_seconds": 2.402084603003459, "publish_seconds": 0.005858814998646267, "total_seconds": 83.09499263700127}
{"event": "generation_open", "t": 1791389245.2587798, "generation": 28, "parent_sha256": "11932452fca245cf73d214e0ad7cedc2f6fd9a8477ea4e8fa40bd8d30a43cb9d", "candidates": 24}
{"event": "generation_complete", "t": 1791389323.1987042, "generation": 28}
{"event": "update_recorded", "t": 1791389323.207041, "generation": 28, "record_hash": "b571bda77c28324fe31dae720dd0f455fc02fc22ecc301c706bc576548d84cf5"}
{"event": "update_applied", "t": 1791389325.5524635, "generation": 28, "child_sha256": "fb84fb4bf1e3d2152fbfc7f3f76f42d6402bc6081c675db71142428ab7e4527a", "noop": false, "changed": 484260829, "applied_l2": 4.537631099640828}
{"event": "weights_pruned", "t": 1791389325.570839, "removed": ["3f5008489e66e111bd53e621229b269f80db86b5c84a93e7b111b9be9f6a5b5e"], "kept": ["2999c2c5efd8c86f759e2a5181cc994afd98b47028598ee7fc0eeb34d672b58d", "11932452fca245cf73d214e0ad7cedc2f6fd9a8477ea4e8fa40bd8d30a43cb9d", "fb84fb4bf1e3d2152fbfc7f3f76f42d6402bc6081c675db71142428ab7e4527a"]}
{"event": "weights_published", "t": 1791389325.5708697, "generation": 28, "child_sha256": "fb84fb4bf1e3d2152fbfc7f3f76f42d6402bc6081c675db71142428ab7e4527a"}
{"event": "generation_done", "t": 1791389325.57093, "generation": 28, "parent_sha256": "11932452fca245cf73d214e0ad7cedc2f6fd9a8477ea4e8fa40bd8d30a43cb9d", "child_sha256": "fb84fb4bf1e3d2152fbfc7f3f76f42d6402bc6081c675db71142428ab7e4527a", "record_hash": "b571bda77c28324fe31dae720dd0f455fc02fc22ecc301c706bc576548d84cf5", "mean_reward": 0.822265625, "max_reward": 0.90625, "noop": false, "changed": 484260829, "applied_l2": 4.537631099640828, "requested_l2": 4.536892341484387, "wait_seconds": 77.94615078300558, "record_seconds": 0.008496588001435157, "update_seconds": 2.34545343699574, "publish_seconds": 0.018407738003588747, "total_seconds": 80.31850854600634}
{"event": "generation_open", "t": 1791389325.5749588, "generation": 29, "parent_sha256": "fb84fb4bf1e3d2152fbfc7f3f76f42d6402bc6081c675db71142428ab7e4527a", "candidates": 24}
{"event": "generation_complete", "t": 1791389411.8825011, "generation": 29}
{"event": "update_recorded", "t": 1791389411.8875642, "generation": 29, "record_hash": "74d2494faf0b620c42b41cb99a8e386842df29117ed5ab8ceb78493d8a979c30"}
{"event": "update_applied", "t": 1791389414.2803655, "generation": 29, "child_sha256": "27e4d4b6199539e6fb67430e83d776dd71f243f907e66e611c17c7ca1ca48d15", "noop": false, "changed": 484262503, "applied_l2": 4.537820042364435}
{"event": "weights_pruned", "t": 1791389414.3040383, "removed": ["2999c2c5efd8c86f759e2a5181cc994afd98b47028598ee7fc0eeb34d672b58d"], "kept": ["11932452fca245cf73d214e0ad7cedc2f6fd9a8477ea4e8fa40bd8d30a43cb9d", "fb84fb4bf1e3d2152fbfc7f3f76f42d6402bc6081c675db71142428ab7e4527a", "27e4d4b6199539e6fb67430e83d776dd71f243f907e66e611c17c7ca1ca48d15"]}
{"event": "weights_published", "t": 1791389414.3040657, "generation": 29, "child_sha256": "27e4d4b6199539e6fb67430e83d776dd71f243f907e66e611c17c7ca1ca48d15"}
{"event": "generation_done", "t": 1791389414.3041124, "generation": 29, "parent_sha256": "fb84fb4bf1e3d2152fbfc7f3f76f42d6402bc6081c675db71142428ab7e4527a", "child_sha256": "27e4d4b6199539e6fb67430e83d776dd71f243f907e66e611c17c7ca1ca48d15", "record_hash": "74d2494faf0b620c42b41cb99a8e386842df29117ed5ab8ceb78493d8a979c30", "mean_reward": 0.794921875, "max_reward": 0.90625, "noop": false, "changed": 484262503, "applied_l2": 4.537820042364435, "requested_l2": 4.5370911197166475, "wait_seconds": 86.31134799100255, "record_seconds": 0.005197931001021061, "update_seconds": 2.3928467329969862, "publish_seconds": 0.023702227001194842, "total_seconds": 88.73309488200175}
{"event": "generation_open", "t": 1791389414.3130288, "generation": 30, "parent_sha256": "27e4d4b6199539e6fb67430e83d776dd71f243f907e66e611c17c7ca1ca48d15", "candidates": 24}
{"event": "generation_complete", "t": 1791389501.3376765, "generation": 30}
{"event": "update_recorded", "t": 1791389501.342843, "generation": 30, "record_hash": "13c7f2090e8f3172526fae8203867971ab8b975fb30d4936a43f86449bef9a89"}
{"event": "update_applied", "t": 1791389503.7270012, "generation": 30, "child_sha256": "7d1ff658325ef7264d7a040c3228c22012e715670f584d0bd66e87c895d1f1a9", "noop": false, "changed": 484262907, "applied_l2": 4.537594527226539}
{"event": "weights_pruned", "t": 1791389503.7468624, "removed": ["11932452fca245cf73d214e0ad7cedc2f6fd9a8477ea4e8fa40bd8d30a43cb9d"], "kept": ["fb84fb4bf1e3d2152fbfc7f3f76f42d6402bc6081c675db71142428ab7e4527a", "27e4d4b6199539e6fb67430e83d776dd71f243f907e66e611c17c7ca1ca48d15", "7d1ff658325ef7264d7a040c3228c22012e715670f584d0bd66e87c895d1f1a9"]}
{"event": "weights_published", "t": 1791389503.746904, "generation": 30, "child_sha256": "7d1ff658325ef7264d7a040c3228c22012e715670f584d0bd66e87c895d1f1a9"}
{"event": "generation_done", "t": 1791389503.7469497, "generation": 30, "parent_sha256": "27e4d4b6199539e6fb67430e83d776dd71f243f907e66e611c17c7ca1ca48d15", "child_sha256": "7d1ff658325ef7264d7a040c3228c22012e715670f584d0bd66e87c895d1f1a9", "record_hash": "13c7f2090e8f3172526fae8203867971ab8b975fb30d4936a43f86449bef9a89", "mean_reward": 0.7630208333333334, "max_reward": 0.890625, "noop": false, "changed": 484262907, "applied_l2": 4.537594527226539, "requested_l2": 4.536868067236449, "wait_seconds": 87.03333052800008, "record_seconds": 0.005328115999873262, "update_seconds": 2.3841897079983028, "publish_seconds": 0.019893554999725893, "total_seconds": 89.44274190699798}
{"event": "generation_open", "t": 1791389503.750789, "generation": 31, "parent_sha256": "7d1ff658325ef7264d7a040c3228c22012e715670f584d0bd66e87c895d1f1a9", "candidates": 24}
{"event": "generation_complete", "t": 1791389595.926351, "generation": 31}
{"event": "update_recorded", "t": 1791389595.932359, "generation": 31, "record_hash": "cebd8825b10e8c11b1449b20bb7a9a4e13a30a23db52167e1b595416789b7a87"}
{"event": "update_applied", "t": 1791389598.3049703, "generation": 31, "child_sha256": "b976c8b7c256ae0f1b2b417a679d07aff4e7edf0f86d9b9e4d802a5c3a7d397c", "noop": false, "changed": 484260188, "applied_l2": 4.537627573636403}
{"event": "weights_pruned", "t": 1791389598.3277488, "removed": ["fb84fb4bf1e3d2152fbfc7f3f76f42d6402bc6081c675db71142428ab7e4527a"], "kept": ["27e4d4b6199539e6fb67430e83d776dd71f243f907e66e611c17c7ca1ca48d15", "7d1ff658325ef7264d7a040c3228c22012e715670f584d0bd66e87c895d1f1a9", "b976c8b7c256ae0f1b2b417a679d07aff4e7edf0f86d9b9e4d802a5c3a7d397c"]}
{"event": "weights_published", "t": 1791389598.327779, "generation": 31, "child_sha256": "b976c8b7c256ae0f1b2b417a679d07aff4e7edf0f86d9b9e4d802a5c3a7d397c"}
{"event": "generation_done", "t": 1791389598.327837, "generation": 31, "parent_sha256": "7d1ff658325ef7264d7a040c3228c22012e715670f584d0bd66e87c895d1f1a9", "child_sha256": "b976c8b7c256ae0f1b2b417a679d07aff4e7edf0f86d9b9e4d802a5c3a7d397c", "record_hash": "cebd8825b10e8c11b1449b20bb7a9a4e13a30a23db52167e1b595416789b7a87", "mean_reward": 0.7942708333333334, "max_reward": 0.890625, "noop": false, "changed": 484260188, "applied_l2": 4.537627573636403, "requested_l2": 4.536895963365842, "wait_seconds": 92.1792398969992, "record_seconds": 0.006096156997955404, "update_seconds": 2.372641467001813, "publish_seconds": 0.022812281000369694, "total_seconds": 94.58078980199934}
{"event": "generation_open", "t": 1791389598.3372004, "generation": 32, "parent_sha256": "b976c8b7c256ae0f1b2b417a679d07aff4e7edf0f86d9b9e4d802a5c3a7d397c", "candidates": 24}
{"event": "generation_complete", "t": 1791389687.828445, "generation": 32}
{"event": "update_recorded", "t": 1791389687.8312423, "generation": 32, "record_hash": "3efe2e9bf4cebe0ccda9a17fba1be47825626e48239ab49c0a767a5fef048966"}
{"event": "update_applied", "t": 1791389690.2210202, "generation": 32, "child_sha256": "9f379f7e5355b58f756c836958fc199395293e337da3082b02ca6a27014cce05", "noop": false, "changed": 484261780, "applied_l2": 4.537970585095203}
{"event": "weights_pruned", "t": 1791389690.2262764, "removed": ["27e4d4b6199539e6fb67430e83d776dd71f243f907e66e611c17c7ca1ca48d15"], "kept": ["7d1ff658325ef7264d7a040c3228c22012e715670f584d0bd66e87c895d1f1a9", "b976c8b7c256ae0f1b2b417a679d07aff4e7edf0f86d9b9e4d802a5c3a7d397c", "9f379f7e5355b58f756c836958fc199395293e337da3082b02ca6a27014cce05"]}
{"event": "weights_published", "t": 1791389690.2263021, "generation": 32, "child_sha256": "9f379f7e5355b58f756c836958fc199395293e337da3082b02ca6a27014cce05"}
{"event": "generation_done", "t": 1791389690.226352, "generation": 32, "parent_sha256": "b976c8b7c256ae0f1b2b417a679d07aff4e7edf0f86d9b9e4d802a5c3a7d397c", "child_sha256": "9f379f7e5355b58f756c836958fc199395293e337da3082b02ca6a27014cce05", "record_hash": "3efe2e9bf4cebe0ccda9a17fba1be47825626e48239ab49c0a767a5fef048966", "mean_reward": 0.7838541666666666, "max_reward": 0.859375, "noop": false, "changed": 484261780, "applied_l2": 4.537970585095203, "requested_l2": 4.537242890721675, "wait_seconds": 89.50044215399976, "record_seconds": 0.0028866499997093342, "update_seconds": 2.389809658001468, "publish_seconds": 0.005283917998895049, "total_seconds": 91.89842237999983}
{"event": "generation_open", "t": 1791389690.2321613, "generation": 33, "parent_sha256": "9f379f7e5355b58f756c836958fc199395293e337da3082b02ca6a27014cce05", "candidates": 24}
{"event": "generation_complete", "t": 1791389775.4146035, "generation": 33}
{"event": "update_recorded", "t": 1791389775.417375, "generation": 33, "record_hash": "8d924cefb11bc378ee7214ac7fcbed3165a94e966d659e483f9548aae449cc91"}
{"event": "update_applied", "t": 1791389777.7847316, "generation": 33, "child_sha256": "26c346fb6aaedb3457ad2ee9e1692f97f71190a2cbe61e63f9bd0056097885db", "noop": false, "changed": 484257226, "applied_l2": 4.537794124167305}
{"event": "weights_pruned", "t": 1791389777.8046374, "removed": ["7d1ff658325ef7264d7a040c3228c22012e715670f584d0bd66e87c895d1f1a9"], "kept": ["b976c8b7c256ae0f1b2b417a679d07aff4e7edf0f86d9b9e4d802a5c3a7d397c", "9f379f7e5355b58f756c836958fc199395293e337da3082b02ca6a27014cce05", "26c346fb6aaedb3457ad2ee9e1692f97f71190a2cbe61e63f9bd0056097885db"]}
{"event": "weights_published", "t": 1791389777.804663, "generation": 33, "child_sha256": "26c346fb6aaedb3457ad2ee9e1692f97f71190a2cbe61e63f9bd0056097885db"}
{"event": "generation_done", "t": 1791389777.804707, "generation": 33, "parent_sha256": "9f379f7e5355b58f756c836958fc199395293e337da3082b02ca6a27014cce05", "child_sha256": "26c346fb6aaedb3457ad2ee9e1692f97f71190a2cbe61e63f9bd0056097885db", "record_hash": "8d924cefb11bc378ee7214ac7fcbed3165a94e966d659e483f9548aae449cc91", "mean_reward": 0.8053385416666666, "max_reward": 0.890625, "noop": false, "changed": 484257226, "applied_l2": 4.537794124167305, "requested_l2": 4.537058593381323, "wait_seconds": 85.1880900469987, "record_seconds": 0.0028527850008686073, "update_seconds": 2.367392045998713, "publish_seconds": 0.01993303700146498, "total_seconds": 87.57826791499974}
{"event": "generation_open", "t": 1791389777.8084188, "generation": 34, "parent_sha256": "26c346fb6aaedb3457ad2ee9e1692f97f71190a2cbe61e63f9bd0056097885db", "candidates": 24}
{"event": "generation_complete", "t": 1791389863.0604794, "generation": 34}
{"event": "update_recorded", "t": 1791389863.06574, "generation": 34, "record_hash": "f3b58f80d39934571901b8dbe4694fe26f071050a1929d6e0b125687933ad9d9"}
{"event": "update_applied", "t": 1791389865.4377959, "generation": 34, "child_sha256": "2ff56a4ee6df8ecc334101c1db41857969fd5ed22e369e5a2495d41730bb7762", "noop": false, "changed": 484261884, "applied_l2": 4.537654579219985}
{"event": "weights_pruned", "t": 1791389865.461394, "removed": ["b976c8b7c256ae0f1b2b417a679d07aff4e7edf0f86d9b9e4d802a5c3a7d397c"], "kept": ["9f379f7e5355b58f756c836958fc199395293e337da3082b02ca6a27014cce05", "26c346fb6aaedb3457ad2ee9e1692f97f71190a2cbe61e63f9bd0056097885db", "2ff56a4ee6df8ecc334101c1db41857969fd5ed22e369e5a2495d41730bb7762"]}
{"event": "weights_published", "t": 1791389865.461421, "generation": 34, "child_sha256": "2ff56a4ee6df8ecc334101c1db41857969fd5ed22e369e5a2495d41730bb7762"}
{"event": "generation_done", "t": 1791389865.461473, "generation": 34, "parent_sha256": "26c346fb6aaedb3457ad2ee9e1692f97f71190a2cbe61e63f9bd0056097885db", "child_sha256": "2ff56a4ee6df8ecc334101c1db41857969fd5ed22e369e5a2495d41730bb7762", "record_hash": "f3b58f80d39934571901b8dbe4694fe26f071050a1929d6e0b125687933ad9d9", "mean_reward": 0.822265625, "max_reward": 0.90625, "noop": false, "changed": 484261884, "applied_l2": 4.537654579219985, "requested_l2": 4.53692275392705, "wait_seconds": 85.25554540800658, "record_seconds": 0.0054162119995453395, "update_seconds": 2.3720870159959304, "publish_seconds": 0.02362789000471821, "total_seconds": 87.65667652600678}
{"event": "generation_open", "t": 1791389865.4714, "generation": 35, "parent_sha256": "2ff56a4ee6df8ecc334101c1db41857969fd5ed22e369e5a2495d41730bb7762", "candidates": 24}
{"event": "generation_complete", "t": 1791389954.4092643, "generation": 35}
{"event": "update_recorded", "t": 1791389954.4137144, "generation": 35, "record_hash": "ce5ffa20b035b6771c907a968ec5443b7b6d2f9e526a9b7ab9520cd8c27ede11"}
{"event": "update_applied", "t": 1791389956.7815094, "generation": 35, "child_sha256": "c0f40e0c3be7204e810c0c4b8efc52306b7eff03dd363b3c797f22769670d1c8", "noop": false, "changed": 484263839, "applied_l2": 4.537685648323916}
{"event": "weights_pruned", "t": 1791389956.8025165, "removed": ["9f379f7e5355b58f756c836958fc199395293e337da3082b02ca6a27014cce05"], "kept": ["26c346fb6aaedb3457ad2ee9e1692f97f71190a2cbe61e63f9bd0056097885db", "2ff56a4ee6df8ecc334101c1db41857969fd5ed22e369e5a2495d41730bb7762", "c0f40e0c3be7204e810c0c4b8efc52306b7eff03dd363b3c797f22769670d1c8"]}
{"event": "weights_published", "t": 1791389956.8025477, "generation": 35, "child_sha256": "c0f40e0c3be7204e810c0c4b8efc52306b7eff03dd363b3c797f22769670d1c8"}
{"event": "generation_done", "t": 1791389956.8025935, "generation": 35, "parent_sha256": "2ff56a4ee6df8ecc334101c1db41857969fd5ed22e369e5a2495d41730bb7762", "child_sha256": "c0f40e0c3be7204e810c0c4b8efc52306b7eff03dd363b3c797f22769670d1c8", "record_hash": "ce5ffa20b035b6771c907a968ec5443b7b6d2f9e526a9b7ab9520cd8c27ede11", "mean_reward": 0.806640625, "max_reward": 0.90625, "noop": false, "changed": 484263839, "applied_l2": 4.537685648323916, "requested_l2": 4.536947127922793, "wait_seconds": 88.94762396199803, "record_seconds": 0.004537136002909392, "update_seconds": 2.367823298998701, "publish_seconds": 0.02104049300396582, "total_seconds": 91.34102489000361}
{"event": "generation_open", "t": 1791389956.8063793, "generation": 36, "parent_sha256": "c0f40e0c3be7204e810c0c4b8efc52306b7eff03dd363b3c797f22769670d1c8", "candidates": 24}
{"event": "generation_complete", "t": 1791390043.918482, "generation": 36}
{"event": "update_recorded", "t": 1791390043.9232135, "generation": 36, "record_hash": "d1c05cd54a7d52ab9db7b87e9b075ca597551e86e08880f0567da3a4aec84629"}
{"event": "update_applied", "t": 1791390046.3068593, "generation": 36, "child_sha256": "3f37b678a8298d596e9dcbd517523f5df038e47914d74a71ee29248467551776", "noop": false, "changed": 484259927, "applied_l2": 4.537801532368616}
{"event": "weights_pruned", "t": 1791390046.325762, "removed": ["26c346fb6aaedb3457ad2ee9e1692f97f71190a2cbe61e63f9bd0056097885db"], "kept": ["2ff56a4ee6df8ecc334101c1db41857969fd5ed22e369e5a2495d41730bb7762", "c0f40e0c3be7204e810c0c4b8efc52306b7eff03dd363b3c797f22769670d1c8", "3f37b678a8298d596e9dcbd517523f5df038e47914d74a71ee29248467551776"]}
{"event": "weights_published", "t": 1791390046.3257873, "generation": 36, "child_sha256": "3f37b678a8298d596e9dcbd517523f5df038e47914d74a71ee29248467551776"}
{"event": "generation_done", "t": 1791390046.325829, "generation": 36, "parent_sha256": "c0f40e0c3be7204e810c0c4b8efc52306b7eff03dd363b3c797f22769670d1c8", "child_sha256": "3f37b678a8298d596e9dcbd517523f5df038e47914d74a71ee29248467551776", "record_hash": "d1c05cd54a7d52ab9db7b87e9b075ca597551e86e08880f0567da3a4aec84629", "mean_reward": 0.8235677083333334, "max_reward": 0.921875, "noop": false, "changed": 484259927, "applied_l2": 4.537801532368616, "requested_l2": 4.537061750902051, "wait_seconds": 87.11564549799368, "record_seconds": 0.004900958003418054, "update_seconds": 2.383677767997142, "publish_seconds": 0.018930250000266824, "total_seconds": 89.52315447399451}
{"event": "generation_open", "t": 1791390046.3296893, "generation": 37, "parent_sha256": "3f37b678a8298d596e9dcbd517523f5df038e47914d74a71ee29248467551776", "candidates": 24}
{"event": "generation_complete", "t": 1791390135.7746084, "generation": 37}
{"event": "update_recorded", "t": 1791390135.7819364, "generation": 37, "record_hash": "123f2b09a924b6848c2eafb3ace21540f03368c954379afee09cee6cf1f537ca"}
{"event": "update_applied", "t": 1791390138.1600566, "generation": 37, "child_sha256": "0bfa887d123d065119f5bc3d6baae73a2d91efa3b72a4994f556be911db36a03", "noop": false, "changed": 484264952, "applied_l2": 4.537932969479445}
{"event": "weights_pruned", "t": 1791390138.1617413, "removed": ["2ff56a4ee6df8ecc334101c1db41857969fd5ed22e369e5a2495d41730bb7762"], "kept": ["c0f40e0c3be7204e810c0c4b8efc52306b7eff03dd363b3c797f22769670d1c8", "3f37b678a8298d596e9dcbd517523f5df038e47914d74a71ee29248467551776", "0bfa887d123d065119f5bc3d6baae73a2d91efa3b72a4994f556be911db36a03"]}
{"event": "weights_published", "t": 1791390138.1617641, "generation": 37, "child_sha256": "0bfa887d123d065119f5bc3d6baae73a2d91efa3b72a4994f556be911db36a03"}
{"event": "generation_done", "t": 1791390138.1618037, "generation": 37, "parent_sha256": "3f37b678a8298d596e9dcbd517523f5df038e47914d74a71ee29248467551776", "child_sha256": "0bfa887d123d065119f5bc3d6baae73a2d91efa3b72a4994f556be911db36a03", "record_hash": "123f2b09a924b6848c2eafb3ace21540f03368c954379afee09cee6cf1f537ca", "mean_reward": 0.8255208333333334, "max_reward": 0.890625, "noop": false, "changed": 484264952, "applied_l2": 4.537932969479445, "requested_l2": 4.537199082663906, "wait_seconds": 89.44862449300126, "record_seconds": 0.007420817004458513, "update_seconds": 2.378143201000057, "publish_seconds": 0.001709780000965111, "total_seconds": 91.83589829100674}
{"event": "generation_open", "t": 1791390138.1640456, "generation": 38, "parent_sha256": "0bfa887d123d065119f5bc3d6baae73a2d91efa3b72a4994f556be911db36a03", "candidates": 24}
{"event": "generation_complete", "t": 1791390225.1805158, "generation": 38}
{"event": "update_recorded", "t": 1791390225.1880188, "generation": 38, "record_hash": "f24f7a5f3da6f3a3a049041d485a7aeaf3478016cdd411cc7dd7d38c0ec21903"}
{"event": "update_applied", "t": 1791390227.5491946, "generation": 38, "child_sha256": "b6b5b92a424f61964a3835d91bd1dfdc5d1b0a9c5596cfa514d78b0127a05ca8", "noop": false, "changed": 484258110, "applied_l2": 4.537675968154071}
{"event": "weights_pruned", "t": 1791390227.5696015, "removed": ["c0f40e0c3be7204e810c0c4b8efc52306b7eff03dd363b3c797f22769670d1c8"], "kept": ["3f37b678a8298d596e9dcbd517523f5df038e47914d74a71ee29248467551776", "0bfa887d123d065119f5bc3d6baae73a2d91efa3b72a4994f556be911db36a03", "b6b5b92a424f61964a3835d91bd1dfdc5d1b0a9c5596cfa514d78b0127a05ca8"]}
{"event": "weights_published", "t": 1791390227.5696304, "generation": 38, "child_sha256": "b6b5b92a424f61964a3835d91bd1dfdc5d1b0a9c5596cfa514d78b0127a05ca8"}
{"event": "generation_done", "t": 1791390227.5696723, "generation": 38, "parent_sha256": "0bfa887d123d065119f5bc3d6baae73a2d91efa3b72a4994f556be911db36a03", "child_sha256": "b6b5b92a424f61964a3835d91bd1dfdc5d1b0a9c5596cfa514d78b0127a05ca8", "record_hash": "f24f7a5f3da6f3a3a049041d485a7aeaf3478016cdd411cc7dd7d38c0ec21903", "mean_reward": 0.8209635416666666, "max_reward": 0.921875, "noop": false, "changed": 484258110, "applied_l2": 4.537675968154071, "requested_l2": 4.5369400813657315, "wait_seconds": 87.01855402899673, "record_seconds": 0.007587943000544328, "update_seconds": 2.3612068310030736, "publish_seconds": 0.020437440995010547, "total_seconds": 89.40778624399536}
{"event": "generation_open", "t": 1791390227.5726788, "generation": 39, "parent_sha256": "b6b5b92a424f61964a3835d91bd1dfdc5d1b0a9c5596cfa514d78b0127a05ca8", "candidates": 24}
{"event": "generation_complete", "t": 1791390317.4065013, "generation": 39}
{"event": "update_recorded", "t": 1791390317.4144218, "generation": 39, "record_hash": "1ac371cc1ca73f5bc617849f829991f0a64a3b8197969298bae937bf2f47f616"}
{"event": "update_applied", "t": 1791390319.800062, "generation": 39, "child_sha256": "1d65ba411f138fa4a6d2d306468a6eb5a7acc1865e1acad6b334c564adf2d30f", "noop": false, "changed": 484258703, "applied_l2": 4.537768388753347}
{"event": "weights_pruned", "t": 1791390319.8222218, "removed": ["3f37b678a8298d596e9dcbd517523f5df038e47914d74a71ee29248467551776"], "kept": ["0bfa887d123d065119f5bc3d6baae73a2d91efa3b72a4994f556be911db36a03", "b6b5b92a424f61964a3835d91bd1dfdc5d1b0a9c5596cfa514d78b0127a05ca8", "1d65ba411f138fa4a6d2d306468a6eb5a7acc1865e1acad6b334c564adf2d30f"]}
{"event": "weights_published", "t": 1791390319.8222556, "generation": 39, "child_sha256": "1d65ba411f138fa4a6d2d306468a6eb5a7acc1865e1acad6b334c564adf2d30f"}
{"event": "generation_done", "t": 1791390319.8223057, "generation": 39, "parent_sha256": "b6b5b92a424f61964a3835d91bd1dfdc5d1b0a9c5596cfa514d78b0127a05ca8", "child_sha256": "1d65ba411f138fa4a6d2d306468a6eb5a7acc1865e1acad6b334c564adf2d30f", "record_hash": "1ac371cc1ca73f5bc617849f829991f0a64a3b8197969298bae937bf2f47f616", "mean_reward": 0.8092447916666666, "max_reward": 0.921875, "noop": false, "changed": 484258703, "applied_l2": 4.537768388753347, "requested_l2": 4.537035742690742, "wait_seconds": 89.83659444899968, "record_seconds": 0.008076985999650788, "update_seconds": 2.3856725900041056, "publish_seconds": 0.02219824199710274, "total_seconds": 92.25254226700054}
{"event": "generation_open", "t": 1791390319.831426, "generation": 40, "parent_sha256": "1d65ba411f138fa4a6d2d306468a6eb5a7acc1865e1acad6b334c564adf2d30f", "candidates": 24}
{"event": "generation_complete", "t": 1791390407.8562603, "generation": 40}
{"event": "update_recorded", "t": 1791390407.8604922, "generation": 40, "record_hash": "83fc97a857d32fe32a9bef4b7dd8026b99f05e6359cf6a4eb2ca10b23ddfc9f8"}
{"event": "update_applied", "t": 1791390410.2293012, "generation": 40, "child_sha256": "529561e1a2fec7590c2ca120ac86ee828300f73e9969741a79dda1d0df266b94", "noop": false, "changed": 484253948, "applied_l2": 4.537810872233451}
{"event": "weights_pruned", "t": 1791390410.251499, "removed": ["0bfa887d123d065119f5bc3d6baae73a2d91efa3b72a4994f556be911db36a03"], "kept": ["b6b5b92a424f61964a3835d91bd1dfdc5d1b0a9c5596cfa514d78b0127a05ca8", "1d65ba411f138fa4a6d2d306468a6eb5a7acc1865e1acad6b334c564adf2d30f", "529561e1a2fec7590c2ca120ac86ee828300f73e9969741a79dda1d0df266b94"]}
{"event": "weights_published", "t": 1791390410.251525, "generation": 40, "child_sha256": "529561e1a2fec7590c2ca120ac86ee828300f73e9969741a79dda1d0df266b94"}
{"event": "generation_done", "t": 1791390410.25157, "generation": 40, "parent_sha256": "1d65ba411f138fa4a6d2d306468a6eb5a7acc1865e1acad6b334c564adf2d30f", "child_sha256": "529561e1a2fec7590c2ca120ac86ee828300f73e9969741a79dda1d0df266b94", "record_hash": "83fc97a857d32fe32a9bef4b7dd8026b99f05e6359cf6a4eb2ca10b23ddfc9f8", "mean_reward": 0.8255208333333334, "max_reward": 0.921875, "noop": false, "changed": 484253948, "applied_l2": 4.537810872233451, "requested_l2": 4.537075136105158, "wait_seconds": 88.03376781700354, "record_seconds": 0.004347740999946836, "update_seconds": 2.3688417299999855, "publish_seconds": 0.02222536699991906, "total_seconds": 90.42918265500339}
{"event": "generation_open", "t": 1791390410.260854, "generation": 41, "parent_sha256": "529561e1a2fec7590c2ca120ac86ee828300f73e9969741a79dda1d0df266b94", "candidates": 24}
{"event": "generation_complete", "t": 1791390499.2831764, "generation": 41}
{"event": "update_recorded", "t": 1791390499.2874198, "generation": 41, "record_hash": "5c264c8589faad95dfb0869d27813078d8c9c00205dcbadffa5af0d67a0302bf"}
{"event": "update_applied", "t": 1791390501.6541016, "generation": 41, "child_sha256": "cf3828d763bb8e8d6d6ab30def59c361c106fdb005df0319041975555b40f4d8", "noop": false, "changed": 484257723, "applied_l2": 4.5376464934876015}
{"event": "weights_pruned", "t": 1791390501.6756265, "removed": ["b6b5b92a424f61964a3835d91bd1dfdc5d1b0a9c5596cfa514d78b0127a05ca8"], "kept": ["1d65ba411f138fa4a6d2d306468a6eb5a7acc1865e1acad6b334c564adf2d30f", "529561e1a2fec7590c2ca120ac86ee828300f73e9969741a79dda1d0df266b94", "cf3828d763bb8e8d6d6ab30def59c361c106fdb005df0319041975555b40f4d8"]}
{"event": "weights_published", "t": 1791390501.675661, "generation": 41, "child_sha256": "cf3828d763bb8e8d6d6ab30def59c361c106fdb005df0319041975555b40f4d8"}
{"event": "generation_done", "t": 1791390501.675708, "generation": 41, "parent_sha256": "529561e1a2fec7590c2ca120ac86ee828300f73e9969741a79dda1d0df266b94", "child_sha256": "cf3828d763bb8e8d6d6ab30def59c361c106fdb005df0319041975555b40f4d8", "record_hash": "5c264c8589faad95dfb0869d27813078d8c9c00205dcbadffa5af0d67a0302bf", "mean_reward": 0.810546875, "max_reward": 0.921875, "noop": false, "changed": 484257723, "applied_l2": 4.5376464934876015, "requested_l2": 4.5369122794536425, "wait_seconds": 89.03143984499911, "record_seconds": 0.004333761004090775, "update_seconds": 2.3667133299968555, "publish_seconds": 0.02156138900318183, "total_seconds": 91.42404832500324}
{"event": "generation_open", "t": 1791390501.685121, "generation": 42, "parent_sha256": "cf3828d763bb8e8d6d6ab30def59c361c106fdb005df0319041975555b40f4d8", "candidates": 24}
{"event": "generation_complete", "t": 1791390592.4867373, "generation": 42}
{"event": "update_recorded", "t": 1791390592.4916966, "generation": 42, "record_hash": "7b38f836d0269caf52597d51d955e9e857cab0fe52048aafa5318f5fb4bd61e8"}
{"event": "update_applied", "t": 1791390594.8317657, "generation": 42, "child_sha256": "a2dd3330e2db60fb9fc0dc7df5e6a63197601ecb54047799c5bd5eccce30fda8", "noop": false, "changed": 484253353, "applied_l2": 4.537816098458642}
{"event": "weights_pruned", "t": 1791390594.8334892, "removed": ["1d65ba411f138fa4a6d2d306468a6eb5a7acc1865e1acad6b334c564adf2d30f"], "kept": ["529561e1a2fec7590c2ca120ac86ee828300f73e9969741a79dda1d0df266b94", "cf3828d763bb8e8d6d6ab30def59c361c106fdb005df0319041975555b40f4d8", "a2dd3330e2db60fb9fc0dc7df5e6a63197601ecb54047799c5bd5eccce30fda8"]}
{"event": "weights_published", "t": 1791390594.8335073, "generation": 42, "child_sha256": "a2dd3330e2db60fb9fc0dc7df5e6a63197601ecb54047799c5bd5eccce30fda8"}
{"event": "generation_done", "t": 1791390594.8335483, "generation": 42, "parent_sha256": "cf3828d763bb8e8d6d6ab30def59c361c106fdb005df0319041975555b40f4d8", "child_sha256": "a2dd3330e2db60fb9fc0dc7df5e6a63197601ecb54047799c5bd5eccce30fda8", "record_hash": "7b38f836d0269caf52597d51d955e9e857cab0fe52048aafa5318f5fb4bd61e8", "mean_reward": 0.8216145833333334, "max_reward": 0.890625, "noop": false, "changed": 484253353, "applied_l2": 4.537816098458642, "requested_l2": 4.537081732176198, "wait_seconds": 90.81079291799688, "record_seconds": 0.005116740001540165, "update_seconds": 2.3400993769973866, "publish_seconds": 0.0017439030052628368, "total_seconds": 93.15775293800107}
{"event": "generation_open", "t": 1791390594.835767, "generation": 43, "parent_sha256": "a2dd3330e2db60fb9fc0dc7df5e6a63197601ecb54047799c5bd5eccce30fda8", "candidates": 24}
{"event": "generation_complete", "t": 1791390682.460312, "generation": 43}
{"event": "update_recorded", "t": 1791390682.4650173, "generation": 43, "record_hash": "f5a51b6187b89ddc281b2d0950ccdf4123b6b58c9d450639b66e66ed10e1d0f8"}
{"event": "update_applied", "t": 1791390684.840938, "generation": 43, "child_sha256": "0a522c231def07a78f18e1e06726049445a9f7c99f65c7e9b7e3f5a7e3362d5b", "noop": false, "changed": 484255041, "applied_l2": 4.538018211645308}
{"event": "weights_pruned", "t": 1791390684.8642232, "removed": ["529561e1a2fec7590c2ca120ac86ee828300f73e9969741a79dda1d0df266b94"], "kept": ["cf3828d763bb8e8d6d6ab30def59c361c106fdb005df0319041975555b40f4d8", "a2dd3330e2db60fb9fc0dc7df5e6a63197601ecb54047799c5bd5eccce30fda8", "0a522c231def07a78f18e1e06726049445a9f7c99f65c7e9b7e3f5a7e3362d5b"]}
{"event": "weights_published", "t": 1791390684.8642507, "generation": 43, "child_sha256": "0a522c231def07a78f18e1e06726049445a9f7c99f65c7e9b7e3f5a7e3362d5b"}
{"event": "generation_done", "t": 1791390684.8643022, "generation": 43, "parent_sha256": "a2dd3330e2db60fb9fc0dc7df5e6a63197601ecb54047799c5bd5eccce30fda8", "child_sha256": "0a522c231def07a78f18e1e06726049445a9f7c99f65c7e9b7e3f5a7e3362d5b", "record_hash": "f5a51b6187b89ddc281b2d0950ccdf4123b6b58c9d450639b66e66ed10e1d0f8", "mean_reward": 0.8111979166666666, "max_reward": 0.90625, "noop": false, "changed": 484255041, "applied_l2": 4.538018211645308, "requested_l2": 4.5372792490585345, "wait_seconds": 87.62639915099862, "record_seconds": 0.005000384000595659, "update_seconds": 2.3759519009981886, "publish_seconds": 0.023314598998695146, "total_seconds": 90.0306660349961}
{"event": "generation_open", "t": 1791390684.8717113, "generation": 44, "parent_sha256": "0a522c231def07a78f18e1e06726049445a9f7c99f65c7e9b7e3f5a7e3362d5b", "candidates": 24}
{"event": "generation_complete", "t": 1791390773.3896422, "generation": 44}
{"event": "update_recorded", "t": 1791390773.3979778, "generation": 44, "record_hash": "8a37dc8cd96ae573787cfb395fffae8f05014d37bd81c1717a9b751add26ee23"}
{"event": "update_applied", "t": 1791390775.7663841, "generation": 44, "child_sha256": "b7ea98f3a570d7655e7b4a91dd87b942b449f419a064ae1ea7f66526b56433b3", "noop": false, "changed": 484246795, "applied_l2": 4.537890519463781}
{"event": "weights_pruned", "t": 1791390775.7902057, "removed": ["cf3828d763bb8e8d6d6ab30def59c361c106fdb005df0319041975555b40f4d8"], "kept": ["a2dd3330e2db60fb9fc0dc7df5e6a63197601ecb54047799c5bd5eccce30fda8", "0a522c231def07a78f18e1e06726049445a9f7c99f65c7e9b7e3f5a7e3362d5b", "b7ea98f3a570d7655e7b4a91dd87b942b449f419a064ae1ea7f66526b56433b3"]}
{"event": "weights_published", "t": 1791390775.7902327, "generation": 44, "child_sha256": "b7ea98f3a570d7655e7b4a91dd87b942b449f419a064ae1ea7f66526b56433b3"}
{"event": "generation_done", "t": 1791390775.7902753, "generation": 44, "parent_sha256": "0a522c231def07a78f18e1e06726049445a9f7c99f65c7e9b7e3f5a7e3362d5b", "child_sha256": "b7ea98f3a570d7655e7b4a91dd87b942b449f419a064ae1ea7f66526b56433b3", "record_hash": "8a37dc8cd96ae573787cfb395fffae8f05014d37bd81c1717a9b751add26ee23", "mean_reward": 0.8235677083333334, "max_reward": 0.9375, "noop": false, "changed": 484246795, "applied_l2": 4.537890519463781, "requested_l2": 4.537147958118194, "wait_seconds": 88.52518516800046, "record_seconds": 0.008411814000282902, "update_seconds": 2.3684449089996633, "publish_seconds": 0.023850024997955188, "total_seconds": 90.92589191599836}
{"event": "generation_open", "t": 1791390775.7973807, "generation": 45, "parent_sha256": "b7ea98f3a570d7655e7b4a91dd87b942b449f419a064ae1ea7f66526b56433b3", "candidates": 24}
{"event": "generation_complete", "t": 1791390862.8557007, "generation": 45}
{"event": "update_recorded", "t": 1791390862.8602898, "generation": 45, "record_hash": "f210d1a573027696c3f7993656863fe73844504d483e047f12ad2dff679818bb"}
{"event": "update_applied", "t": 1791390865.221376, "generation": 45, "child_sha256": "9894b65a5fc68f84cbf6f978bb53b2384f6d1ff0240406ac0153095709c48290", "noop": false, "changed": 484253127, "applied_l2": 4.537788311566746}
{"event": "weights_pruned", "t": 1791390865.2411997, "removed": ["a2dd3330e2db60fb9fc0dc7df5e6a63197601ecb54047799c5bd5eccce30fda8"], "kept": ["0a522c231def07a78f18e1e06726049445a9f7c99f65c7e9b7e3f5a7e3362d5b", "b7ea98f3a570d7655e7b4a91dd87b942b449f419a064ae1ea7f66526b56433b3", "9894b65a5fc68f84cbf6f978bb53b2384f6d1ff0240406ac0153095709c48290"]}
{"event": "weights_published", "t": 1791390865.241225, "generation": 45, "child_sha256": "9894b65a5fc68f84cbf6f978bb53b2384f6d1ff0240406ac0153095709c48290"}
{"event": "generation_done", "t": 1791390865.2412703, "generation": 45, "parent_sha256": "b7ea98f3a570d7655e7b4a91dd87b942b449f419a064ae1ea7f66526b56433b3", "child_sha256": "9894b65a5fc68f84cbf6f978bb53b2384f6d1ff0240406ac0153095709c48290", "record_hash": "f210d1a573027696c3f7993656863fe73844504d483e047f12ad2dff679818bb", "mean_reward": 0.8307291666666666, "max_reward": 0.90625, "noop": false, "changed": 484253127, "applied_l2": 4.537788311566746, "requested_l2": 4.537055560672163, "wait_seconds": 87.06526341100107, "record_seconds": 0.004676307995396201, "update_seconds": 2.3611131650031894, "publish_seconds": 0.019854192003549542, "total_seconds": 89.4509070760032}
{"event": "generation_open", "t": 1791390865.2445967, "generation": 46, "parent_sha256": "9894b65a5fc68f84cbf6f978bb53b2384f6d1ff0240406ac0153095709c48290", "candidates": 24}
{"event": "generation_complete", "t": 1791390956.1466591, "generation": 46}
{"event": "update_recorded", "t": 1791390956.149537, "generation": 46, "record_hash": "8e0658037ab322cc42f8656ab0aa631b08c937ad828e6f65277fc84f675dffa2"}
{"event": "update_applied", "t": 1791390958.5343664, "generation": 46, "child_sha256": "1635f2d5ca4607dc70d7c35537171a096886f85723b8737fb8b6af9dee4f74cb", "noop": false, "changed": 484250913, "applied_l2": 4.53749036034373}
{"event": "weights_pruned", "t": 1791390958.5580785, "removed": ["0a522c231def07a78f18e1e06726049445a9f7c99f65c7e9b7e3f5a7e3362d5b"], "kept": ["b7ea98f3a570d7655e7b4a91dd87b942b449f419a064ae1ea7f66526b56433b3", "9894b65a5fc68f84cbf6f978bb53b2384f6d1ff0240406ac0153095709c48290", "1635f2d5ca4607dc70d7c35537171a096886f85723b8737fb8b6af9dee4f74cb"]}
{"event": "weights_published", "t": 1791390958.55811, "generation": 46, "child_sha256": "1635f2d5ca4607dc70d7c35537171a096886f85723b8737fb8b6af9dee4f74cb"}
{"event": "generation_done", "t": 1791390958.5581534, "generation": 46, "parent_sha256": "9894b65a5fc68f84cbf6f978bb53b2384f6d1ff0240406ac0153095709c48290", "child_sha256": "1635f2d5ca4607dc70d7c35537171a096886f85723b8737fb8b6af9dee4f74cb", "record_hash": "8e0658037ab322cc42f8656ab0aa631b08c937ad828e6f65277fc84f675dffa2", "mean_reward": 0.8359375, "max_reward": 0.921875, "noop": false, "changed": 484250913, "applied_l2": 4.53749036034373, "requested_l2": 4.536747960960748, "wait_seconds": 90.90523055499943, "record_seconds": 0.0029589629994006827, "update_seconds": 2.3848570870031836, "publish_seconds": 0.023753232999297325, "total_seconds": 93.31679983800132}
{"event": "generation_open", "t": 1791390958.567364, "generation": 47, "parent_sha256": "1635f2d5ca4607dc70d7c35537171a096886f85723b8737fb8b6af9dee4f74cb", "candidates": 24}
{"event": "generation_complete", "t": 1791391049.8928883, "generation": 47}
{"event": "update_recorded", "t": 1791391049.8974497, "generation": 47, "record_hash": "a9bd2ac1fd656a59718c3cc5ad3e35e81535bb9d43af161600125c0a78a228ea"}
{"event": "update_applied", "t": 1791391052.2808673, "generation": 47, "child_sha256": "faa77db18dfe048c1e9706bdfda5562f9d8cf57bf75f600030990a67d5c7684e", "noop": false, "changed": 484250535, "applied_l2": 4.537791341646588}
{"event": "weights_pruned", "t": 1791391052.2828243, "removed": ["b7ea98f3a570d7655e7b4a91dd87b942b449f419a064ae1ea7f66526b56433b3"], "kept": ["9894b65a5fc68f84cbf6f978bb53b2384f6d1ff0240406ac0153095709c48290", "1635f2d5ca4607dc70d7c35537171a096886f85723b8737fb8b6af9dee4f74cb", "faa77db18dfe048c1e9706bdfda5562f9d8cf57bf75f600030990a67d5c7684e"]}
{"event": "weights_published", "t": 1791391052.2828403, "generation": 47, "child_sha256": "faa77db18dfe048c1e9706bdfda5562f9d8cf57bf75f600030990a67d5c7684e"}
{"event": "generation_done", "t": 1791391052.282882, "generation": 47, "parent_sha256": "1635f2d5ca4607dc70d7c35537171a096886f85723b8737fb8b6af9dee4f74cb", "child_sha256": "faa77db18dfe048c1e9706bdfda5562f9d8cf57bf75f600030990a67d5c7684e", "record_hash": "a9bd2ac1fd656a59718c3cc5ad3e35e81535bb9d43af161600125c0a78a228ea", "mean_reward": 0.810546875, "max_reward": 0.890625, "noop": false, "changed": 484250535, "applied_l2": 4.537791341646588, "requested_l2": 4.537050165239941, "wait_seconds": 91.33458006099681, "record_seconds": 0.004645224005798809, "update_seconds": 2.3834495979972417, "publish_seconds": 0.0019753680026042275, "total_seconds": 93.72465025100246}
{"event": "generation_open", "t": 1791391052.2854598, "generation": 48, "parent_sha256": "faa77db18dfe048c1e9706bdfda5562f9d8cf57bf75f600030990a67d5c7684e", "candidates": 24}
{"event": "generation_complete", "t": 1791391139.6197133, "generation": 48}
{"event": "update_recorded", "t": 1791391139.6286054, "generation": 48, "record_hash": "9f58c175553dde5563db856f55e6069c331e326f1c4eaccf925ac6056a9a1c2f"}
{"event": "update_applied", "t": 1791391141.9730146, "generation": 48, "child_sha256": "5bc41f5eaf5e8604f432da5c8b181db80aa8ed50ee00beb18d56958c7a407a48", "noop": false, "changed": 484249938, "applied_l2": 4.537769367326798}
{"event": "weights_pruned", "t": 1791391141.9963443, "removed": ["9894b65a5fc68f84cbf6f978bb53b2384f6d1ff0240406ac0153095709c48290"], "kept": ["1635f2d5ca4607dc70d7c35537171a096886f85723b8737fb8b6af9dee4f74cb", "faa77db18dfe048c1e9706bdfda5562f9d8cf57bf75f600030990a67d5c7684e", "5bc41f5eaf5e8604f432da5c8b181db80aa8ed50ee00beb18d56958c7a407a48"]}
{"event": "weights_published", "t": 1791391141.996377, "generation": 48, "child_sha256": "5bc41f5eaf5e8604f432da5c8b181db80aa8ed50ee00beb18d56958c7a407a48"}
{"event": "generation_done", "t": 1791391141.996427, "generation": 48, "parent_sha256": "faa77db18dfe048c1e9706bdfda5562f9d8cf57bf75f600030990a67d5c7684e", "child_sha256": "5bc41f5eaf5e8604f432da5c8b181db80aa8ed50ee00beb18d56958c7a407a48", "record_hash": "9f58c175553dde5563db856f55e6069c331e326f1c4eaccf925ac6056a9a1c2f", "mean_reward": 0.826171875, "max_reward": 0.921875, "noop": false, "changed": 484249938, "applied_l2": 4.537769367326798, "requested_l2": 4.537029365227227, "wait_seconds": 87.3365997909932, "record_seconds": 0.009044757003721315, "update_seconds": 2.344439964996127, "publish_seconds": 0.02336463300161995, "total_seconds": 89.71344914599467}
{"event": "generation_open", "t": 1791391142.0066621, "generation": 49, "parent_sha256": "5bc41f5eaf5e8604f432da5c8b181db80aa8ed50ee00beb18d56958c7a407a48", "candidates": 24}
{"event": "generation_complete", "t": 1791391232.9336076, "generation": 49}
{"event": "update_recorded", "t": 1791391232.9397151, "generation": 49, "record_hash": "beaaeedbe54f66f6543b484bac158c2b6e94ffb555153fab9148e5d0e389b3fc"}
{"event": "update_applied", "t": 1791391235.3087456, "generation": 49, "child_sha256": "e051470d2bfb75edd5a5eef59bea06752c61db362bbe4e21acf6767c5adbf060", "noop": false, "changed": 484249845, "applied_l2": 4.537763499824349}
{"event": "weights_pruned", "t": 1791391235.328588, "removed": ["1635f2d5ca4607dc70d7c35537171a096886f85723b8737fb8b6af9dee4f74cb"], "kept": ["faa77db18dfe048c1e9706bdfda5562f9d8cf57bf75f600030990a67d5c7684e", "5bc41f5eaf5e8604f432da5c8b181db80aa8ed50ee00beb18d56958c7a407a48", "e051470d2bfb75edd5a5eef59bea06752c61db362bbe4e21acf6767c5adbf060"]}
{"event": "weights_published", "t": 1791391235.328621, "generation": 49, "child_sha256": "e051470d2bfb75edd5a5eef59bea06752c61db362bbe4e21acf6767c5adbf060"}
{"event": "generation_done", "t": 1791391235.3286679, "generation": 49, "parent_sha256": "5bc41f5eaf5e8604f432da5c8b181db80aa8ed50ee00beb18d56958c7a407a48", "child_sha256": "e051470d2bfb75edd5a5eef59bea06752c61db362bbe4e21acf6767c5adbf060", "record_hash": "beaaeedbe54f66f6543b484bac158c2b6e94ffb555153fab9148e5d0e389b3fc", "mean_reward": 0.82421875, "max_reward": 0.9375, "noop": false, "changed": 484249845, "applied_l2": 4.537763499824349, "requested_l2": 4.5370191833001146, "wait_seconds": 90.93701745999715, "record_seconds": 0.00619519900646992, "update_seconds": 2.369062395999208, "publish_seconds": 0.019876935999491252, "total_seconds": 93.33215199100232}
{"event": "generation_open", "t": 1791391235.3338344, "generation": 50, "parent_sha256": "e051470d2bfb75edd5a5eef59bea06752c61db362bbe4e21acf6767c5adbf060", "candidates": 24}
{"event": "generation_complete", "t": 1791391319.4039383, "generation": 50}
{"event": "update_recorded", "t": 1791391319.4108276, "generation": 50, "record_hash": "950a0845ad36290260c00ac27266583d5c04abf58abf93181f91b8b90fc4f611"}
{"event": "update_applied", "t": 1791391321.7447555, "generation": 50, "child_sha256": "3990041cf49bd380c97229be75bfb0767fab7eaddf3663686dbd6cc46f58d5ae", "noop": false, "changed": 484249793, "applied_l2": 4.537996576007896}
{"event": "weights_pruned", "t": 1791391321.7662508, "removed": ["faa77db18dfe048c1e9706bdfda5562f9d8cf57bf75f600030990a67d5c7684e"], "kept": ["5bc41f5eaf5e8604f432da5c8b181db80aa8ed50ee00beb18d56958c7a407a48", "e051470d2bfb75edd5a5eef59bea06752c61db362bbe4e21acf6767c5adbf060", "3990041cf49bd380c97229be75bfb0767fab7eaddf3663686dbd6cc46f58d5ae"]}
{"event": "weights_published", "t": 1791391321.766284, "generation": 50, "child_sha256": "3990041cf49bd380c97229be75bfb0767fab7eaddf3663686dbd6cc46f58d5ae"}
{"event": "generation_done", "t": 1791391321.7663388, "generation": 50, "parent_sha256": "e051470d2bfb75edd5a5eef59bea06752c61db362bbe4e21acf6767c5adbf060", "child_sha256": "3990041cf49bd380c97229be75bfb0767fab7eaddf3663686dbd6cc46f58d5ae", "record_hash": "950a0845ad36290260c00ac27266583d5c04abf58abf93181f91b8b90fc4f611", "mean_reward": 0.806640625, "max_reward": 0.890625, "noop": false, "changed": 484249793, "applied_l2": 4.537996576007896, "requested_l2": 4.537266275884974, "wait_seconds": 84.0751046469959, "record_seconds": 0.006984798004850745, "update_seconds": 2.3339580329993623, "publish_seconds": 0.02153082299628295, "total_seconds": 86.43757830099639}
{"event": "generation_open", "t": 1791391321.7773194, "generation": 51, "parent_sha256": "3990041cf49bd380c97229be75bfb0767fab7eaddf3663686dbd6cc46f58d5ae", "candidates": 24}
{"event": "generation_complete", "t": 1791391406.6246595, "generation": 51}
{"event": "update_recorded", "t": 1791391406.632664, "generation": 51, "record_hash": "318f3d22515304e2b368ff734bbbe75b1764449d683dbbf2de6a702c11c49441"}
{"event": "update_applied", "t": 1791391409.0101066, "generation": 51, "child_sha256": "4622f92ae4a7f6c067f6394c25e28e6b5ddb7afcf2e167a46787dd7ee0dd68b3", "noop": false, "changed": 484249644, "applied_l2": 4.537669471777657}
{"event": "weights_pruned", "t": 1791391409.0341578, "removed": ["5bc41f5eaf5e8604f432da5c8b181db80aa8ed50ee00beb18d56958c7a407a48"], "kept": ["e051470d2bfb75edd5a5eef59bea06752c61db362bbe4e21acf6767c5adbf060", "3990041cf49bd380c97229be75bfb0767fab7eaddf3663686dbd6cc46f58d5ae", "4622f92ae4a7f6c067f6394c25e28e6b5ddb7afcf2e167a46787dd7ee0dd68b3"]}
{"event": "weights_published", "t": 1791391409.0341861, "generation": 51, "child_sha256": "4622f92ae4a7f6c067f6394c25e28e6b5ddb7afcf2e167a46787dd7ee0dd68b3"}
{"event": "generation_done", "t": 1791391409.0342305, "generation": 51, "parent_sha256": "3990041cf49bd380c97229be75bfb0767fab7eaddf3663686dbd6cc46f58d5ae", "child_sha256": "4622f92ae4a7f6c067f6394c25e28e6b5ddb7afcf2e167a46787dd7ee0dd68b3", "record_hash": "318f3d22515304e2b368ff734bbbe75b1764449d683dbbf2de6a702c11c49441", "mean_reward": 0.806640625, "max_reward": 0.890625, "noop": false, "changed": 484249644, "applied_l2": 4.537669471777657, "requested_l2": 4.5369276639007285, "wait_seconds": 84.85815200900106, "record_seconds": 0.008094446995528415, "update_seconds": 2.3774685650059837, "publish_seconds": 0.024087578000035137, "total_seconds": 87.26780259900261}
{"event": "generation_open", "t": 1791391409.0449576, "generation": 52, "parent_sha256": "4622f92ae4a7f6c067f6394c25e28e6b5ddb7afcf2e167a46787dd7ee0dd68b3", "candidates": 24}
{"event": "generation_complete", "t": 1791391494.5499482, "generation": 52}
{"event": "update_recorded", "t": 1791391494.558434, "generation": 52, "record_hash": "d28f4b5357ddf33fc3034fc344a905b60353d182bf9d6827d100e9f87d669360"}
{"event": "update_applied", "t": 1791391496.9150982, "generation": 52, "child_sha256": "0da32508379a80652a4c1731c5ec4953fc5db1f57700b723e81f471c1d730b47", "noop": false, "changed": 484247549, "applied_l2": 4.538237450825757}
{"event": "weights_pruned", "t": 1791391496.9200928, "removed": ["e051470d2bfb75edd5a5eef59bea06752c61db362bbe4e21acf6767c5adbf060"], "kept": ["3990041cf49bd380c97229be75bfb0767fab7eaddf3663686dbd6cc46f58d5ae", "4622f92ae4a7f6c067f6394c25e28e6b5ddb7afcf2e167a46787dd7ee0dd68b3", "0da32508379a80652a4c1731c5ec4953fc5db1f57700b723e81f471c1d730b47"]}
{"event": "weights_published", "t": 1791391496.920116, "generation": 52, "child_sha256": "0da32508379a80652a4c1731c5ec4953fc5db1f57700b723e81f471c1d730b47"}
{"event": "generation_done", "t": 1791391496.9201565, "generation": 52, "parent_sha256": "4622f92ae4a7f6c067f6394c25e28e6b5ddb7afcf2e167a46787dd7ee0dd68b3", "child_sha256": "0da32508379a80652a4c1731c5ec4953fc5db1f57700b723e81f471c1d730b47", "record_hash": "d28f4b5357ddf33fc3034fc344a905b60353d182bf9d6827d100e9f87d669360", "mean_reward": 0.8079427083333334, "max_reward": 0.859375, "noop": false, "changed": 484247549, "applied_l2": 4.538237450825757, "requested_l2": 4.537502579903764, "wait_seconds": 85.51547601899802, "record_seconds": 0.008655680001538713, "update_seconds": 2.356694971000252, "publish_seconds": 0.005019991003791802, "total_seconds": 87.8858466610036}
{"event": "generation_open", "t": 1791391496.9256551, "generation": 53, "parent_sha256": "0da32508379a80652a4c1731c5ec4953fc5db1f57700b723e81f471c1d730b47", "candidates": 24}
{"event": "generation_complete", "t": 1791391581.781092, "generation": 53}
{"event": "update_recorded", "t": 1791391581.7891788, "generation": 53, "record_hash": "24f581d073f356e7ea9a1c9636cf5d2b84282fe4f44ef396bac91d8d31f25efe"}
{"event": "update_applied", "t": 1791391584.1722615, "generation": 53, "child_sha256": "c16cdcedefb2e908a2e5bb692cd97da74ce3b6b6ca48bc21dd0a88c483f749d7", "noop": false, "changed": 484247542, "applied_l2": 4.53777925358554}
{"event": "weights_pruned", "t": 1791391584.1902206, "removed": ["3990041cf49bd380c97229be75bfb0767fab7eaddf3663686dbd6cc46f58d5ae"], "kept": ["4622f92ae4a7f6c067f6394c25e28e6b5ddb7afcf2e167a46787dd7ee0dd68b3", "0da32508379a80652a4c1731c5ec4953fc5db1f57700b723e81f471c1d730b47", "c16cdcedefb2e908a2e5bb692cd97da74ce3b6b6ca48bc21dd0a88c483f749d7"]}
{"event": "weights_published", "t": 1791391584.1902463, "generation": 53, "child_sha256": "c16cdcedefb2e908a2e5bb692cd97da74ce3b6b6ca48bc21dd0a88c483f749d7"}
{"event": "generation_done", "t": 1791391584.1902936, "generation": 53, "parent_sha256": "0da32508379a80652a4c1731c5ec4953fc5db1f57700b723e81f471c1d730b47", "child_sha256": "c16cdcedefb2e908a2e5bb692cd97da74ce3b6b6ca48bc21dd0a88c483f749d7", "record_hash": "24f581d073f356e7ea9a1c9636cf5d2b84282fe4f44ef396bac91d8d31f25efe", "mean_reward": 0.8157552083333334, "max_reward": 0.90625, "noop": false, "changed": 484247542, "applied_l2": 4.53777925358554, "requested_l2": 4.537044409216553, "wait_seconds": 84.86077108800237, "record_seconds": 0.008181003999197856, "update_seconds": 2.383113603995298, "publish_seconds": 0.017986894999921788, "total_seconds": 87.27005259099678}
{"event": "generation_open", "t": 1791391584.193773, "generation": 54, "parent_sha256": "c16cdcedefb2e908a2e5bb692cd97da74ce3b6b6ca48bc21dd0a88c483f749d7", "candidates": 24}
{"event": "generation_complete", "t": 1791391667.420891, "generation": 54}
{"event": "update_recorded", "t": 1791391667.4292414, "generation": 54, "record_hash": "2ccd205bc02d7966a51b2dbbf233caee4936f90b8dfceb866f1008378eaa3f9b"}
{"event": "update_applied", "t": 1791391669.8414292, "generation": 54, "child_sha256": "95f180722e93dce33d02730d5d48a3d1e29ac8107a2fc9c5a7cece2b937f475d", "noop": false, "changed": 484245951, "applied_l2": 4.537531559459952}
{"event": "weights_pruned", "t": 1791391669.8659978, "removed": ["4622f92ae4a7f6c067f6394c25e28e6b5ddb7afcf2e167a46787dd7ee0dd68b3"], "kept": ["0da32508379a80652a4c1731c5ec4953fc5db1f57700b723e81f471c1d730b47", "c16cdcedefb2e908a2e5bb692cd97da74ce3b6b6ca48bc21dd0a88c483f749d7", "95f180722e93dce33d02730d5d48a3d1e29ac8107a2fc9c5a7cece2b937f475d"]}
{"event": "weights_published", "t": 1791391669.8660243, "generation": 54, "child_sha256": "95f180722e93dce33d02730d5d48a3d1e29ac8107a2fc9c5a7cece2b937f475d"}
{"event": "generation_done", "t": 1791391669.8660722, "generation": 54, "parent_sha256": "c16cdcedefb2e908a2e5bb692cd97da74ce3b6b6ca48bc21dd0a88c483f749d7", "child_sha256": "95f180722e93dce33d02730d5d48a3d1e29ac8107a2fc9c5a7cece2b937f475d", "record_hash": "2ccd205bc02d7966a51b2dbbf233caee4936f90b8dfceb866f1008378eaa3f9b", "mean_reward": 0.8170572916666666, "max_reward": 0.90625, "noop": false, "changed": 484245951, "applied_l2": 4.537531559459952, "requested_l2": 4.5367938130991625, "wait_seconds": 83.23036404299637, "record_seconds": 0.008503778000886086, "update_seconds": 2.4122187070024665, "publish_seconds": 0.02460156800225377, "total_seconds": 85.67568809600198}
{"event": "generation_open", "t": 1791391669.8725297, "generation": 55, "parent_sha256": "95f180722e93dce33d02730d5d48a3d1e29ac8107a2fc9c5a7cece2b937f475d", "candidates": 24}
{"event": "generation_complete", "t": 1791391756.1795, "generation": 55}
{"event": "update_recorded", "t": 1791391756.1875825, "generation": 55, "record_hash": "3814efcc5545586f469c5ee41d065ccd336c420fe1da77e2f3a54019697a0ac0"}
{"event": "update_applied", "t": 1791391758.5316756, "generation": 55, "child_sha256": "39effaf1e049e3f8c9b76f7ce6c9d3418f228bf1c83e972743883f792a48830d", "noop": false, "changed": 484250590, "applied_l2": 4.537679760994141}
{"event": "weights_pruned", "t": 1791391758.5554178, "removed": ["0da32508379a80652a4c1731c5ec4953fc5db1f57700b723e81f471c1d730b47"], "kept": ["c16cdcedefb2e908a2e5bb692cd97da74ce3b6b6ca48bc21dd0a88c483f749d7", "95f180722e93dce33d02730d5d48a3d1e29ac8107a2fc9c5a7cece2b937f475d", "39effaf1e049e3f8c9b76f7ce6c9d3418f228bf1c83e972743883f792a48830d"]}
{"event": "weights_published", "t": 1791391758.5554495, "generation": 55, "child_sha256": "39effaf1e049e3f8c9b76f7ce6c9d3418f228bf1c83e972743883f792a48830d"}
{"event": "generation_done", "t": 1791391758.5554953, "generation": 55, "parent_sha256": "95f180722e93dce33d02730d5d48a3d1e29ac8107a2fc9c5a7cece2b937f475d", "child_sha256": "39effaf1e049e3f8c9b76f7ce6c9d3418f228bf1c83e972743883f792a48830d", "record_hash": "3814efcc5545586f469c5ee41d065ccd336c420fe1da77e2f3a54019697a0ac0", "mean_reward": 0.8131510416666666, "max_reward": 0.90625, "noop": false, "changed": 484250590, "applied_l2": 4.537679760994141, "requested_l2": 4.536934204194797, "wait_seconds": 86.31326709900168, "record_seconds": 0.008167560001311358, "update_seconds": 2.3441241620021174, "publish_seconds": 0.023775557994667906, "total_seconds": 88.68933437899977}
{"event": "generation_open", "t": 1791391758.5654957, "generation": 56, "parent_sha256": "39effaf1e049e3f8c9b76f7ce6c9d3418f228bf1c83e972743883f792a48830d", "candidates": 24}
{"event": "generation_complete", "t": 1791391846.3173654, "generation": 56}
{"event": "update_recorded", "t": 1791391846.3254657, "generation": 56, "record_hash": "84abbb44b60d805373bcf198be871711a0f8aeb7d4aa2fc9d648aa84a15f4e63"}
{"event": "update_applied", "t": 1791391848.6933596, "generation": 56, "child_sha256": "17b684570876fe8f2d5167f153fd5ce3efeaaeb8259d2b95884cca2ac210fee5", "noop": false, "changed": 484250507, "applied_l2": 4.537700463534403}
{"event": "weights_pruned", "t": 1791391848.7182105, "removed": ["c16cdcedefb2e908a2e5bb692cd97da74ce3b6b6ca48bc21dd0a88c483f749d7"], "kept": ["95f180722e93dce33d02730d5d48a3d1e29ac8107a2fc9c5a7cece2b937f475d", "39effaf1e049e3f8c9b76f7ce6c9d3418f228bf1c83e972743883f792a48830d", "17b684570876fe8f2d5167f153fd5ce3efeaaeb8259d2b95884cca2ac210fee5"]}
{"event": "weights_published", "t": 1791391848.7182364, "generation": 56, "child_sha256": "17b684570876fe8f2d5167f153fd5ce3efeaaeb8259d2b95884cca2ac210fee5"}
{"event": "generation_done", "t": 1791391848.7182815, "generation": 56, "parent_sha256": "39effaf1e049e3f8c9b76f7ce6c9d3418f228bf1c83e972743883f792a48830d", "child_sha256": "17b684570876fe8f2d5167f153fd5ce3efeaaeb8259d2b95884cca2ac210fee5", "record_hash": "84abbb44b60d805373bcf198be871711a0f8aeb7d4aa2fc9d648aa84a15f4e63", "mean_reward": 0.787109375, "max_reward": 0.90625, "noop": false, "changed": 484250507, "applied_l2": 4.537700463534403, "requested_l2": 4.536963460787934, "wait_seconds": 87.7617056060044, "record_seconds": 0.008177493000403047, "update_seconds": 2.3679405559960287, "publish_seconds": 0.02487828900484601, "total_seconds": 90.16270194400568}
{"event": "generation_open", "t": 1791391848.7256806, "generation": 57, "parent_sha256": "17b684570876fe8f2d5167f153fd5ce3efeaaeb8259d2b95884cca2ac210fee5", "candidates": 24}
{"event": "generation_complete", "t": 1791391933.6132743, "generation": 57}
{"event": "update_recorded", "t": 1791391933.6173763, "generation": 57, "record_hash": "64bca3d69a2a5f21a339b48fdeef88cb414b2240cdb9d087e1032c7bd009d246"}
{"event": "update_applied", "t": 1791391935.957878, "generation": 57, "child_sha256": "b4ea15846d41eed1d22e5796a6d4632bb778a70dd46eb075266c683559d3ed9a", "noop": false, "changed": 484243227, "applied_l2": 4.5378601670383425}
{"event": "weights_pruned", "t": 1791391935.9598038, "removed": ["95f180722e93dce33d02730d5d48a3d1e29ac8107a2fc9c5a7cece2b937f475d"], "kept": ["39effaf1e049e3f8c9b76f7ce6c9d3418f228bf1c83e972743883f792a48830d", "17b684570876fe8f2d5167f153fd5ce3efeaaeb8259d2b95884cca2ac210fee5", "b4ea15846d41eed1d22e5796a6d4632bb778a70dd46eb075266c683559d3ed9a"]}
{"event": "weights_published", "t": 1791391935.9598274, "generation": 57, "child_sha256": "b4ea15846d41eed1d22e5796a6d4632bb778a70dd46eb075266c683559d3ed9a"}
{"event": "generation_done", "t": 1791391935.9598722, "generation": 57, "parent_sha256": "17b684570876fe8f2d5167f153fd5ce3efeaaeb8259d2b95884cca2ac210fee5", "child_sha256": "b4ea15846d41eed1d22e5796a6d4632bb778a70dd46eb075266c683559d3ed9a", "record_hash": "64bca3d69a2a5f21a339b48fdeef88cb414b2240cdb9d087e1032c7bd009d246", "mean_reward": 0.7994791666666666, "max_reward": 0.90625, "noop": false, "changed": 484243227, "applied_l2": 4.5378601670383425, "requested_l2": 4.537116991649528, "wait_seconds": 84.89483165599813, "record_seconds": 0.004186960999504663, "update_seconds": 2.3405330080058775, "publish_seconds": 0.0019512789949658327, "total_seconds": 87.24150290399848}
{"event": "generation_open", "t": 1791391935.9622154, "generation": 58, "parent_sha256": "b4ea15846d41eed1d22e5796a6d4632bb778a70dd46eb075266c683559d3ed9a", "candidates": 24}
{"event": "generation_complete", "t": 1791392025.3051617, "generation": 58}
{"event": "update_recorded", "t": 1791392025.3127944, "generation": 58, "record_hash": "689d801277cb329696c6b732bc552ea7b106d1b789e0db2d7381710e84f26442"}
{"event": "update_applied", "t": 1791392027.665856, "generation": 58, "child_sha256": "e516eb602b41e16d80683bc6347c9132c5098fe99e18da98762e5c0e4be214ba", "noop": false, "changed": 484240615, "applied_l2": 4.5380742998976595}
{"event": "weights_pruned", "t": 1791392027.689039, "removed": ["39effaf1e049e3f8c9b76f7ce6c9d3418f228bf1c83e972743883f792a48830d"], "kept": ["17b684570876fe8f2d5167f153fd5ce3efeaaeb8259d2b95884cca2ac210fee5", "b4ea15846d41eed1d22e5796a6d4632bb778a70dd46eb075266c683559d3ed9a", "e516eb602b41e16d80683bc6347c9132c5098fe99e18da98762e5c0e4be214ba"]}
{"event": "weights_published", "t": 1791392027.6890662, "generation": 58, "child_sha256": "e516eb602b41e16d80683bc6347c9132c5098fe99e18da98762e5c0e4be214ba"}
{"event": "generation_done", "t": 1791392027.6891112, "generation": 58, "parent_sha256": "b4ea15846d41eed1d22e5796a6d4632bb778a70dd46eb075266c683559d3ed9a", "child_sha256": "e516eb602b41e16d80683bc6347c9132c5098fe99e18da98762e5c0e4be214ba", "record_hash": "689d801277cb329696c6b732bc552ea7b106d1b789e0db2d7381710e84f26442", "mean_reward": 0.8001302083333334, "max_reward": 0.90625, "noop": false, "changed": 484240615, "applied_l2": 4.5380742998976595, "requested_l2": 4.53733459074261, "wait_seconds": 89.34500638300233, "record_seconds": 0.007832556999346707, "update_seconds": 2.3530996959962067, "publish_seconds": 0.023212273001263384, "total_seconds": 91.72915090899915}
{"event": "generation_open", "t": 1791392027.698945, "generation": 59, "parent_sha256": "e516eb602b41e16d80683bc6347c9132c5098fe99e18da98762e5c0e4be214ba", "candidates": 24}
{"event": "generation_complete", "t": 1791392116.8056157, "generation": 59}
{"event": "update_recorded", "t": 1791392116.8135443, "generation": 59, "record_hash": "b7b2439991e57fd88e37222d1c61400c074d6129ecef33b18bcf6ee2f22af2de"}
{"event": "update_applied", "t": 1791392119.156172, "generation": 59, "child_sha256": "dedfc578777305da9b8213651573f80e7246aad0fca0772483c0410555302cc2", "noop": false, "changed": 484240268, "applied_l2": 4.537753171826576}
{"event": "weights_pruned", "t": 1791392119.177908, "removed": ["17b684570876fe8f2d5167f153fd5ce3efeaaeb8259d2b95884cca2ac210fee5"], "kept": ["b4ea15846d41eed1d22e5796a6d4632bb778a70dd46eb075266c683559d3ed9a", "e516eb602b41e16d80683bc6347c9132c5098fe99e18da98762e5c0e4be214ba", "dedfc578777305da9b8213651573f80e7246aad0fca0772483c0410555302cc2"]}
{"event": "weights_published", "t": 1791392119.1779354, "generation": 59, "child_sha256": "dedfc578777305da9b8213651573f80e7246aad0fca0772483c0410555302cc2"}
{"event": "generation_done", "t": 1791392119.1779819, "generation": 59, "parent_sha256": "e516eb602b41e16d80683bc6347c9132c5098fe99e18da98762e5c0e4be214ba", "child_sha256": "dedfc578777305da9b8213651573f80e7246aad0fca0772483c0410555302cc2", "record_hash": "b7b2439991e57fd88e37222d1c61400c074d6129ecef33b18bcf6ee2f22af2de", "mean_reward": 0.818359375, "max_reward": 0.921875, "noop": false, "changed": 484240268, "applied_l2": 4.537753171826576, "requested_l2": 4.53701946190026, "wait_seconds": 89.11634833700373, "record_seconds": 0.008012068996322341, "update_seconds": 2.342653400999552, "publish_seconds": 0.021773174004920293, "total_seconds": 91.48878698100452}
{"event": "generation_open", "t": 1791392119.1820407, "generation": 60, "parent_sha256": "dedfc578777305da9b8213651573f80e7246aad0fca0772483c0410555302cc2", "candidates": 24}
{"event": "generation_complete", "t": 1791392206.207941, "generation": 60}
{"event": "update_recorded", "t": 1791392206.2158556, "generation": 60, "record_hash": "8cda13ab48eced41a8c5aa5d55bfc9a37eb3eefa262c1b12d0645dce68699888"}
{"event": "update_applied", "t": 1791392208.5967922, "generation": 60, "child_sha256": "d0e604f06853d6ac1b27d7081e402a4a46014c570e1a339f5fea1b6c1f86fe5c", "noop": false, "changed": 484242857, "applied_l2": 4.53788307824898}
{"event": "weights_pruned", "t": 1791392208.6194491, "removed": ["b4ea15846d41eed1d22e5796a6d4632bb778a70dd46eb075266c683559d3ed9a"], "kept": ["e516eb602b41e16d80683bc6347c9132c5098fe99e18da98762e5c0e4be214ba", "dedfc578777305da9b8213651573f80e7246aad0fca0772483c0410555302cc2", "d0e604f06853d6ac1b27d7081e402a4a46014c570e1a339f5fea1b6c1f86fe5c"]}
{"event": "weights_published", "t": 1791392208.619476, "generation": 60, "child_sha256": "d0e604f06853d6ac1b27d7081e402a4a46014c570e1a339f5fea1b6c1f86fe5c"}
{"event": "generation_done", "t": 1791392208.6195204, "generation": 60, "parent_sha256": "dedfc578777305da9b8213651573f80e7246aad0fca0772483c0410555302cc2", "child_sha256": "d0e604f06853d6ac1b27d7081e402a4a46014c570e1a339f5fea1b6c1f86fe5c", "record_hash": "8cda13ab48eced41a8c5aa5d55bfc9a37eb3eefa262c1b12d0645dce68699888", "mean_reward": 0.818359375, "max_reward": 0.9375, "noop": false, "changed": 484242857, "applied_l2": 4.53788307824898, "requested_l2": 4.537143517860041, "wait_seconds": 87.02979033400334, "record_seconds": 0.008005256997421384, "update_seconds": 2.3809689749978133, "publish_seconds": 0.022685537005600054, "total_seconds": 89.44145010300417}
{"event": "generation_open", "t": 1791392208.6288424, "generation": 61, "parent_sha256": "d0e604f06853d6ac1b27d7081e402a4a46014c570e1a339f5fea1b6c1f86fe5c", "candidates": 24}
{"event": "generation_complete", "t": 1791392296.9132717, "generation": 61}
{"event": "update_recorded", "t": 1791392296.921068, "generation": 61, "record_hash": "777410fff05d7b4b1bab9cbc580d8603f482d98e0a3cc08d8da94e292ee2c9da"}
{"event": "update_applied", "t": 1791392299.2979746, "generation": 61, "child_sha256": "597f0fb058ea7aa41cbcfcb52cc0a8581a0bfe543f9f0dff38e8439fe4c98a5b", "noop": false, "changed": 484239220, "applied_l2": 4.537662901541283}
{"event": "weights_pruned", "t": 1791392299.3181462, "removed": ["e516eb602b41e16d80683bc6347c9132c5098fe99e18da98762e5c0e4be214ba"], "kept": ["dedfc578777305da9b8213651573f80e7246aad0fca0772483c0410555302cc2", "d0e604f06853d6ac1b27d7081e402a4a46014c570e1a339f5fea1b6c1f86fe5c", "597f0fb058ea7aa41cbcfcb52cc0a8581a0bfe543f9f0dff38e8439fe4c98a5b"]}
{"event": "weights_published", "t": 1791392299.3181767, "generation": 61, "child_sha256": "597f0fb058ea7aa41cbcfcb52cc0a8581a0bfe543f9f0dff38e8439fe4c98a5b"}
{"event": "generation_done", "t": 1791392299.3182251, "generation": 61, "parent_sha256": "d0e604f06853d6ac1b27d7081e402a4a46014c570e1a339f5fea1b6c1f86fe5c", "child_sha256": "597f0fb058ea7aa41cbcfcb52cc0a8581a0bfe543f9f0dff38e8439fe4c98a5b", "record_hash": "777410fff05d7b4b1bab9cbc580d8603f482d98e0a3cc08d8da94e292ee2c9da", "mean_reward": 0.814453125, "max_reward": 0.890625, "noop": false, "changed": 484239220, "applied_l2": 4.537662901541283, "requested_l2": 4.53693049231791, "wait_seconds": 88.29359137299616, "record_seconds": 0.00788346900662873, "update_seconds": 2.3769395950002945, "publish_seconds": 0.020203752996167168, "total_seconds": 90.69861818999925}
{"event": "generation_open", "t": 1791392299.3217757, "generation": 62, "parent_sha256": "597f0fb058ea7aa41cbcfcb52cc0a8581a0bfe543f9f0dff38e8439fe4c98a5b", "candidates": 24}
{"event": "generation_complete", "t": 1791392400.1005542, "generation": 62}
{"event": "update_recorded", "t": 1791392400.105326, "generation": 62, "record_hash": "dbdb55dee5857e057e3dce5069bdcf877c70062d976ea5a43c6945606c8af5c7"}
{"event": "update_applied", "t": 1791392402.4876173, "generation": 62, "child_sha256": "92c6b26d11c86c03ff87a0506e14d9c352b94f9d832f2d05b47f35308f262a64", "noop": false, "changed": 484239667, "applied_l2": 4.537877904263647}
{"event": "weights_pruned", "t": 1791392402.4901016, "removed": ["dedfc578777305da9b8213651573f80e7246aad0fca0772483c0410555302cc2"], "kept": ["d0e604f06853d6ac1b27d7081e402a4a46014c570e1a339f5fea1b6c1f86fe5c", "597f0fb058ea7aa41cbcfcb52cc0a8581a0bfe543f9f0dff38e8439fe4c98a5b", "92c6b26d11c86c03ff87a0506e14d9c352b94f9d832f2d05b47f35308f262a64"]}
{"event": "weights_published", "t": 1791392402.4901245, "generation": 62, "child_sha256": "92c6b26d11c86c03ff87a0506e14d9c352b94f9d832f2d05b47f35308f262a64"}
{"event": "generation_done", "t": 1791392402.4901648, "generation": 62, "parent_sha256": "597f0fb058ea7aa41cbcfcb52cc0a8581a0bfe543f9f0dff38e8439fe4c98a5b", "child_sha256": "92c6b26d11c86c03ff87a0506e14d9c352b94f9d832f2d05b47f35308f262a64", "record_hash": "dbdb55dee5857e057e3dce5069bdcf877c70062d976ea5a43c6945606c8af5c7", "mean_reward": 0.8098958333333334, "max_reward": 0.921875, "noop": false, "changed": 484239667, "applied_l2": 4.537877904263647, "requested_l2": 4.537143210836819, "wait_seconds": 100.7820994040012, "record_seconds": 0.004924070002743974, "update_seconds": 2.3823236909956904, "publish_seconds": 0.002508816003683023, "total_seconds": 103.17185598100332}
{"event": "generation_open", "t": 1791392402.4925456, "generation": 63, "parent_sha256": "92c6b26d11c86c03ff87a0506e14d9c352b94f9d832f2d05b47f35308f262a64", "candidates": 24}
{"event": "generation_complete", "t": 1791392490.1418116, "generation": 63}
{"event": "update_recorded", "t": 1791392490.1489441, "generation": 63, "record_hash": "2a937bab9516a0b27a66d64a3632433d50262c306a2cc8798adb2bbe4b0b81c7"}
{"event": "update_applied", "t": 1791392492.520691, "generation": 63, "child_sha256": "8c5567e085d50fdca2ab47223a4c4b603ee5e3013e7511183de4efbe2eb875f7", "noop": false, "changed": 484239812, "applied_l2": 4.537794789385656}
{"event": "weights_pruned", "t": 1791392492.5398178, "removed": ["d0e604f06853d6ac1b27d7081e402a4a46014c570e1a339f5fea1b6c1f86fe5c"], "kept": ["597f0fb058ea7aa41cbcfcb52cc0a8581a0bfe543f9f0dff38e8439fe4c98a5b", "92c6b26d11c86c03ff87a0506e14d9c352b94f9d832f2d05b47f35308f262a64", "8c5567e085d50fdca2ab47223a4c4b603ee5e3013e7511183de4efbe2eb875f7"]}
{"event": "weights_published", "t": 1791392492.5398445, "generation": 63, "child_sha256": "8c5567e085d50fdca2ab47223a4c4b603ee5e3013e7511183de4efbe2eb875f7"}
{"event": "generation_done", "t": 1791392492.5398877, "generation": 63, "parent_sha256": "92c6b26d11c86c03ff87a0506e14d9c352b94f9d832f2d05b47f35308f262a64", "child_sha256": "8c5567e085d50fdca2ab47223a4c4b603ee5e3013e7511183de4efbe2eb875f7", "record_hash": "2a937bab9516a0b27a66d64a3632433d50262c306a2cc8798adb2bbe4b0b81c7", "mean_reward": 0.8053385416666666, "max_reward": 0.890625, "noop": false, "changed": 484239812, "applied_l2": 4.537794789385656, "requested_l2": 4.537051811414684, "wait_seconds": 87.6514859960007, "record_seconds": 0.007226253997941967, "update_seconds": 2.3717646580043947, "publish_seconds": 0.01915902199834818, "total_seconds": 90.04963593000139}
{"event": "generation_open", "t": 1791392492.5442493, "generation": 64, "parent_sha256": "8c5567e085d50fdca2ab47223a4c4b603ee5e3013e7511183de4efbe2eb875f7", "candidates": 24}
{"event": "generation_complete", "t": 1791392581.8594499, "generation": 64}
{"event": "update_recorded", "t": 1791392581.8673139, "generation": 64, "record_hash": "2f36172e5a756a4e8bf4048e152078192c6ac89040e131571be2ad6ac26d17c1"}
{"event": "update_applied", "t": 1791392584.2328544, "generation": 64, "child_sha256": "f5661b71e460af430c233a93746167c9eaedb0d606fed77edd333562425011f1", "noop": false, "changed": 484241305, "applied_l2": 4.537877066616194}
{"event": "weights_pruned", "t": 1791392584.2527888, "removed": ["597f0fb058ea7aa41cbcfcb52cc0a8581a0bfe543f9f0dff38e8439fe4c98a5b"], "kept": ["92c6b26d11c86c03ff87a0506e14d9c352b94f9d832f2d05b47f35308f262a64", "8c5567e085d50fdca2ab47223a4c4b603ee5e3013e7511183de4efbe2eb875f7", "f5661b71e460af430c233a93746167c9eaedb0d606fed77edd333562425011f1"]}
{"event": "weights_published", "t": 1791392584.2528498, "generation": 64, "child_sha256": "f5661b71e460af430c233a93746167c9eaedb0d606fed77edd333562425011f1"}
{"event": "generation_done", "t": 1791392584.252914, "generation": 64, "parent_sha256": "8c5567e085d50fdca2ab47223a4c4b603ee5e3013e7511183de4efbe2eb875f7", "child_sha256": "f5661b71e460af430c233a93746167c9eaedb0d606fed77edd333562425011f1", "record_hash": "2f36172e5a756a4e8bf4048e152078192c6ac89040e131571be2ad6ac26d17c1", "mean_reward": 0.8170572916666666, "max_reward": 0.921875, "noop": false, "changed": 484241305, "applied_l2": 4.537877066616194, "requested_l2": 4.537139962722845, "wait_seconds": 89.31937048500549, "record_seconds": 0.007952950996696018, "update_seconds": 2.3655738390007173, "publish_seconds": 0.019997021998278797, "total_seconds": 91.71289429700118}
{"event": "generation_open", "t": 1791392584.2570136, "generation": 65, "parent_sha256": "f5661b71e460af430c233a93746167c9eaedb0d606fed77edd333562425011f1", "candidates": 24}
{"event": "generation_complete", "t": 1791392673.311709, "generation": 65}
{"event": "update_recorded", "t": 1791392673.3170838, "generation": 65, "record_hash": "dc074a0b468c1c16f7081ea40770a3c4b91a266663829e4fb7353e8173993bbf"}
{"event": "update_applied", "t": 1791392675.690256, "generation": 65, "child_sha256": "7ce6e113d0cb9fe292705ded8de58aad893687f868d134ee7a0ed872a6d29bb2", "noop": false, "changed": 484238985, "applied_l2": 4.538015591464459}
{"event": "weights_pruned", "t": 1791392675.7082675, "removed": ["92c6b26d11c86c03ff87a0506e14d9c352b94f9d832f2d05b47f35308f262a64"], "kept": ["8c5567e085d50fdca2ab47223a4c4b603ee5e3013e7511183de4efbe2eb875f7", "f5661b71e460af430c233a93746167c9eaedb0d606fed77edd333562425011f1", "7ce6e113d0cb9fe292705ded8de58aad893687f868d134ee7a0ed872a6d29bb2"]}
{"event": "weights_published", "t": 1791392675.7082958, "generation": 65, "child_sha256": "7ce6e113d0cb9fe292705ded8de58aad893687f868d134ee7a0ed872a6d29bb2"}
{"event": "generation_done", "t": 1791392675.7083442, "generation": 65, "parent_sha256": "f5661b71e460af430c233a93746167c9eaedb0d606fed77edd333562425011f1", "child_sha256": "7ce6e113d0cb9fe292705ded8de58aad893687f868d134ee7a0ed872a6d29bb2", "record_hash": "dc074a0b468c1c16f7081ea40770a3c4b91a266663829e4fb7353e8173993bbf", "mean_reward": 0.814453125, "max_reward": 0.90625, "noop": false, "changed": 484238985, "applied_l2": 4.538015591464459, "requested_l2": 4.537280643716677, "wait_seconds": 89.05863479600521, "record_seconds": 0.005421602996648289, "update_seconds": 2.373242390996893, "publish_seconds": 0.01804164700297406, "total_seconds": 91.45534043700172}
{"event": "generation_open", "t": 1791392675.7122896, "generation": 66, "parent_sha256": "7ce6e113d0cb9fe292705ded8de58aad893687f868d134ee7a0ed872a6d29bb2", "candidates": 24}
{"event": "generation_complete", "t": 1791392758.828257, "generation": 66}
{"event": "update_recorded", "t": 1791392758.834737, "generation": 66, "record_hash": "1f6b5fd971ea267a6ea0c9f38e9b6015dff5a641d0a7a56254b119eace9ca0dc"}
{"event": "update_applied", "t": 1791392761.2161646, "generation": 66, "child_sha256": "66bc344d8317aaed979ac08b13dba6184c70b677f263c3c3ec8fd8212f37b2d9", "noop": false, "changed": 484242298, "applied_l2": 4.537466184796267}
{"event": "weights_pruned", "t": 1791392761.2399445, "removed": ["8c5567e085d50fdca2ab47223a4c4b603ee5e3013e7511183de4efbe2eb875f7"], "kept": ["f5661b71e460af430c233a93746167c9eaedb0d606fed77edd333562425011f1", "7ce6e113d0cb9fe292705ded8de58aad893687f868d134ee7a0ed872a6d29bb2", "66bc344d8317aaed979ac08b13dba6184c70b677f263c3c3ec8fd8212f37b2d9"]}
{"event": "weights_published", "t": 1791392761.2399771, "generation": 66, "child_sha256": "66bc344d8317aaed979ac08b13dba6184c70b677f263c3c3ec8fd8212f37b2d9"}
{"event": "generation_done", "t": 1791392761.2400222, "generation": 66, "parent_sha256": "7ce6e113d0cb9fe292705ded8de58aad893687f868d134ee7a0ed872a6d29bb2", "child_sha256": "66bc344d8317aaed979ac08b13dba6184c70b677f263c3c3ec8fd8212f37b2d9", "record_hash": "1f6b5fd971ea267a6ea0c9f38e9b6015dff5a641d0a7a56254b119eace9ca0dc", "mean_reward": 0.80859375, "max_reward": 0.90625, "noop": false, "changed": 484242298, "applied_l2": 4.537466184796267, "requested_l2": 4.536733994695004, "wait_seconds": 83.11974890300189, "record_seconds": 0.006564954994246364, "update_seconds": 2.3814596730007906, "publish_seconds": 0.0238143710012082, "total_seconds": 85.53158790199814}
{"event": "generation_open", "t": 1791392761.2499135, "generation": 67, "parent_sha256": "66bc344d8317aaed979ac08b13dba6184c70b677f263c3c3ec8fd8212f37b2d9", "candidates": 24}
{"event": "generation_complete", "t": 1791392847.5866568, "generation": 67}
{"event": "update_recorded", "t": 1791392847.5928302, "generation": 67, "record_hash": "d37ca074b1e17b09785476e7ef43916327d205df83741a6cdddc5dcd3cad8305"}
{"event": "update_applied", "t": 1791392849.967958, "generation": 67, "child_sha256": "e98e2182d895bced60595ddb9f14ba05cc760f1b8f7ec358cfe8b1854751bd86", "noop": false, "changed": 484239429, "applied_l2": 4.537635462511441}
{"event": "weights_pruned", "t": 1791392849.972767, "removed": ["f5661b71e460af430c233a93746167c9eaedb0d606fed77edd333562425011f1"], "kept": ["7ce6e113d0cb9fe292705ded8de58aad893687f868d134ee7a0ed872a6d29bb2", "66bc344d8317aaed979ac08b13dba6184c70b677f263c3c3ec8fd8212f37b2d9", "e98e2182d895bced60595ddb9f14ba05cc760f1b8f7ec358cfe8b1854751bd86"]}
{"event": "weights_published", "t": 1791392849.9727886, "generation": 67, "child_sha256": "e98e2182d895bced60595ddb9f14ba05cc760f1b8f7ec358cfe8b1854751bd86"}
{"event": "generation_done", "t": 1791392849.972835, "generation": 67, "parent_sha256": "66bc344d8317aaed979ac08b13dba6184c70b677f263c3c3ec8fd8212f37b2d9", "child_sha256": "e98e2182d895bced60595ddb9f14ba05cc760f1b8f7ec358cfe8b1854751bd86", "record_hash": "d37ca074b1e17b09785476e7ef43916327d205df83741a6cdddc5dcd3cad8305", "mean_reward": 0.8203125, "max_reward": 0.90625, "noop": false, "changed": 484239429, "applied_l2": 4.537635462511441, "requested_l2": 4.53689879087132, "wait_seconds": 86.34639742099534, "record_seconds": 0.006304236005234998, "update_seconds": 2.3751901099967654, "publish_seconds": 0.00483238699962385, "total_seconds": 88.73272415399697}
{"event": "generation_open", "t": 1791392849.978489, "generation": 68, "parent_sha256": "e98e2182d895bced60595ddb9f14ba05cc760f1b8f7ec358cfe8b1854751bd86", "candidates": 24}
{"event": "generation_complete", "t": 1791392939.6792755, "generation": 68}
{"event": "update_recorded", "t": 1791392939.6840742, "generation": 68, "record_hash": "ee4c719a3e7319011bdb199a99d2465f4f534451181a331b71af917634ac879c"}
{"event": "update_applied", "t": 1791392942.0463443, "generation": 68, "child_sha256": "ba76dd54ba511aa7a43fcf1668f25ca0a98d82694f147bf7250ba19e71ea8a10", "noop": false, "changed": 484236504, "applied_l2": 4.537633953743531}
{"event": "weights_pruned", "t": 1791392942.0667071, "removed": ["7ce6e113d0cb9fe292705ded8de58aad893687f868d134ee7a0ed872a6d29bb2"], "kept": ["66bc344d8317aaed979ac08b13dba6184c70b677f263c3c3ec8fd8212f37b2d9", "e98e2182d895bced60595ddb9f14ba05cc760f1b8f7ec358cfe8b1854751bd86", "ba76dd54ba511aa7a43fcf1668f25ca0a98d82694f147bf7250ba19e71ea8a10"]}
{"event": "weights_published", "t": 1791392942.06673, "generation": 68, "child_sha256": "ba76dd54ba511aa7a43fcf1668f25ca0a98d82694f147bf7250ba19e71ea8a10"}
{"event": "generation_done", "t": 1791392942.0667825, "generation": 68, "parent_sha256": "e98e2182d895bced60595ddb9f14ba05cc760f1b8f7ec358cfe8b1854751bd86", "child_sha256": "ba76dd54ba511aa7a43fcf1668f25ca0a98d82694f147bf7250ba19e71ea8a10", "record_hash": "ee4c719a3e7319011bdb199a99d2465f4f534451181a331b71af917634ac879c", "mean_reward": 0.8177083333333334, "max_reward": 0.921875, "noop": false, "changed": 484236504, "applied_l2": 4.537633953743531, "requested_l2": 4.536893114165995, "wait_seconds": 89.70602600599523, "record_seconds": 0.00513535100617446, "update_seconds": 2.362302451998403, "publish_seconds": 0.020387587996083312, "total_seconds": 92.09385139699589}
{"event": "generation_open", "t": 1791392942.070469, "generation": 69, "parent_sha256": "ba76dd54ba511aa7a43fcf1668f25ca0a98d82694f147bf7250ba19e71ea8a10", "candidates": 24}
{"event": "generation_complete", "t": 1791393030.3687782, "generation": 69}
{"event": "update_recorded", "t": 1791393030.3713067, "generation": 69, "record_hash": "388d7ab2144d6403e05e47d0a8ae11c6ca1a7c70c78a145aa810d2f2b007c85a"}
{"event": "update_applied", "t": 1791393032.7117543, "generation": 69, "child_sha256": "cd671be19f7812c9876cc6ce0597867b511684ab6f8d8a40636feeb22f4b2d16", "noop": false, "changed": 484237185, "applied_l2": 4.537937300300993}
{"event": "weights_pruned", "t": 1791393032.736108, "removed": ["66bc344d8317aaed979ac08b13dba6184c70b677f263c3c3ec8fd8212f37b2d9"], "kept": ["e98e2182d895bced60595ddb9f14ba05cc760f1b8f7ec358cfe8b1854751bd86", "ba76dd54ba511aa7a43fcf1668f25ca0a98d82694f147bf7250ba19e71ea8a10", "cd671be19f7812c9876cc6ce0597867b511684ab6f8d8a40636feeb22f4b2d16"]}
{"event": "weights_published", "t": 1791393032.7361405, "generation": 69, "child_sha256": "cd671be19f7812c9876cc6ce0597867b511684ab6f8d8a40636feeb22f4b2d16"}
{"event": "generation_done", "t": 1791393032.736189, "generation": 69, "parent_sha256": "ba76dd54ba511aa7a43fcf1668f25ca0a98d82694f147bf7250ba19e71ea8a10", "child_sha256": "cd671be19f7812c9876cc6ce0597867b511684ab6f8d8a40636feeb22f4b2d16", "record_hash": "388d7ab2144d6403e05e47d0a8ae11c6ca1a7c70c78a145aa810d2f2b007c85a", "mean_reward": 0.8346354166666666, "max_reward": 0.96875, "noop": false, "changed": 484237185, "applied_l2": 4.537937300300993, "requested_l2": 4.537201651822789, "wait_seconds": 88.3018352930012, "record_seconds": 0.0026130090045626275, "update_seconds": 2.3404791559951263, "publish_seconds": 0.02438848499878077, "total_seconds": 90.66931594299967}
{"event": "generation_open", "t": 1791393032.7487931, "generation": 70, "parent_sha256": "cd671be19f7812c9876cc6ce0597867b511684ab6f8d8a40636feeb22f4b2d16", "candidates": 24}
{"event": "generation_complete", "t": 1791393123.5818307, "generation": 70}
{"event": "update_recorded", "t": 1791393123.5858836, "generation": 70, "record_hash": "48aeab679260ed73c3105cf8f63d47a646b87b3a3cbe3f9350284d3aa6238c6d"}
{"event": "update_applied", "t": 1791393125.9921746, "generation": 70, "child_sha256": "8d9f50082174b1ebd4c96bac279b5c97765c3d059213364578495f00c7e3ddfc", "noop": false, "changed": 484237933, "applied_l2": 4.537673594263781}
{"event": "weights_pruned", "t": 1791393126.0157776, "removed": ["e98e2182d895bced60595ddb9f14ba05cc760f1b8f7ec358cfe8b1854751bd86"], "kept": ["ba76dd54ba511aa7a43fcf1668f25ca0a98d82694f147bf7250ba19e71ea8a10", "cd671be19f7812c9876cc6ce0597867b511684ab6f8d8a40636feeb22f4b2d16", "8d9f50082174b1ebd4c96bac279b5c97765c3d059213364578495f00c7e3ddfc"]}
{"event": "weights_published", "t": 1791393126.015812, "generation": 70, "child_sha256": "8d9f50082174b1ebd4c96bac279b5c97765c3d059213364578495f00c7e3ddfc"}
{"event": "generation_done", "t": 1791393126.0158563, "generation": 70, "parent_sha256": "cd671be19f7812c9876cc6ce0597867b511684ab6f8d8a40636feeb22f4b2d16", "child_sha256": "8d9f50082174b1ebd4c96bac279b5c97765c3d059213364578495f00c7e3ddfc", "record_hash": "48aeab679260ed73c3105cf8f63d47a646b87b3a3cbe3f9350284d3aa6238c6d", "mean_reward": 0.826171875, "max_reward": 0.921875, "noop": false, "changed": 484237933, "applied_l2": 4.537673594263781, "requested_l2": 4.536935812082407, "wait_seconds": 90.84547804899921, "record_seconds": 0.004138415999477729, "update_seconds": 2.4063224630008335, "publish_seconds": 0.02363900999625912, "total_seconds": 93.27957793799578}
{"event": "generation_open", "t": 1791393126.0223851, "generation": 71, "parent_sha256": "8d9f50082174b1ebd4c96bac279b5c97765c3d059213364578495f00c7e3ddfc", "candidates": 24}
{"event": "generation_complete", "t": 1791393212.9077141, "generation": 71}
{"event": "update_recorded", "t": 1791393212.9161458, "generation": 71, "record_hash": "af7249643e0ef3bfc58781b3099cc26977b001da3861d13fc2183123f219b9e5"}
{"event": "update_applied", "t": 1791393215.3071969, "generation": 71, "child_sha256": "05bf02e2d71478dee04d1ebc21b63da1c8b581c01b4380b0af303c75adc6d342", "noop": false, "changed": 484236833, "applied_l2": 4.537721482944579}
{"event": "weights_pruned", "t": 1791393215.3318694, "removed": ["ba76dd54ba511aa7a43fcf1668f25ca0a98d82694f147bf7250ba19e71ea8a10"], "kept": ["cd671be19f7812c9876cc6ce0597867b511684ab6f8d8a40636feeb22f4b2d16", "8d9f50082174b1ebd4c96bac279b5c97765c3d059213364578495f00c7e3ddfc", "05bf02e2d71478dee04d1ebc21b63da1c8b581c01b4380b0af303c75adc6d342"]}
{"event": "weights_published", "t": 1791393215.3319042, "generation": 71, "child_sha256": "05bf02e2d71478dee04d1ebc21b63da1c8b581c01b4380b0af303c75adc6d342"}
{"event": "generation_done", "t": 1791393215.3319492, "generation": 71, "parent_sha256": "8d9f50082174b1ebd4c96bac279b5c97765c3d059213364578495f00c7e3ddfc", "child_sha256": "05bf02e2d71478dee04d1ebc21b63da1c8b581c01b4380b0af303c75adc6d342", "record_hash": "af7249643e0ef3bfc58781b3099cc26977b001da3861d13fc2183123f219b9e5", "mean_reward": 0.83203125, "max_reward": 0.953125, "noop": false, "changed": 484236833, "applied_l2": 4.537721482944579, "requested_l2": 4.536980264231148, "wait_seconds": 86.89169351499731, "record_seconds": 0.008518382004695013, "update_seconds": 2.3910831949979183, "publish_seconds": 0.024709056000574492, "total_seconds": 89.3160041480005}
{"event": "generation_open", "t": 1791393215.3409703, "generation": 72, "parent_sha256": "05bf02e2d71478dee04d1ebc21b63da1c8b581c01b4380b0af303c75adc6d342", "candidates": 24}
{"event": "generation_complete", "t": 1791393317.5744686, "generation": 72}
{"event": "update_recorded", "t": 1791393317.5828357, "generation": 72, "record_hash": "a9283e03dd71c4f29bbb1edebc0f9de52edffe781b387f60a83001cbba644c81"}
{"event": "update_applied", "t": 1791393319.949217, "generation": 72, "child_sha256": "e6059f6db96388eb9aaaa43aa9cfed59413d38e09c15d642b788d4a4c9a1fe0f", "noop": false, "changed": 484234218, "applied_l2": 4.537832286187125}
{"event": "weights_pruned", "t": 1791393319.9547293, "removed": ["cd671be19f7812c9876cc6ce0597867b511684ab6f8d8a40636feeb22f4b2d16"], "kept": ["8d9f50082174b1ebd4c96bac279b5c97765c3d059213364578495f00c7e3ddfc", "05bf02e2d71478dee04d1ebc21b63da1c8b581c01b4380b0af303c75adc6d342", "e6059f6db96388eb9aaaa43aa9cfed59413d38e09c15d642b788d4a4c9a1fe0f"]}
{"event": "weights_published", "t": 1791393319.9547536, "generation": 72, "child_sha256": "e6059f6db96388eb9aaaa43aa9cfed59413d38e09c15d642b788d4a4c9a1fe0f"}
{"event": "generation_done", "t": 1791393319.9547935, "generation": 72, "parent_sha256": "05bf02e2d71478dee04d1ebc21b63da1c8b581c01b4380b0af303c75adc6d342", "child_sha256": "e6059f6db96388eb9aaaa43aa9cfed59413d38e09c15d642b788d4a4c9a1fe0f", "record_hash": "a9283e03dd71c4f29bbb1edebc0f9de52edffe781b387f60a83001cbba644c81", "mean_reward": 0.7864583333333334, "max_reward": 0.890625, "noop": false, "changed": 484234218, "applied_l2": 4.537832286187125, "requested_l2": 4.5370979026822065, "wait_seconds": 102.24228986800154, "record_seconds": 0.008533283995348029, "update_seconds": 2.366403291001916, "publish_seconds": 0.005538274999707937, "total_seconds": 104.6227647179985}
{"event": "generation_open", "t": 1791393319.9613438, "generation": 73, "parent_sha256": "e6059f6db96388eb9aaaa43aa9cfed59413d38e09c15d642b788d4a4c9a1fe0f", "candidates": 24}
{"event": "generation_complete", "t": 1791393408.7987366, "generation": 73}
{"event": "update_recorded", "t": 1791393408.8025374, "generation": 73, "record_hash": "106d2dc6826444e8b32840f84e91e8d594601caf80e66d5aadd0d7e5d898de6c"}
{"event": "update_applied", "t": 1791393411.1462839, "generation": 73, "child_sha256": "5f1411088e87c9f0d35b583a88eb61f5adc1d7acc11ac8b49c58f4368ac56575", "noop": false, "changed": 484231490, "applied_l2": 4.537771335033623}
{"event": "weights_pruned", "t": 1791393411.1691658, "removed": ["8d9f50082174b1ebd4c96bac279b5c97765c3d059213364578495f00c7e3ddfc"], "kept": ["05bf02e2d71478dee04d1ebc21b63da1c8b581c01b4380b0af303c75adc6d342", "e6059f6db96388eb9aaaa43aa9cfed59413d38e09c15d642b788d4a4c9a1fe0f", "5f1411088e87c9f0d35b583a88eb61f5adc1d7acc11ac8b49c58f4368ac56575"]}
{"event": "weights_published", "t": 1791393411.1691937, "generation": 73, "child_sha256": "5f1411088e87c9f0d35b583a88eb61f5adc1d7acc11ac8b49c58f4368ac56575"}
{"event": "generation_done", "t": 1791393411.169238, "generation": 73, "parent_sha256": "e6059f6db96388eb9aaaa43aa9cfed59413d38e09c15d642b788d4a4c9a1fe0f", "child_sha256": "5f1411088e87c9f0d35b583a88eb61f5adc1d7acc11ac8b49c58f4368ac56575", "record_hash": "106d2dc6826444e8b32840f84e91e8d594601caf80e66d5aadd0d7e5d898de6c", "mean_reward": 0.8326822916666666, "max_reward": 0.96875, "noop": false, "changed": 484231490, "applied_l2": 4.537771335033623, "requested_l2": 4.537029221760002, "wait_seconds": 88.84377960799611, "record_seconds": 0.003888671999447979, "update_seconds": 2.3437779790037894, "publish_seconds": 0.02291125500050839, "total_seconds": 91.21435751399986}
{"event": "generation_open", "t": 1791393411.1759927, "generation": 74, "parent_sha256": "5f1411088e87c9f0d35b583a88eb61f5adc1d7acc11ac8b49c58f4368ac56575", "candidates": 24}
{"event": "generation_complete", "t": 1791393499.1548283, "generation": 74}
{"event": "update_recorded", "t": 1791393499.157872, "generation": 74, "record_hash": "9141a2395f90879aa3379ec5ccb844204eed68c842651eb9884447bf393d4c71"}
{"event": "update_applied", "t": 1791393501.5303059, "generation": 74, "child_sha256": "0147fb67e9901674be5f1e04cec83da898271b39adbc7973c3db500620b286f6", "noop": false, "changed": 484234303, "applied_l2": 4.537787102821358}
{"event": "weights_pruned", "t": 1791393501.5504303, "removed": ["05bf02e2d71478dee04d1ebc21b63da1c8b581c01b4380b0af303c75adc6d342"], "kept": ["e6059f6db96388eb9aaaa43aa9cfed59413d38e09c15d642b788d4a4c9a1fe0f", "5f1411088e87c9f0d35b583a88eb61f5adc1d7acc11ac8b49c58f4368ac56575", "0147fb67e9901674be5f1e04cec83da898271b39adbc7973c3db500620b286f6"]}
{"event": "weights_published", "t": 1791393501.5504606, "generation": 74, "child_sha256": "0147fb67e9901674be5f1e04cec83da898271b39adbc7973c3db500620b286f6"}
{"event": "generation_done", "t": 1791393501.550507, "generation": 74, "parent_sha256": "5f1411088e87c9f0d35b583a88eb61f5adc1d7acc11ac8b49c58f4368ac56575", "child_sha256": "0147fb67e9901674be5f1e04cec83da898271b39adbc7973c3db500620b286f6", "record_hash": "9141a2395f90879aa3379ec5ccb844204eed68c842651eb9884447bf393d4c71", "mean_reward": 0.8157552083333334, "max_reward": 0.921875, "noop": false, "changed": 484234303, "applied_l2": 4.537787102821358, "requested_l2": 4.537048967056766, "wait_seconds": 87.98542713899951, "record_seconds": 0.0031331390055129305, "update_seconds": 2.372465945998556, "publish_seconds": 0.02015667600062443, "total_seconds": 90.3811829000042}
{"event": "generation_open", "t": 1791393501.553549, "generation": 75, "parent_sha256": "0147fb67e9901674be5f1e04cec83da898271b39adbc7973c3db500620b286f6", "candidates": 24}
{"event": "generation_complete", "t": 1791393599.3142521, "generation": 75}
{"event": "update_recorded", "t": 1791393599.322165, "generation": 75, "record_hash": "54b203938ae3058f6cb8ba05461e6b58436010392f33cecb2ad1b1fd80849c02"}
{"event": "update_applied", "t": 1791393601.7112973, "generation": 75, "child_sha256": "4b6a7881f6f5871b47092db99d43a539c3f090a934d4c11b62bfcd84e32dce1a", "noop": false, "changed": 484234862, "applied_l2": 4.537609242067462}
{"event": "weights_pruned", "t": 1791393601.7343159, "removed": ["e6059f6db96388eb9aaaa43aa9cfed59413d38e09c15d642b788d4a4c9a1fe0f"], "kept": ["5f1411088e87c9f0d35b583a88eb61f5adc1d7acc11ac8b49c58f4368ac56575", "0147fb67e9901674be5f1e04cec83da898271b39adbc7973c3db500620b286f6", "4b6a7881f6f5871b47092db99d43a539c3f090a934d4c11b62bfcd84e32dce1a"]}
{"event": "weights_published", "t": 1791393601.7343478, "generation": 75, "child_sha256": "4b6a7881f6f5871b47092db99d43a539c3f090a934d4c11b62bfcd84e32dce1a"}
{"event": "generation_done", "t": 1791393601.734397, "generation": 75, "parent_sha256": "0147fb67e9901674be5f1e04cec83da898271b39adbc7973c3db500620b286f6", "child_sha256": "4b6a7881f6f5871b47092db99d43a539c3f090a934d4c11b62bfcd84e32dce1a", "record_hash": "54b203938ae3058f6cb8ba05461e6b58436010392f33cecb2ad1b1fd80849c02", "mean_reward": 0.8450520833333334, "max_reward": 0.9375, "noop": false, "changed": 484234862, "applied_l2": 4.537609242067462, "requested_l2": 4.536867935148252, "wait_seconds": 97.76351516399882, "record_seconds": 0.0080707800007076, "update_seconds": 2.389163245999953, "publish_seconds": 0.023052323995216284, "total_seconds": 100.1838015139947}
{"event": "generation_open", "t": 1791393601.7439182, "generation": 76, "parent_sha256": "4b6a7881f6f5871b47092db99d43a539c3f090a934d4c11b62bfcd84e32dce1a", "candidates": 24}
{"event": "generation_complete", "t": 1791393691.8396997, "generation": 76}
{"event": "update_recorded", "t": 1791393691.844653, "generation": 76, "record_hash": "7d2d0e462dfc71b73636990c33ed130e8e4512d0580feb834a47e521d70c215f"}
{"event": "update_applied", "t": 1791393694.193621, "generation": 76, "child_sha256": "d3c2bb729ecec9433160f37ab054d982dc40e527fa56196d3d8196f4e4c3a4ff", "noop": false, "changed": 484230526, "applied_l2": 4.537797385003714}
{"event": "weights_pruned", "t": 1791393694.2128546, "removed": ["5f1411088e87c9f0d35b583a88eb61f5adc1d7acc11ac8b49c58f4368ac56575"], "kept": ["0147fb67e9901674be5f1e04cec83da898271b39adbc7973c3db500620b286f6", "4b6a7881f6f5871b47092db99d43a539c3f090a934d4c11b62bfcd84e32dce1a", "d3c2bb729ecec9433160f37ab054d982dc40e527fa56196d3d8196f4e4c3a4ff"]}
{"event": "weights_published", "t": 1791393694.2128823, "generation": 76, "child_sha256": "d3c2bb729ecec9433160f37ab054d982dc40e527fa56196d3d8196f4e4c3a4ff"}
{"event": "generation_done", "t": 1791393694.2129304, "generation": 76, "parent_sha256": "4b6a7881f6f5871b47092db99d43a539c3f090a934d4c11b62bfcd84e32dce1a", "child_sha256": "d3c2bb729ecec9433160f37ab054d982dc40e527fa56196d3d8196f4e4c3a4ff", "record_hash": "7d2d0e462dfc71b73636990c33ed130e8e4512d0580feb834a47e521d70c215f", "mean_reward": 0.8522135416666666, "max_reward": 0.9375, "noop": false, "changed": 484230526, "applied_l2": 4.537797385003714, "requested_l2": 4.537054593923967, "wait_seconds": 90.10510821199568, "record_seconds": 0.00505550300294999, "update_seconds": 2.3490122910006903, "publish_seconds": 0.019263215996033978, "total_seconds": 92.47843922199536}
{"event": "generation_open", "t": 1791393694.220367, "generation": 77, "parent_sha256": "d3c2bb729ecec9433160f37ab054d982dc40e527fa56196d3d8196f4e4c3a4ff", "candidates": 24}
{"event": "generation_complete", "t": 1791393785.3808923, "generation": 77}
{"event": "update_recorded", "t": 1791393785.388575, "generation": 77, "record_hash": "193c4cf5fd337ed2ffeaecad8f88b3e1891cce7b9aa2e998b4332f883cffd574"}
{"event": "update_applied", "t": 1791393787.7732627, "generation": 77, "child_sha256": "e02964769b8e02fc09a4193a8d75f9b5f5a792ac6f1cc89ee196c6d62c3656af", "noop": false, "changed": 484227718, "applied_l2": 4.538018711854539}
{"event": "weights_pruned", "t": 1791393787.775409, "removed": ["0147fb67e9901674be5f1e04cec83da898271b39adbc7973c3db500620b286f6"], "kept": ["4b6a7881f6f5871b47092db99d43a539c3f090a934d4c11b62bfcd84e32dce1a", "d3c2bb729ecec9433160f37ab054d982dc40e527fa56196d3d8196f4e4c3a4ff", "e02964769b8e02fc09a4193a8d75f9b5f5a792ac6f1cc89ee196c6d62c3656af"]}
{"event": "weights_published", "t": 1791393787.7754354, "generation": 77, "child_sha256": "e02964769b8e02fc09a4193a8d75f9b5f5a792ac6f1cc89ee196c6d62c3656af"}
{"event": "generation_done", "t": 1791393787.7754757, "generation": 77, "parent_sha256": "d3c2bb729ecec9433160f37ab054d982dc40e527fa56196d3d8196f4e4c3a4ff", "child_sha256": "e02964769b8e02fc09a4193a8d75f9b5f5a792ac6f1cc89ee196c6d62c3656af", "record_hash": "193c4cf5fd337ed2ffeaecad8f88b3e1891cce7b9aa2e998b4332f883cffd574", "mean_reward": 0.8404947916666666, "max_reward": 0.9375, "noop": false, "changed": 484227718, "applied_l2": 4.538018711854539, "requested_l2": 4.5372808194036915, "wait_seconds": 91.1678005060021, "record_seconds": 0.007769238996843342, "update_seconds": 2.3847195190028287, "publish_seconds": 0.0021743289980804548, "total_seconds": 93.56246359299985}
{"event": "generation_open", "t": 1791393787.7783456, "generation": 78, "parent_sha256": "e02964769b8e02fc09a4193a8d75f9b5f5a792ac6f1cc89ee196c6d62c3656af", "candidates": 24}
{"event": "generation_complete", "t": 1791393880.0824192, "generation": 78}
{"event": "update_recorded", "t": 1791393880.0898364, "generation": 78, "record_hash": "12506719d8ae71e17f7fa3b4318ccd5ebfba62f9a838c99e0298096def02b2de"}
{"event": "update_applied", "t": 1791393882.455261, "generation": 78, "child_sha256": "8b08a93ffc757035c904e295dab1384cc7cea4694d0f4c65af1a530b1308211f", "noop": false, "changed": 484230262, "applied_l2": 4.537813390555132}
{"event": "weights_pruned", "t": 1791393882.4761808, "removed": ["4b6a7881f6f5871b47092db99d43a539c3f090a934d4c11b62bfcd84e32dce1a"], "kept": ["d3c2bb729ecec9433160f37ab054d982dc40e527fa56196d3d8196f4e4c3a4ff", "e02964769b8e02fc09a4193a8d75f9b5f5a792ac6f1cc89ee196c6d62c3656af", "8b08a93ffc757035c904e295dab1384cc7cea4694d0f4c65af1a530b1308211f"]}
{"event": "weights_published", "t": 1791393882.4762058, "generation": 78, "child_sha256": "8b08a93ffc757035c904e295dab1384cc7cea4694d0f4c65af1a530b1308211f"}
{"event": "generation_done", "t": 1791393882.4762485, "generation": 78, "parent_sha256": "e02964769b8e02fc09a4193a8d75f9b5f5a792ac6f1cc89ee196c6d62c3656af", "child_sha256": "8b08a93ffc757035c904e295dab1384cc7cea4694d0f4c65af1a530b1308211f", "record_hash": "12506719d8ae71e17f7fa3b4318ccd5ebfba62f9a838c99e0298096def02b2de", "mean_reward": 0.8274739583333334, "max_reward": 0.921875, "noop": false, "changed": 484230262, "applied_l2": 4.537813390555132, "requested_l2": 4.5370694957103135, "wait_seconds": 92.30678206499579, "record_seconds": 0.007520992003264837, "update_seconds": 2.3654414799966617, "publish_seconds": 0.020946540003933478, "total_seconds": 94.70069107699965}
{"event": "generation_open", "t": 1791393882.4802313, "generation": 79, "parent_sha256": "8b08a93ffc757035c904e295dab1384cc7cea4694d0f4c65af1a530b1308211f", "candidates": 24}
{"event": "generation_complete", "t": 1791393973.281453, "generation": 79}
{"event": "update_recorded", "t": 1791393973.2857785, "generation": 79, "record_hash": "d9ae9fa7d9fe5a661d3df6635397fa392bfa2bd769792d5b95d8aff7948e1031"}
{"event": "update_applied", "t": 1791393975.6937876, "generation": 79, "child_sha256": "abd78d73321cde0250b11a5a754ac3365357bb1cb9850631a5ef9444d9bcf74b", "noop": false, "changed": 484234327, "applied_l2": 4.537885120979424}
{"event": "weights_pruned", "t": 1791393975.7147195, "removed": ["d3c2bb729ecec9433160f37ab054d982dc40e527fa56196d3d8196f4e4c3a4ff"], "kept": ["e02964769b8e02fc09a4193a8d75f9b5f5a792ac6f1cc89ee196c6d62c3656af", "8b08a93ffc757035c904e295dab1384cc7cea4694d0f4c65af1a530b1308211f", "abd78d73321cde0250b11a5a754ac3365357bb1cb9850631a5ef9444d9bcf74b"]}
{"event": "weights_published", "t": 1791393975.7147448, "generation": 79, "child_sha256": "abd78d73321cde0250b11a5a754ac3365357bb1cb9850631a5ef9444d9bcf74b"}
{"event": "generation_done", "t": 1791393975.7147915, "generation": 79, "parent_sha256": "8b08a93ffc757035c904e295dab1384cc7cea4694d0f4c65af1a530b1308211f", "child_sha256": "abd78d73321cde0250b11a5a754ac3365357bb1cb9850631a5ef9444d9bcf74b", "record_hash": "d9ae9fa7d9fe5a661d3df6635397fa392bfa2bd769792d5b95d8aff7948e1031", "mean_reward": 0.8489583333333334, "max_reward": 0.9375, "noop": false, "changed": 484234327, "applied_l2": 4.537885120979424, "requested_l2": 4.537138985474136, "wait_seconds": 90.80503704900184, "record_seconds": 0.004416286996274721, "update_seconds": 2.40804067299905, "publish_seconds": 0.020958872999472078, "total_seconds": 93.23845288199664}
{"event": "generation_open", "t": 1791393975.718244, "generation": 80, "parent_sha256": "abd78d73321cde0250b11a5a754ac3365357bb1cb9850631a5ef9444d9bcf74b", "candidates": 24}
{"event": "generation_complete", "t": 1791394068.0756617, "generation": 80}
{"event": "update_recorded", "t": 1791394068.0839243, "generation": 80, "record_hash": "7d75de617830e7c4d18448dc551fd781163805b3a97425e45e8e4d1973277457"}
{"event": "update_applied", "t": 1791394070.4394538, "generation": 80, "child_sha256": "5cbb424103a2d526bd41173438ba61af5a5a8da847a4e7f5773213d70c561942", "noop": false, "changed": 484227765, "applied_l2": 4.537871748225614}
{"event": "weights_pruned", "t": 1791394070.4622946, "removed": ["e02964769b8e02fc09a4193a8d75f9b5f5a792ac6f1cc89ee196c6d62c3656af"], "kept": ["8b08a93ffc757035c904e295dab1384cc7cea4694d0f4c65af1a530b1308211f", "abd78d73321cde0250b11a5a754ac3365357bb1cb9850631a5ef9444d9bcf74b", "5cbb424103a2d526bd41173438ba61af5a5a8da847a4e7f5773213d70c561942"]}
{"event": "weights_published", "t": 1791394070.4623194, "generation": 80, "child_sha256": "5cbb424103a2d526bd41173438ba61af5a5a8da847a4e7f5773213d70c561942"}
{"event": "generation_done", "t": 1791394070.4623668, "generation": 80, "parent_sha256": "abd78d73321cde0250b11a5a754ac3365357bb1cb9850631a5ef9444d9bcf74b", "child_sha256": "5cbb424103a2d526bd41173438ba61af5a5a8da847a4e7f5773213d70c561942", "record_hash": "7d75de617830e7c4d18448dc551fd781163805b3a97425e45e8e4d1973277457", "mean_reward": 0.8528645833333334, "max_reward": 0.953125, "noop": false, "changed": 484227765, "applied_l2": 4.537871748225614, "requested_l2": 4.537125285762178, "wait_seconds": 92.36070673300128, "record_seconds": 0.008346390000951942, "update_seconds": 2.355567863000033, "publish_seconds": 0.022867434003273956, "total_seconds": 94.74748842000554}
{"event": "generation_open", "t": 1791394070.4715884, "generation": 81, "parent_sha256": "5cbb424103a2d526bd41173438ba61af5a5a8da847a4e7f5773213d70c561942", "candidates": 24}
{"event": "generation_complete", "t": 1791394163.295196, "generation": 81}
{"event": "update_recorded", "t": 1791394163.3031423, "generation": 81, "record_hash": "5d917eb3a81ef218abd374f5098e6c63e68fc9d5d8b30c8f4c3493011b6bb05d"}
{"event": "update_applied", "t": 1791394165.6963346, "generation": 81, "child_sha256": "6ac7d6b052aca6cc56b04a9f36a5e1daf19a2f257b4eeb24bd3b80873b448a96", "noop": false, "changed": 484230324, "applied_l2": 4.5377482570511685}
{"event": "weights_pruned", "t": 1791394165.7209287, "removed": ["8b08a93ffc757035c904e295dab1384cc7cea4694d0f4c65af1a530b1308211f"], "kept": ["abd78d73321cde0250b11a5a754ac3365357bb1cb9850631a5ef9444d9bcf74b", "5cbb424103a2d526bd41173438ba61af5a5a8da847a4e7f5773213d70c561942", "6ac7d6b052aca6cc56b04a9f36a5e1daf19a2f257b4eeb24bd3b80873b448a96"]}
{"event": "weights_published", "t": 1791394165.7209651, "generation": 81, "child_sha256": "6ac7d6b052aca6cc56b04a9f36a5e1daf19a2f257b4eeb24bd3b80873b448a96"}
{"event": "generation_done", "t": 1791394165.7210107, "generation": 81, "parent_sha256": "5cbb424103a2d526bd41173438ba61af5a5a8da847a4e7f5773213d70c561942", "child_sha256": "6ac7d6b052aca6cc56b04a9f36a5e1daf19a2f257b4eeb24bd3b80873b448a96", "record_hash": "5d917eb3a81ef218abd374f5098e6c63e68fc9d5d8b30c8f4c3493011b6bb05d", "mean_reward": 0.8326822916666666, "max_reward": 0.921875, "noop": false, "changed": 484230324, "applied_l2": 4.5377482570511685, "requested_l2": 4.537003802960123, "wait_seconds": 92.83261368599779, "record_seconds": 0.008080008999968413, "update_seconds": 2.393231973001093, "publish_seconds": 0.02463202599756187, "total_seconds": 95.25855769399641}
{"event": "generation_open", "t": 1791394165.7259228, "generation": 82, "parent_sha256": "6ac7d6b052aca6cc56b04a9f36a5e1daf19a2f257b4eeb24bd3b80873b448a96", "candidates": 24}
{"event": "generation_complete", "t": 1791394256.4123466, "generation": 82}
{"event": "update_recorded", "t": 1791394256.4206755, "generation": 82, "record_hash": "b644172431428ec768128f2cf5b1e75e642fd7262cfcfdd1df854ca8f153fcb7"}
{"event": "update_applied", "t": 1791394258.787619, "generation": 82, "child_sha256": "283418c04e54963079d97adbd9219defbc6cd3617c800406a6eb7d34bb8cd739", "noop": false, "changed": 484223631, "applied_l2": 4.537567966917285}
{"event": "weights_pruned", "t": 1791394258.7926185, "removed": ["abd78d73321cde0250b11a5a754ac3365357bb1cb9850631a5ef9444d9bcf74b"], "kept": ["5cbb424103a2d526bd41173438ba61af5a5a8da847a4e7f5773213d70c561942", "6ac7d6b052aca6cc56b04a9f36a5e1daf19a2f257b4eeb24bd3b80873b448a96", "283418c04e54963079d97adbd9219defbc6cd3617c800406a6eb7d34bb8cd739"]}
{"event": "weights_published", "t": 1791394258.792646, "generation": 82, "child_sha256": "283418c04e54963079d97adbd9219defbc6cd3617c800406a6eb7d34bb8cd739"}
{"event": "generation_done", "t": 1791394258.7926857, "generation": 82, "parent_sha256": "6ac7d6b052aca6cc56b04a9f36a5e1daf19a2f257b4eeb24bd3b80873b448a96", "child_sha256": "283418c04e54963079d97adbd9219defbc6cd3617c800406a6eb7d34bb8cd739", "record_hash": "b644172431428ec768128f2cf5b1e75e642fd7262cfcfdd1df854ca8f153fcb7", "mean_reward": 0.8515625, "max_reward": 0.9375, "noop": false, "changed": 484223631, "applied_l2": 4.537567966917285, "requested_l2": 4.536835178164793, "wait_seconds": 90.6911371860042, "record_seconds": 0.008445977997325826, "update_seconds": 2.36697842200374, "publish_seconds": 0.005028785999456886, "total_seconds": 93.07159037200472}
{"event": "generation_open", "t": 1791394258.7982755, "generation": 83, "parent_sha256": "283418c04e54963079d97adbd9219defbc6cd3617c800406a6eb7d34bb8cd739", "candidates": 24}
{"event": "generation_complete", "t": 1791394348.3174026, "generation": 83}
{"event": "update_recorded", "t": 1791394348.3214362, "generation": 83, "record_hash": "8d4a5eb88a4211a65c08d6a79e5e1d71fc1b5ad0c0642e5bae4d20707bdc6399"}
{"event": "update_applied", "t": 1791394350.692245, "generation": 83, "child_sha256": "20a6b350988b00db90e55708908fa3586252ae267425ca4c3c81c89b0e7b82bb", "noop": false, "changed": 484224560, "applied_l2": 4.537739603119011}
{"event": "weights_pruned", "t": 1791394350.7132409, "removed": ["5cbb424103a2d526bd41173438ba61af5a5a8da847a4e7f5773213d70c561942"], "kept": ["6ac7d6b052aca6cc56b04a9f36a5e1daf19a2f257b4eeb24bd3b80873b448a96", "283418c04e54963079d97adbd9219defbc6cd3617c800406a6eb7d34bb8cd739", "20a6b350988b00db90e55708908fa3586252ae267425ca4c3c81c89b0e7b82bb"]}
{"event": "weights_published", "t": 1791394350.7132688, "generation": 83, "child_sha256": "20a6b350988b00db90e55708908fa3586252ae267425ca4c3c81c89b0e7b82bb"}
{"event": "generation_done", "t": 1791394350.7133114, "generation": 83, "parent_sha256": "283418c04e54963079d97adbd9219defbc6cd3617c800406a6eb7d34bb8cd739", "child_sha256": "20a6b350988b00db90e55708908fa3586252ae267425ca4c3c81c89b0e7b82bb", "record_hash": "8d4a5eb88a4211a65c08d6a79e5e1d71fc1b5ad0c0642e5bae4d20707bdc6399", "mean_reward": 0.86328125, "max_reward": 0.953125, "noop": false, "changed": 484224560, "applied_l2": 4.537739603119011, "requested_l2": 4.537011804428448, "wait_seconds": 89.52455832800479, "record_seconds": 0.004109109999262728, "update_seconds": 2.3708458229957614, "publish_seconds": 0.0210320190017228, "total_seconds": 91.92054528000153}
{"event": "generation_open", "t": 1791394350.7171354, "generation": 84, "parent_sha256": "20a6b350988b00db90e55708908fa3586252ae267425ca4c3c81c89b0e7b82bb", "candidates": 24}
{"event": "generation_complete", "t": 1791394442.269283, "generation": 84}
{"event": "update_recorded", "t": 1791394442.2739732, "generation": 84, "record_hash": "f8a8a297b15caaa3dd05b884f53f17c4bdf8d991ce9c159a0ef5b8f3ff764463"}
{"event": "update_applied", "t": 1791394444.62038, "generation": 84, "child_sha256": "fa2f202689b6bd91b15e174f9522ef05cd171de7d151f74963f41c5b0afc660b", "noop": false, "changed": 484223454, "applied_l2": 4.537762638846224}
{"event": "weights_pruned", "t": 1791394444.640122, "removed": ["6ac7d6b052aca6cc56b04a9f36a5e1daf19a2f257b4eeb24bd3b80873b448a96"], "kept": ["283418c04e54963079d97adbd9219defbc6cd3617c800406a6eb7d34bb8cd739", "20a6b350988b00db90e55708908fa3586252ae267425ca4c3c81c89b0e7b82bb", "fa2f202689b6bd91b15e174f9522ef05cd171de7d151f74963f41c5b0afc660b"]}
{"event": "weights_published", "t": 1791394444.6401713, "generation": 84, "child_sha256": "fa2f202689b6bd91b15e174f9522ef05cd171de7d151f74963f41c5b0afc660b"}
{"event": "generation_done", "t": 1791394444.6402366, "generation": 84, "parent_sha256": "20a6b350988b00db90e55708908fa3586252ae267425ca4c3c81c89b0e7b82bb", "child_sha256": "fa2f202689b6bd91b15e174f9522ef05cd171de7d151f74963f41c5b0afc660b", "record_hash": "f8a8a297b15caaa3dd05b884f53f17c4bdf8d991ce9c159a0ef5b8f3ff764463", "mean_reward": 0.841796875, "max_reward": 0.9375, "noop": false, "changed": 484223454, "applied_l2": 4.537762638846224, "requested_l2": 4.5370202668279696, "wait_seconds": 91.5558128699995, "record_seconds": 0.004751544998725876, "update_seconds": 2.3464620110025862, "publish_seconds": 0.01979349899920635, "total_seconds": 93.92681992500002}
{"event": "generation_open", "t": 1791394444.6471884, "generation": 85, "parent_sha256": "fa2f202689b6bd91b15e174f9522ef05cd171de7d151f74963f41c5b0afc660b", "candidates": 24}
{"event": "generation_complete", "t": 1791394537.293472, "generation": 85}
{"event": "update_recorded", "t": 1791394537.3014255, "generation": 85, "record_hash": "a765611a411964e043ed1d4057ec7f41e8c8d138e410ae8befc33349178eb00e"}
{"event": "update_applied", "t": 1791394539.6850028, "generation": 85, "child_sha256": "265d14a9eb40501feb1a5036f756bceac6fcec49cdeee1f715a39be96b51a9f9", "noop": false, "changed": 484229072, "applied_l2": 4.537876470122585}
{"event": "weights_pruned", "t": 1791394539.7044291, "removed": ["283418c04e54963079d97adbd9219defbc6cd3617c800406a6eb7d34bb8cd739"], "kept": ["20a6b350988b00db90e55708908fa3586252ae267425ca4c3c81c89b0e7b82bb", "fa2f202689b6bd91b15e174f9522ef05cd171de7d151f74963f41c5b0afc660b", "265d14a9eb40501feb1a5036f756bceac6fcec49cdeee1f715a39be96b51a9f9"]}
{"event": "weights_published", "t": 1791394539.7044613, "generation": 85, "child_sha256": "265d14a9eb40501feb1a5036f756bceac6fcec49cdeee1f715a39be96b51a9f9"}
{"event": "generation_done", "t": 1791394539.7045171, "generation": 85, "parent_sha256": "fa2f202689b6bd91b15e174f9522ef05cd171de7d151f74963f41c5b0afc660b", "child_sha256": "265d14a9eb40501feb1a5036f756bceac6fcec49cdeee1f715a39be96b51a9f9", "record_hash": "a765611a411964e043ed1d4057ec7f41e8c8d138e410ae8befc33349178eb00e", "mean_reward": 0.87109375, "max_reward": 0.96875, "noop": false, "changed": 484229072, "applied_l2": 4.537876470122585, "requested_l2": 4.537133230526192, "wait_seconds": 92.6530663529993, "record_seconds": 0.008039232998271473, "update_seconds": 2.3836098190004122, "publish_seconds": 0.0194605020005838, "total_seconds": 95.06417590699857}
{"event": "generation_open", "t": 1791394539.7080898, "generation": 86, "parent_sha256": "265d14a9eb40501feb1a5036f756bceac6fcec49cdeee1f715a39be96b51a9f9", "candidates": 24}
{"event": "generation_complete", "t": 1791394632.6984313, "generation": 86}
{"event": "update_recorded", "t": 1791394632.7048512, "generation": 86, "record_hash": "432b4233983f9ae988dcd980b2707d98cda52b6e5d6ab5fb9a87d69e3d0e1631"}
{"event": "update_applied", "t": 1791394635.0870361, "generation": 86, "child_sha256": "406a59b733f43ce9b366629f59fa11fe3813e30ff3b8fc0983f820e8b1443ee9", "noop": false, "changed": 484225806, "applied_l2": 4.537889963163119}
{"event": "weights_pruned", "t": 1791394635.1099317, "removed": ["20a6b350988b00db90e55708908fa3586252ae267425ca4c3c81c89b0e7b82bb"], "kept": ["fa2f202689b6bd91b15e174f9522ef05cd171de7d151f74963f41c5b0afc660b", "265d14a9eb40501feb1a5036f756bceac6fcec49cdeee1f715a39be96b51a9f9", "406a59b733f43ce9b366629f59fa11fe3813e30ff3b8fc0983f820e8b1443ee9"]}
{"event": "weights_published", "t": 1791394635.1099596, "generation": 86, "child_sha256": "406a59b733f43ce9b366629f59fa11fe3813e30ff3b8fc0983f820e8b1443ee9"}
{"event": "generation_done", "t": 1791394635.1100075, "generation": 86, "parent_sha256": "265d14a9eb40501feb1a5036f756bceac6fcec49cdeee1f715a39be96b51a9f9", "child_sha256": "406a59b733f43ce9b366629f59fa11fe3813e30ff3b8fc0983f820e8b1443ee9", "record_hash": "432b4233983f9ae988dcd980b2707d98cda52b6e5d6ab5fb9a87d69e3d0e1631", "mean_reward": 0.8619791666666666, "max_reward": 0.921875, "noop": false, "changed": 484225806, "applied_l2": 4.537889963163119, "requested_l2": 4.53715154876837, "wait_seconds": 92.99375372799841, "record_seconds": 0.006505610996100586, "update_seconds": 2.3822166960017057, "publish_seconds": 0.022924889002752025, "total_seconds": 95.40540092399897}
{"event": "generation_open", "t": 1791394635.11717, "generation": 87, "parent_sha256": "406a59b733f43ce9b366629f59fa11fe3813e30ff3b8fc0983f820e8b1443ee9", "candidates": 24}
{"event": "generation_complete", "t": 1791394727.6258795, "generation": 87}
{"event": "update_recorded", "t": 1791394727.6342907, "generation": 87, "record_hash": "db90bef01723ac69f89a2f6ad61bc84d4cbdadcf506f293d18aadc6431f76ee3"}
{"event": "update_applied", "t": 1791394730.018229, "generation": 87, "child_sha256": "0a304fb5e2c976e07f2c239face437e663948afaa881c76055a48a2e4b968858", "noop": false, "changed": 484220574, "applied_l2": 4.537862417380266}
{"event": "weights_pruned", "t": 1791394730.023429, "removed": ["fa2f202689b6bd91b15e174f9522ef05cd171de7d151f74963f41c5b0afc660b"], "kept": ["265d14a9eb40501feb1a5036f756bceac6fcec49cdeee1f715a39be96b51a9f9", "406a59b733f43ce9b366629f59fa11fe3813e30ff3b8fc0983f820e8b1443ee9", "0a304fb5e2c976e07f2c239face437e663948afaa881c76055a48a2e4b968858"]}
{"event": "weights_published", "t": 1791394730.0234525, "generation": 87, "child_sha256": "0a304fb5e2c976e07f2c239face437e663948afaa881c76055a48a2e4b968858"}
{"event": "generation_done", "t": 1791394730.0234919, "generation": 87, "parent_sha256": "406a59b733f43ce9b366629f59fa11fe3813e30ff3b8fc0983f820e8b1443ee9", "child_sha256": "0a304fb5e2c976e07f2c239face437e663948afaa881c76055a48a2e4b968858", "record_hash": "db90bef01723ac69f89a2f6ad61bc84d4cbdadcf506f293d18aadc6431f76ee3", "mean_reward": 0.861328125, "max_reward": 0.9375, "noop": false, "changed": 484220574, "applied_l2": 4.537862417380266, "requested_l2": 4.537116371341113, "wait_seconds": 92.51571211600094, "record_seconds": 0.008496467999066226, "update_seconds": 2.3839667790016392, "publish_seconds": 0.005229370995948557, "total_seconds": 94.9134047339976}
{"event": "generation_open", "t": 1791394730.0279799, "generation": 88, "parent_sha256": "0a304fb5e2c976e07f2c239face437e663948afaa881c76055a48a2e4b968858", "candidates": 24}
{"event": "generation_complete", "t": 1791394818.787445, "generation": 88}
{"event": "update_recorded", "t": 1791394818.7914786, "generation": 88, "record_hash": "e125a84842900bd24bba35578faa72d74d4d03e2b751391fc701f7ffe51d9a84"}
{"event": "update_applied", "t": 1791394821.1886623, "generation": 88, "child_sha256": "3d6912f7763030eddd7c2f6c4730ba5cce8f734714d61d1979b946601387cec4", "noop": false, "changed": 484223660, "applied_l2": 4.537702349543548}
{"event": "weights_pruned", "t": 1791394821.212923, "removed": ["265d14a9eb40501feb1a5036f756bceac6fcec49cdeee1f715a39be96b51a9f9"], "kept": ["406a59b733f43ce9b366629f59fa11fe3813e30ff3b8fc0983f820e8b1443ee9", "0a304fb5e2c976e07f2c239face437e663948afaa881c76055a48a2e4b968858", "3d6912f7763030eddd7c2f6c4730ba5cce8f734714d61d1979b946601387cec4"]}
{"event": "weights_published", "t": 1791394821.2129483, "generation": 88, "child_sha256": "3d6912f7763030eddd7c2f6c4730ba5cce8f734714d61d1979b946601387cec4"}
{"event": "generation_done", "t": 1791394821.2129934, "generation": 88, "parent_sha256": "0a304fb5e2c976e07f2c239face437e663948afaa881c76055a48a2e4b968858", "child_sha256": "3d6912f7763030eddd7c2f6c4730ba5cce8f734714d61d1979b946601387cec4", "record_hash": "e125a84842900bd24bba35578faa72d74d4d03e2b751391fc701f7ffe51d9a84", "mean_reward": 0.85546875, "max_reward": 0.96875, "noop": false, "changed": 484223660, "applied_l2": 4.537702349543548, "requested_l2": 4.536963110620166, "wait_seconds": 88.76378856800147, "record_seconds": 0.004121425998164341, "update_seconds": 2.3972166780004045, "publish_seconds": 0.0242876400006935, "total_seconds": 91.18941431200074}
{"event": "generation_open", "t": 1791394821.2220898, "generation": 89, "parent_sha256": "3d6912f7763030eddd7c2f6c4730ba5cce8f734714d61d1979b946601387cec4", "candidates": 24}
{"event": "generation_complete", "t": 1791394910.3388667, "generation": 89}
{"event": "update_recorded", "t": 1791394910.346575, "generation": 89, "record_hash": "eed29c1ebfdaf94a252fb5866ed5a16f70e22d56be4762b0bf4ac8a2edc3e977"}
{"event": "update_applied", "t": 1791394912.7162547, "generation": 89, "child_sha256": "2a687623c7c28f905040c135720ae2180fe884c26c179c085b9f807d28cbb74f", "noop": false, "changed": 484221653, "applied_l2": 4.537861242903802}
{"event": "weights_pruned", "t": 1791394912.736864, "removed": ["406a59b733f43ce9b366629f59fa11fe3813e30ff3b8fc0983f820e8b1443ee9"], "kept": ["0a304fb5e2c976e07f2c239face437e663948afaa881c76055a48a2e4b968858", "3d6912f7763030eddd7c2f6c4730ba5cce8f734714d61d1979b946601387cec4", "2a687623c7c28f905040c135720ae2180fe884c26c179c085b9f807d28cbb74f"]}
{"event": "weights_published", "t": 1791394912.7368968, "generation": 89, "child_sha256": "2a687623c7c28f905040c135720ae2180fe884c26c179c085b9f807d28cbb74f"}
{"event": "generation_done", "t": 1791394912.7369485, "generation": 89, "parent_sha256": "3d6912f7763030eddd7c2f6c4730ba5cce8f734714d61d1979b946601387cec4", "child_sha256": "2a687623c7c28f905040c135720ae2180fe884c26c179c085b9f807d28cbb74f", "record_hash": "eed29c1ebfdaf94a252fb5866ed5a16f70e22d56be4762b0bf4ac8a2edc3e977", "mean_reward": 0.8391927083333334, "max_reward": 0.921875, "noop": false, "changed": 484221653, "applied_l2": 4.537861242903802, "requested_l2": 4.537113609840394, "wait_seconds": 89.12571009700332, "record_seconds": 0.00779703599982895, "update_seconds": 2.3697111130022677, "publish_seconds": 0.02064422599505633, "total_seconds": 91.52386247200047}
{"event": "generation_open", "t": 1791394912.7410479, "generation": 90, "parent_sha256": "2a687623c7c28f905040c135720ae2180fe884c26c179c085b9f807d28cbb74f", "candidates": 24}
{"event": "generation_complete", "t": 1791395004.858411, "generation": 90}
{"event": "update_recorded", "t": 1791395004.8660989, "generation": 90, "record_hash": "f4f2d95e7686de0cf65024e5b0c6e4d1c77fc7108943b07538f4cc6dc0083035"}
{"event": "update_applied", "t": 1791395007.2510886, "generation": 90, "child_sha256": "010c1ac94180bcb6da00e43a1f92d42b8969592ecf84bb4166a4142b289724d8", "noop": false, "changed": 484223297, "applied_l2": 4.53759876310311}
{"event": "weights_pruned", "t": 1791395007.275708, "removed": ["0a304fb5e2c976e07f2c239face437e663948afaa881c76055a48a2e4b968858"], "kept": ["3d6912f7763030eddd7c2f6c4730ba5cce8f734714d61d1979b946601387cec4", "2a687623c7c28f905040c135720ae2180fe884c26c179c085b9f807d28cbb74f", "010c1ac94180bcb6da00e43a1f92d42b8969592ecf84bb4166a4142b289724d8"]}
{"event": "weights_published", "t": 1791395007.2757337, "generation": 90, "child_sha256": "010c1ac94180bcb6da00e43a1f92d42b8969592ecf84bb4166a4142b289724d8"}
{"event": "generation_done", "t": 1791395007.2757792, "generation": 90, "parent_sha256": "2a687623c7c28f905040c135720ae2180fe884c26c179c085b9f807d28cbb74f", "child_sha256": "010c1ac94180bcb6da00e43a1f92d42b8969592ecf84bb4166a4142b289724d8", "record_hash": "f4f2d95e7686de0cf65024e5b0c6e4d1c77fc7108943b07538f4cc6dc0083035", "mean_reward": 0.8626302083333334, "max_reward": 0.96875, "noop": false, "changed": 484223297, "applied_l2": 4.53759876310311, "requested_l2": 4.536863570471121, "wait_seconds": 92.12130121600057, "record_seconds": 0.0077748469993821345, "update_seconds": 2.385021620000771, "publish_seconds": 0.02464692799549084, "total_seconds": 94.53874461099622}
{"event": "generation_open", "t": 1791395007.283106, "generation": 91, "parent_sha256": "010c1ac94180bcb6da00e43a1f92d42b8969592ecf84bb4166a4142b289724d8", "candidates": 24}
{"event": "generation_complete", "t": 1791395141.9573402, "generation": 91}
{"event": "update_recorded", "t": 1791395141.964396, "generation": 91, "record_hash": "9ac38100ed1b5f3f2e582eff0d78efa802287f38b167878527097bd2635239b8"}
{"event": "update_applied", "t": 1791395144.3172877, "generation": 91, "child_sha256": "538f39700cdb4b8b645e336caa6913f66ba4e53e252fd805573194c0271ad52e", "noop": false, "changed": 484218959, "applied_l2": 4.537684148639067}
{"event": "weights_pruned", "t": 1791395144.3384318, "removed": ["3d6912f7763030eddd7c2f6c4730ba5cce8f734714d61d1979b946601387cec4"], "kept": ["2a687623c7c28f905040c135720ae2180fe884c26c179c085b9f807d28cbb74f", "010c1ac94180bcb6da00e43a1f92d42b8969592ecf84bb4166a4142b289724d8", "538f39700cdb4b8b645e336caa6913f66ba4e53e252fd805573194c0271ad52e"]}
{"event": "weights_published", "t": 1791395144.3384576, "generation": 91, "child_sha256": "538f39700cdb4b8b645e336caa6913f66ba4e53e252fd805573194c0271ad52e"}
{"event": "generation_done", "t": 1791395144.3385046, "generation": 91, "parent_sha256": "010c1ac94180bcb6da00e43a1f92d42b8969592ecf84bb4166a4142b289724d8", "child_sha256": "538f39700cdb4b8b645e336caa6913f66ba4e53e252fd805573194c0271ad52e", "record_hash": "9ac38100ed1b5f3f2e582eff0d78efa802287f38b167878527097bd2635239b8", "mean_reward": 0.8684895833333334, "max_reward": 0.921875, "noop": false, "changed": 484218959, "applied_l2": 4.537684148639067, "requested_l2": 4.536945382644608, "wait_seconds": 134.68139809699642, "record_seconds": 0.007147836004151031, "update_seconds": 2.352915999996185, "publish_seconds": 0.021171901003981475, "total_seconds": 137.06263383400074}
{"event": "generation_open", "t": 1791395144.345737, "generation": 92, "parent_sha256": "538f39700cdb4b8b645e336caa6913f66ba4e53e252fd805573194c0271ad52e", "candidates": 24}
{"event": "generation_complete", "t": 1791395253.69066, "generation": 92}
{"event": "update_recorded", "t": 1791395253.6991744, "generation": 92, "record_hash": "69ef3d89e7f0632d8d0eb4afa601628620a84ce7b0c06c035fa099799b5bbd2e"}
{"event": "update_applied", "t": 1791395256.0733454, "generation": 92, "child_sha256": "ba1824347db5f1fa1d9763eaa99fcb6b8a71056ac85dd9863d99354f65119104", "noop": false, "changed": 484221802, "applied_l2": 4.537787759295176}
{"event": "weights_pruned", "t": 1791395256.079375, "removed": ["2a687623c7c28f905040c135720ae2180fe884c26c179c085b9f807d28cbb74f"], "kept": ["010c1ac94180bcb6da00e43a1f92d42b8969592ecf84bb4166a4142b289724d8", "538f39700cdb4b8b645e336caa6913f66ba4e53e252fd805573194c0271ad52e", "ba1824347db5f1fa1d9763eaa99fcb6b8a71056ac85dd9863d99354f65119104"]}
{"event": "weights_published", "t": 1791395256.079401, "generation": 92, "child_sha256": "ba1824347db5f1fa1d9763eaa99fcb6b8a71056ac85dd9863d99354f65119104"}
{"event": "generation_done", "t": 1791395256.0794435, "generation": 92, "parent_sha256": "538f39700cdb4b8b645e336caa6913f66ba4e53e252fd805573194c0271ad52e", "child_sha256": "ba1824347db5f1fa1d9763eaa99fcb6b8a71056ac85dd9863d99354f65119104", "record_hash": "69ef3d89e7f0632d8d0eb4afa601628620a84ce7b0c06c035fa099799b5bbd2e", "mean_reward": 0.8444010416666666, "max_reward": 0.921875, "noop": false, "changed": 484221802, "applied_l2": 4.537787759295176, "requested_l2": 4.537041029488073, "wait_seconds": 109.35192580899457, "record_seconds": 0.008672784999362193, "update_seconds": 2.3742022450023796, "publish_seconds": 0.006057619000785053, "total_seconds": 111.74085845799709}
{"event": "generation_open", "t": 1791395256.085822, "generation": 93, "parent_sha256": "ba1824347db5f1fa1d9763eaa99fcb6b8a71056ac85dd9863d99354f65119104", "candidates": 24}
{"event": "generation_complete", "t": 1791395367.7295055, "generation": 93}
{"event": "update_recorded", "t": 1791395367.7378306, "generation": 93, "record_hash": "c6fbfb34dccadde25e4f38f0d927c443d5a692862a38250ca345300a98d271f2"}
{"event": "update_applied", "t": 1791395370.1001503, "generation": 93, "child_sha256": "a363d08e81a2bc4519e333ede7500411ef4dd549e80f46ae2be2ff09f96c2c6d", "noop": false, "changed": 484216314, "applied_l2": 4.5377166166899}
{"event": "weights_pruned", "t": 1791395370.1232204, "removed": ["010c1ac94180bcb6da00e43a1f92d42b8969592ecf84bb4166a4142b289724d8"], "kept": ["538f39700cdb4b8b645e336caa6913f66ba4e53e252fd805573194c0271ad52e", "ba1824347db5f1fa1d9763eaa99fcb6b8a71056ac85dd9863d99354f65119104", "a363d08e81a2bc4519e333ede7500411ef4dd549e80f46ae2be2ff09f96c2c6d"]}
{"event": "weights_published", "t": 1791395370.1232498, "generation": 93, "child_sha256": "a363d08e81a2bc4519e333ede7500411ef4dd549e80f46ae2be2ff09f96c2c6d"}
{"event": "generation_done", "t": 1791395370.1232986, "generation": 93, "parent_sha256": "ba1824347db5f1fa1d9763eaa99fcb6b8a71056ac85dd9863d99354f65119104", "child_sha256": "a363d08e81a2bc4519e333ede7500411ef4dd549e80f46ae2be2ff09f96c2c6d", "record_hash": "c6fbfb34dccadde25e4f38f0d927c443d5a692862a38250ca345300a98d271f2", "mean_reward": 0.8216145833333334, "max_reward": 0.9375, "noop": false, "changed": 484216314, "applied_l2": 4.5377166166899, "requested_l2": 4.536978247994171, "wait_seconds": 111.6498299330051, "record_seconds": 0.00848336800117977, "update_seconds": 2.362352291995194, "publish_seconds": 0.023101347003830597, "total_seconds": 114.0437669400053}
{"event": "generation_open", "t": 1791395370.132684, "generation": 94, "parent_sha256": "a363d08e81a2bc4519e333ede7500411ef4dd549e80f46ae2be2ff09f96c2c6d", "candidates": 24}
{"event": "generation_complete", "t": 1791395479.349074, "generation": 94}
{"event": "update_recorded", "t": 1791395479.354013, "generation": 94, "record_hash": "4b2dae4ad38e3ed465743353b3af82fd72bc12aac94e6d9dd4ac965b1721b364"}
{"event": "update_applied", "t": 1791395481.73216, "generation": 94, "child_sha256": "bf30ad126010c41bef55d2e07953436fa0d3ad9c84be3f0d2e96a22ba0b9b1ae", "noop": false, "changed": 484217323, "applied_l2": 4.537477072844804}
{"event": "weights_pruned", "t": 1791395481.7569563, "removed": ["538f39700cdb4b8b645e336caa6913f66ba4e53e252fd805573194c0271ad52e"], "kept": ["ba1824347db5f1fa1d9763eaa99fcb6b8a71056ac85dd9863d99354f65119104", "a363d08e81a2bc4519e333ede7500411ef4dd549e80f46ae2be2ff09f96c2c6d", "bf30ad126010c41bef55d2e07953436fa0d3ad9c84be3f0d2e96a22ba0b9b1ae"]}
{"event": "weights_published", "t": 1791395481.7569857, "generation": 94, "child_sha256": "bf30ad126010c41bef55d2e07953436fa0d3ad9c84be3f0d2e96a22ba0b9b1ae"}
{"event": "generation_done", "t": 1791395481.757032, "generation": 94, "parent_sha256": "a363d08e81a2bc4519e333ede7500411ef4dd549e80f46ae2be2ff09f96c2c6d", "child_sha256": "bf30ad126010c41bef55d2e07953436fa0d3ad9c84be3f0d2e96a22ba0b9b1ae", "record_hash": "4b2dae4ad38e3ed465743353b3af82fd72bc12aac94e6d9dd4ac965b1721b364", "mean_reward": 0.8287760416666666, "max_reward": 0.953125, "noop": false, "changed": 484217323, "applied_l2": 4.537477072844804, "requested_l2": 4.536737505944418, "wait_seconds": 109.22553314499964, "record_seconds": 0.005094623993500136, "update_seconds": 2.3781847470017965, "publish_seconds": 0.024826993998431135, "total_seconds": 111.63363950999337}
{"event": "generation_open", "t": 1791395481.7652938, "generation": 95, "parent_sha256": "bf30ad126010c41bef55d2e07953436fa0d3ad9c84be3f0d2e96a22ba0b9b1ae", "candidates": 24}
{"event": "generation_complete", "t": 1791395592.401202, "generation": 95}
{"event": "update_recorded", "t": 1791395592.4051707, "generation": 95, "record_hash": "1ee726ff5539accadde0581dc67fcca7c9a4d894d48b3b271dadc2e1ada42c2d"}
{"event": "update_applied", "t": 1791395594.7748952, "generation": 95, "child_sha256": "b4b6ff88052de06521a141dee337b38000350b613d108273bb86d1f9804b6d45", "noop": false, "changed": 484221981, "applied_l2": 4.537848827185147}
{"event": "weights_pruned", "t": 1791395594.7951336, "removed": ["ba1824347db5f1fa1d9763eaa99fcb6b8a71056ac85dd9863d99354f65119104"], "kept": ["a363d08e81a2bc4519e333ede7500411ef4dd549e80f46ae2be2ff09f96c2c6d", "bf30ad126010c41bef55d2e07953436fa0d3ad9c84be3f0d2e96a22ba0b9b1ae", "b4b6ff88052de06521a141dee337b38000350b613d108273bb86d1f9804b6d45"]}
{"event": "weights_published", "t": 1791395594.7951632, "generation": 95, "child_sha256": "b4b6ff88052de06521a141dee337b38000350b613d108273bb86d1f9804b6d45"}
{"event": "generation_done", "t": 1791395594.7952113, "generation": 95, "parent_sha256": "bf30ad126010c41bef55d2e07953436fa0d3ad9c84be3f0d2e96a22ba0b9b1ae", "child_sha256": "b4b6ff88052de06521a141dee337b38000350b613d108273bb86d1f9804b6d45", "record_hash": "1ee726ff5539accadde0581dc67fcca7c9a4d894d48b3b271dadc2e1ada42c2d", "mean_reward": 0.833984375, "max_reward": 0.96875, "noop": false, "changed": 484221981, "applied_l2": 4.537848827185147, "requested_l2": 4.537104085727341, "wait_seconds": 110.64399485600006, "record_seconds": 0.004052908996527549, "update_seconds": 2.36975423500553, "publish_seconds": 0.02027230299427174, "total_seconds": 113.03807430299639}
{"event": "generation_open", "t": 1791395594.7993708, "generation": 96, "parent_sha256": "b4b6ff88052de06521a141dee337b38000350b613d108273bb86d1f9804b6d45", "candidates": 24}
{"event": "generation_complete", "t": 1791395702.4298797, "generation": 96}
{"event": "update_recorded", "t": 1791395702.4382265, "generation": 96, "record_hash": "614d8a8cbb6b5b5e9985078f30ecfad4c70ea5bd5af9e63c37e318a74cebcfb2"}
{"event": "update_applied", "t": 1791395704.8187659, "generation": 96, "child_sha256": "a042aa3088c4fc42ec48a819ea07118e4a75a127267f01a8f854d551e8a7926f", "noop": false, "changed": 484216673, "applied_l2": 4.537919225788035}
{"event": "weights_pruned", "t": 1791395704.8427145, "removed": ["a363d08e81a2bc4519e333ede7500411ef4dd549e80f46ae2be2ff09f96c2c6d"], "kept": ["bf30ad126010c41bef55d2e07953436fa0d3ad9c84be3f0d2e96a22ba0b9b1ae", "b4b6ff88052de06521a141dee337b38000350b613d108273bb86d1f9804b6d45", "a042aa3088c4fc42ec48a819ea07118e4a75a127267f01a8f854d551e8a7926f"]}
{"event": "weights_published", "t": 1791395704.8427393, "generation": 96, "child_sha256": "a042aa3088c4fc42ec48a819ea07118e4a75a127267f01a8f854d551e8a7926f"}
{"event": "generation_done", "t": 1791395704.842786, "generation": 96, "parent_sha256": "b4b6ff88052de06521a141dee337b38000350b613d108273bb86d1f9804b6d45", "child_sha256": "a042aa3088c4fc42ec48a819ea07118e4a75a127267f01a8f854d551e8a7926f", "record_hash": "614d8a8cbb6b5b5e9985078f30ecfad4c70ea5bd5af9e63c37e318a74cebcfb2", "mean_reward": 0.81640625, "max_reward": 0.953125, "noop": false, "changed": 484216673, "applied_l2": 4.537919225788035, "requested_l2": 4.537177492042584, "wait_seconds": 107.63443307299895, "record_seconds": 0.008507246995577589, "update_seconds": 2.3805723390032654, "publish_seconds": 0.02397540099627804, "total_seconds": 110.04748805999407}
{"event": "generation_open", "t": 1791395704.8516486, "generation": 97, "parent_sha256": "a042aa3088c4fc42ec48a819ea07118e4a75a127267f01a8f854d551e8a7926f", "candidates": 24}
{"event": "generation_complete", "t": 1791395812.4933035, "generation": 97}
{"event": "update_recorded", "t": 1791395812.501326, "generation": 97, "record_hash": "9a9c659c5a1f8ac3df6aff469b80caab71a43b71f0cd8ca5d41488b589dae5e3"}
{"event": "update_applied", "t": 1791395814.8657565, "generation": 97, "child_sha256": "89e997ac48b56cf53e3dadd630d9b399562b61fc5ae5021a5d3f526329ca88af", "noop": false, "changed": 484226489, "applied_l2": 4.537959687950291}
{"event": "weights_pruned", "t": 1791395814.867732, "removed": ["bf30ad126010c41bef55d2e07953436fa0d3ad9c84be3f0d2e96a22ba0b9b1ae"], "kept": ["b4b6ff88052de06521a141dee337b38000350b613d108273bb86d1f9804b6d45", "a042aa3088c4fc42ec48a819ea07118e4a75a127267f01a8f854d551e8a7926f", "89e997ac48b56cf53e3dadd630d9b399562b61fc5ae5021a5d3f526329ca88af"]}
{"event": "weights_published", "t": 1791395814.8677554, "generation": 97, "child_sha256": "89e997ac48b56cf53e3dadd630d9b399562b61fc5ae5021a5d3f526329ca88af"}
{"event": "generation_done", "t": 1791395814.867797, "generation": 97, "parent_sha256": "a042aa3088c4fc42ec48a819ea07118e4a75a127267f01a8f854d551e8a7926f", "child_sha256": "89e997ac48b56cf53e3dadd630d9b399562b61fc5ae5021a5d3f526329ca88af", "record_hash": "9a9c659c5a1f8ac3df6aff469b80caab71a43b71f0cd8ca5d41488b589dae5e3", "mean_reward": 0.8756510416666666, "max_reward": 0.953125, "noop": false, "changed": 484226489, "applied_l2": 4.537959687950291, "requested_l2": 4.537221169648223, "wait_seconds": 107.65014154499659, "record_seconds": 0.008312657002534252, "update_seconds": 2.3644726169950445, "publish_seconds": 0.0020006750055472367, "total_seconds": 110.02492749399971}
{"event": "generation_open", "t": 1791395814.870292, "generation": 98, "parent_sha256": "89e997ac48b56cf53e3dadd630d9b399562b61fc5ae5021a5d3f526329ca88af", "candidates": 24}
{"event": "generation_complete", "t": 1791395924.4539878, "generation": 98}
{"event": "update_recorded", "t": 1791395924.4581778, "generation": 98, "record_hash": "468a874366dc9adeb8cd7db195b2a510f328dddd4d6bc6acadb887c47d9db398"}
{"event": "update_applied", "t": 1791395926.8078444, "generation": 98, "child_sha256": "c22d3167ed89daadc9e436d1b4df783e43ce536bb06fff2cb97932abe3dd64cc", "noop": false, "changed": 484216666, "applied_l2": 4.537827219845939}
{"event": "weights_pruned", "t": 1791395926.8283167, "removed": ["b4b6ff88052de06521a141dee337b38000350b613d108273bb86d1f9804b6d45"], "kept": ["a042aa3088c4fc42ec48a819ea07118e4a75a127267f01a8f854d551e8a7926f", "89e997ac48b56cf53e3dadd630d9b399562b61fc5ae5021a5d3f526329ca88af", "c22d3167ed89daadc9e436d1b4df783e43ce536bb06fff2cb97932abe3dd64cc"]}
{"event": "weights_published", "t": 1791395926.828345, "generation": 98, "child_sha256": "c22d3167ed89daadc9e436d1b4df783e43ce536bb06fff2cb97932abe3dd64cc"}
{"event": "generation_done", "t": 1791395926.8283868, "generation": 98, "parent_sha256": "89e997ac48b56cf53e3dadd630d9b399562b61fc5ae5021a5d3f526329ca88af", "child_sha256": "c22d3167ed89daadc9e436d1b4df783e43ce536bb06fff2cb97932abe3dd64cc", "record_hash": "468a874366dc9adeb8cd7db195b2a510f328dddd4d6bc6acadb887c47d9db398", "mean_reward": 0.8580729166666666, "max_reward": 0.953125, "noop": false, "changed": 484216666, "applied_l2": 4.537827219845939, "requested_l2": 4.537081700004469, "wait_seconds": 109.58602188900113, "record_seconds": 0.0042887119998340495, "update_seconds": 2.349691219002125, "publish_seconds": 0.020501843995589297, "total_seconds": 111.96050366399868}
{"event": "generation_open", "t": 1791395926.8317883, "generation": 99, "parent_sha256": "c22d3167ed89daadc9e436d1b4df783e43ce536bb06fff2cb97932abe3dd64cc", "candidates": 24}
{"event": "generation_complete", "t": 1791396036.7204597, "generation": 99}
{"event": "update_recorded", "t": 1791396036.7267482, "generation": 99, "record_hash": "f9c95fb9bcd254f165a87eaaeac30fc8666dbff52934345b55431af2487a58fd"}
{"event": "update_applied", "t": 1791396039.0998237, "generation": 99, "child_sha256": "eb7296154e135dee3f9cbe679e429a5009ae66af2fb6e8ce677f1d3f2e29b9f5", "noop": false, "changed": 484218578, "applied_l2": 4.537481020863972}
{"event": "weights_pruned", "t": 1791396039.120229, "removed": ["a042aa3088c4fc42ec48a819ea07118e4a75a127267f01a8f854d551e8a7926f"], "kept": ["89e997ac48b56cf53e3dadd630d9b399562b61fc5ae5021a5d3f526329ca88af", "c22d3167ed89daadc9e436d1b4df783e43ce536bb06fff2cb97932abe3dd64cc", "eb7296154e135dee3f9cbe679e429a5009ae66af2fb6e8ce677f1d3f2e29b9f5"]}
{"event": "weights_published", "t": 1791396039.1202803, "generation": 99, "child_sha256": "eb7296154e135dee3f9cbe679e429a5009ae66af2fb6e8ce677f1d3f2e29b9f5"}
{"event": "generation_done", "t": 1791396039.1203432, "generation": 99, "parent_sha256": "c22d3167ed89daadc9e436d1b4df783e43ce536bb06fff2cb97932abe3dd64cc", "child_sha256": "eb7296154e135dee3f9cbe679e429a5009ae66af2fb6e8ce677f1d3f2e29b9f5", "record_hash": "f9c95fb9bcd254f165a87eaaeac30fc8666dbff52934345b55431af2487a58fd", "mean_reward": 0.8307291666666666, "max_reward": 0.9375, "noop": false, "changed": 484218578, "applied_l2": 4.537481020863972, "requested_l2": 4.536737103606418, "wait_seconds": 109.89183526600391, "record_seconds": 0.006419710996851791, "update_seconds": 2.3731393740017666, "publish_seconds": 0.020459489001950715, "total_seconds": 112.29185384000448}
wrote artifacts/experiments/2026-10-07-learning-runtime/runA/coordinator/summary.json: ok
